code,year,community
AUS,1946,pact:AUS
NZL,1946,pact:AUS
ARG,1946,pact:ARG
BOL,1946,pact:ARG
BRA,1946,pact:ARG
CHL,1946,pact:ARG
COL,1946,pact:ARG
CRI,1946,pact:ARG
CUB,1946,pact:ARG
DOM,1946,pact:ARG
ECU,1946,pact:ARG
GTM,1946,pact:ARG
HND,1946,pact:ARG
HTI,1946,pact:ARG
MEX,1946,pact:ARG
NIC,1946,pact:ARG
PAN,1946,pact:ARG
PER,1946,pact:ARG
PRY,1946,pact:ARG
URY,1946,pact:ARG
USA,1946,pact:ARG
VEN,1946,pact:ARG
ALB,1946,pact:ALB
CHN,1946,pact:ALB
CSK,1946,pact:ALB
EGY,1946,pact:ALB
FRA,1946,pact:ALB
GBR,1946,pact:ALB
IRN,1946,pact:ALB
IRQ,1946,pact:ALB
JOR,1946,pact:ALB
MNG,1946,pact:ALB
POL,1946,pact:ALB
PRT,1946,pact:ALB
RUS,1946,pact:ALB
YUG,1946,pact:ALB
AUS,1947,pact:AUS
NZL,1947,pact:AUS
ARG,1947,pact:ARG
BOL,1947,pact:ARG
BRA,1947,pact:ARG
CHL,1947,pact:ARG
COL,1947,pact:ARG
CRI,1947,pact:ARG
CUB,1947,pact:ARG
DOM,1947,pact:ARG
ECU,1947,pact:ARG
GTM,1947,pact:ARG
HND,1947,pact:ARG
HTI,1947,pact:ARG
MEX,1947,pact:ARG
NIC,1947,pact:ARG
PAN,1947,pact:ARG
PER,1947,pact:ARG
PRY,1947,pact:ARG
SLV,1947,pact:ARG
URY,1947,pact:ARG
USA,1947,pact:ARG
VEN,1947,pact:ARG
ALB,1947,pact:ALB
BGR,1947,pact:ALB
CHN,1947,pact:ALB
CSK,1947,pact:ALB
EGY,1947,pact:ALB
FRA,1947,pact:ALB
GBR,1947,pact:ALB
HUN,1947,pact:ALB
IRQ,1947,pact:ALB
JOR,1947,pact:ALB
MNG,1947,pact:ALB
POL,1947,pact:ALB
PRT,1947,pact:ALB
ROU,1947,pact:ALB
RUS,1947,pact:ALB
YUG,1947,pact:ALB
ALB,1948,pact:ALB
BGR,1948,pact:ALB
CHN,1948,pact:ALB
CSK,1948,pact:ALB
FIN,1948,pact:ALB
HUN,1948,pact:ALB
MNG,1948,pact:ALB
POL,1948,pact:ALB
ROU,1948,pact:ALB
RUS,1948,pact:ALB
YUG,1948,pact:ALB
AUS,1948,pact:AUS
NZL,1948,pact:AUS
ARG,1948,pact:ARG
BOL,1948,pact:ARG
BRA,1948,pact:ARG
CHL,1948,pact:ARG
COL,1948,pact:ARG
CRI,1948,pact:ARG
CUB,1948,pact:ARG
DOM,1948,pact:ARG
ECU,1948,pact:ARG
GTM,1948,pact:ARG
HND,1948,pact:ARG
HTI,1948,pact:ARG
MEX,1948,pact:ARG
NIC,1948,pact:ARG
PAN,1948,pact:ARG
PER,1948,pact:ARG
PRY,1948,pact:ARG
SLV,1948,pact:ARG
URY,1948,pact:ARG
USA,1948,pact:ARG
VEN,1948,pact:ARG
BEL,1948,pact:BEL
EGY,1948,pact:BEL
FRA,1948,pact:BEL
GBR,1948,pact:BEL
IRQ,1948,pact:BEL
JOR,1948,pact:BEL
LUX,1948,pact:BEL
NLD,1948,pact:BEL
PRT,1948,pact:BEL
AUS,1949,pact:AUS
NZL,1949,pact:AUS
ARG,1949,pact:ARG
BOL,1949,pact:ARG
BRA,1949,pact:ARG
CHL,1949,pact:ARG
COL,1949,pact:ARG
CRI,1949,pact:ARG
CUB,1949,pact:ARG
DOM,1949,pact:ARG
ECU,1949,pact:ARG
GTM,1949,pact:ARG
HND,1949,pact:ARG
HTI,1949,pact:ARG
MEX,1949,pact:ARG
NIC,1949,pact:ARG
PAN,1949,pact:ARG
PER,1949,pact:ARG
PRY,1949,pact:ARG
SLV,1949,pact:ARG
URY,1949,pact:ARG
VEN,1949,pact:ARG
ALB,1949,pact:ALB
BGR,1949,pact:ALB
CHN,1949,pact:ALB
CSK,1949,pact:ALB
FIN,1949,pact:ALB
HUN,1949,pact:ALB
MNG,1949,pact:ALB
POL,1949,pact:ALB
ROU,1949,pact:ALB
RUS,1949,pact:ALB
YUG,1949,pact:ALB
BEL,1949,pact:BEL
CAN,1949,pact:BEL
DNK,1949,pact:BEL
EGY,1949,pact:BEL
FRA,1949,pact:BEL
GBR,1949,pact:BEL
IRQ,1949,pact:BEL
ISL,1949,pact:BEL
ITA,1949,pact:BEL
JOR,1949,pact:BEL
LUX,1949,pact:BEL
NLD,1949,pact:BEL
NOR,1949,pact:BEL
PRT,1949,pact:BEL
USA,1949,pact:BEL
BEL,1950,pact:BEL
CAN,1950,pact:BEL
DNK,1950,pact:BEL
FRA,1950,pact:BEL
GBR,1950,pact:BEL
IRQ,1950,pact:BEL
ISL,1950,pact:BEL
ITA,1950,pact:BEL
JOR,1950,pact:BEL
LUX,1950,pact:BEL
NLD,1950,pact:BEL
NOR,1950,pact:BEL
PRT,1950,pact:BEL
USA,1950,pact:BEL
ALB,1950,pact:ALB
BGR,1950,pact:ALB
CHN,1950,pact:ALB
CSK,1950,pact:ALB
FIN,1950,pact:ALB
HUN,1950,pact:ALB
MNG,1950,pact:ALB
POL,1950,pact:ALB
ROU,1950,pact:ALB
RUS,1950,pact:ALB
AUS,1950,pact:AUS
NZL,1950,pact:AUS
ARG,1950,pact:ARG
BOL,1950,pact:ARG
BRA,1950,pact:ARG
CHL,1950,pact:ARG
COL,1950,pact:ARG
CRI,1950,pact:ARG
CUB,1950,pact:ARG
DOM,1950,pact:ARG
ECU,1950,pact:ARG
GTM,1950,pact:ARG
HND,1950,pact:ARG
HTI,1950,pact:ARG
MEX,1950,pact:ARG
NIC,1950,pact:ARG
PAN,1950,pact:ARG
PER,1950,pact:ARG
PRY,1950,pact:ARG
SLV,1950,pact:ARG
URY,1950,pact:ARG
VEN,1950,pact:ARG
EGY,1950,pact:EGY
LBN,1950,pact:EGY
SAU,1950,pact:EGY
SYR,1950,pact:EGY
YEM,1950,pact:EGY
AUS,1951,pact:AUS
BEL,1951,pact:AUS
CAN,1951,pact:AUS
DNK,1951,pact:AUS
FRA,1951,pact:AUS
GBR,1951,pact:AUS
GRC,1951,pact:AUS
IRQ,1951,pact:AUS
ISL,1951,pact:AUS
ITA,1951,pact:AUS
JOR,1951,pact:AUS
JPN,1951,pact:AUS
LUX,1951,pact:AUS
NLD,1951,pact:AUS
NOR,1951,pact:AUS
NZL,1951,pact:AUS
PHL,1951,pact:AUS
PRT,1951,pact:AUS
TUR,1951,pact:AUS
USA,1951,pact:AUS
ARG,1951,pact:ARG
BOL,1951,pact:ARG
BRA,1951,pact:ARG
CHL,1951,pact:ARG
COL,1951,pact:ARG
CRI,1951,pact:ARG
CUB,1951,pact:ARG
DOM,1951,pact:ARG
ECU,1951,pact:ARG
GTM,1951,pact:ARG
HND,1951,pact:ARG
HTI,1951,pact:ARG
MEX,1951,pact:ARG
NIC,1951,pact:ARG
PAN,1951,pact:ARG
PER,1951,pact:ARG
PRY,1951,pact:ARG
SLV,1951,pact:ARG
URY,1951,pact:ARG
VEN,1951,pact:ARG
ALB,1951,pact:ALB
BGR,1951,pact:ALB
CHN,1951,pact:ALB
CSK,1951,pact:ALB
FIN,1951,pact:ALB
HUN,1951,pact:ALB
MNG,1951,pact:ALB
POL,1951,pact:ALB
ROU,1951,pact:ALB
RUS,1951,pact:ALB
EGY,1951,pact:EGY
LBN,1951,pact:EGY
SAU,1951,pact:EGY
SYR,1951,pact:EGY
YEM,1951,pact:EGY
AUS,1952,pact:AUS
BEL,1952,pact:AUS
CAN,1952,pact:AUS
DNK,1952,pact:AUS
FRA,1952,pact:AUS
GBR,1952,pact:AUS
GRC,1952,pact:AUS
ISL,1952,pact:AUS
ITA,1952,pact:AUS
JPN,1952,pact:AUS
LUX,1952,pact:AUS
NLD,1952,pact:AUS
NOR,1952,pact:AUS
NZL,1952,pact:AUS
PHL,1952,pact:AUS
PRT,1952,pact:AUS
TUR,1952,pact:AUS
USA,1952,pact:AUS
ALB,1952,pact:ALB
BGR,1952,pact:ALB
CHN,1952,pact:ALB
CSK,1952,pact:ALB
FIN,1952,pact:ALB
HUN,1952,pact:ALB
MNG,1952,pact:ALB
POL,1952,pact:ALB
ROU,1952,pact:ALB
RUS,1952,pact:ALB
ARG,1952,pact:ARG
BOL,1952,pact:ARG
BRA,1952,pact:ARG
CHL,1952,pact:ARG
COL,1952,pact:ARG
CRI,1952,pact:ARG
CUB,1952,pact:ARG
DOM,1952,pact:ARG
ECU,1952,pact:ARG
GTM,1952,pact:ARG
HND,1952,pact:ARG
HTI,1952,pact:ARG
MEX,1952,pact:ARG
NIC,1952,pact:ARG
PAN,1952,pact:ARG
PER,1952,pact:ARG
PRY,1952,pact:ARG
SLV,1952,pact:ARG
URY,1952,pact:ARG
VEN,1952,pact:ARG
EGY,1952,pact:EGY
IRQ,1952,pact:EGY
JOR,1952,pact:EGY
LBN,1952,pact:EGY
SAU,1952,pact:EGY
SYR,1952,pact:EGY
YEM,1952,pact:EGY
ALB,1953,pact:ALB
BGR,1953,pact:ALB
CHN,1953,pact:ALB
CSK,1953,pact:ALB
FIN,1953,pact:ALB
HUN,1953,pact:ALB
MNG,1953,pact:ALB
POL,1953,pact:ALB
ROU,1953,pact:ALB
RUS,1953,pact:ALB
ARG,1953,pact:ARG
BOL,1953,pact:ARG
BRA,1953,pact:ARG
CHL,1953,pact:ARG
COL,1953,pact:ARG
CRI,1953,pact:ARG
CUB,1953,pact:ARG
DOM,1953,pact:ARG
ECU,1953,pact:ARG
GTM,1953,pact:ARG
HND,1953,pact:ARG
HTI,1953,pact:ARG
MEX,1953,pact:ARG
NIC,1953,pact:ARG
PAN,1953,pact:ARG
PER,1953,pact:ARG
PRY,1953,pact:ARG
SLV,1953,pact:ARG
URY,1953,pact:ARG
VEN,1953,pact:ARG
ARE,1953,pact:ARE
EGY,1953,pact:ARE
IRQ,1953,pact:ARE
JOR,1953,pact:ARE
LBN,1953,pact:ARE
SAU,1953,pact:ARE
SYR,1953,pact:ARE
TUN,1953,pact:ARE
YEM,1953,pact:ARE
AUS,1953,pact:AUS
BEL,1953,pact:AUS
CAN,1953,pact:AUS
DNK,1953,pact:AUS
FRA,1953,pact:AUS
GBR,1953,pact:AUS
GRC,1953,pact:AUS
ISL,1953,pact:AUS
ITA,1953,pact:AUS
JPN,1953,pact:AUS
KOR,1953,pact:AUS
LBY,1953,pact:AUS
LUX,1953,pact:AUS
NLD,1953,pact:AUS
NOR,1953,pact:AUS
NZL,1953,pact:AUS
PHL,1953,pact:AUS
PRT,1953,pact:AUS
TUR,1953,pact:AUS
USA,1953,pact:AUS
ALB,1954,pact:ALB
BGR,1954,pact:ALB
CHN,1954,pact:ALB
CSK,1954,pact:ALB
FIN,1954,pact:ALB
HUN,1954,pact:ALB
MNG,1954,pact:ALB
POL,1954,pact:ALB
ROU,1954,pact:ALB
RUS,1954,pact:ALB
ARG,1954,pact:ARG
BOL,1954,pact:ARG
BRA,1954,pact:ARG
CHL,1954,pact:ARG
COL,1954,pact:ARG
CRI,1954,pact:ARG
CUB,1954,pact:ARG
DOM,1954,pact:ARG
ECU,1954,pact:ARG
GTM,1954,pact:ARG
HND,1954,pact:ARG
HTI,1954,pact:ARG
MEX,1954,pact:ARG
NIC,1954,pact:ARG
PAN,1954,pact:ARG
PER,1954,pact:ARG
PRY,1954,pact:ARG
SLV,1954,pact:ARG
URY,1954,pact:ARG
VEN,1954,pact:ARG
ARE,1954,pact:ARE
EGY,1954,pact:ARE
IRQ,1954,pact:ARE
JOR,1954,pact:ARE
LBN,1954,pact:ARE
SAU,1954,pact:ARE
SYR,1954,pact:ARE
TUN,1954,pact:ARE
YEM,1954,pact:ARE
AUS,1954,pact:AUS
BEL,1954,pact:AUS
CAN,1954,pact:AUS
DNK,1954,pact:AUS
FRA,1954,pact:AUS
GBR,1954,pact:AUS
GER,1954,pact:AUS
GRC,1954,pact:AUS
ISL,1954,pact:AUS
ITA,1954,pact:AUS
JPN,1954,pact:AUS
KOR,1954,pact:AUS
LBY,1954,pact:AUS
LUX,1954,pact:AUS
NLD,1954,pact:AUS
NOR,1954,pact:AUS
NZL,1954,pact:AUS
PHL,1954,pact:AUS
PRT,1954,pact:AUS
TUR,1954,pact:AUS
TWN,1954,pact:AUS
USA,1954,pact:AUS
AUS,1955,pact:AUS
BEL,1955,pact:AUS
CAN,1955,pact:AUS
DNK,1955,pact:AUS
FRA,1955,pact:AUS
GBR,1955,pact:AUS
GER,1955,pact:AUS
GRC,1955,pact:AUS
ISL,1955,pact:AUS
ITA,1955,pact:AUS
JPN,1955,pact:AUS
KOR,1955,pact:AUS
LBY,1955,pact:AUS
LUX,1955,pact:AUS
NLD,1955,pact:AUS
NOR,1955,pact:AUS
NZL,1955,pact:AUS
PHL,1955,pact:AUS
PRT,1955,pact:AUS
TUR,1955,pact:AUS
TWN,1955,pact:AUS
USA,1955,pact:AUS
YUG,1955,pact:AUS
ALB,1955,pact:ALB
BGR,1955,pact:ALB
CHN,1955,pact:ALB
CSK,1955,pact:ALB
DDR,1955,pact:ALB
FIN,1955,pact:ALB
HUN,1955,pact:ALB
MNG,1955,pact:ALB
POL,1955,pact:ALB
ROU,1955,pact:ALB
RUS,1955,pact:ALB
ARG,1955,pact:ARG
BOL,1955,pact:ARG
BRA,1955,pact:ARG
CHL,1955,pact:ARG
COL,1955,pact:ARG
CRI,1955,pact:ARG
CUB,1955,pact:ARG
DOM,1955,pact:ARG
ECU,1955,pact:ARG
GTM,1955,pact:ARG
HND,1955,pact:ARG
HTI,1955,pact:ARG
MEX,1955,pact:ARG
NIC,1955,pact:ARG
PAN,1955,pact:ARG
PER,1955,pact:ARG
PRY,1955,pact:ARG
SLV,1955,pact:ARG
URY,1955,pact:ARG
VEN,1955,pact:ARG
ARE,1955,pact:ARE
EGY,1955,pact:ARE
IRQ,1955,pact:ARE
JOR,1955,pact:ARE
LBN,1955,pact:ARE
SAU,1955,pact:ARE
SYR,1955,pact:ARE
TUN,1955,pact:ARE
YEM,1955,pact:ARE
AUS,1956,pact:AUS
BEL,1956,pact:AUS
CAN,1956,pact:AUS
DNK,1956,pact:AUS
FRA,1956,pact:AUS
GBR,1956,pact:AUS
GER,1956,pact:AUS
GRC,1956,pact:AUS
ISL,1956,pact:AUS
ITA,1956,pact:AUS
JPN,1956,pact:AUS
KOR,1956,pact:AUS
LBY,1956,pact:AUS
LUX,1956,pact:AUS
NLD,1956,pact:AUS
NOR,1956,pact:AUS
NZL,1956,pact:AUS
PHL,1956,pact:AUS
PRT,1956,pact:AUS
TUR,1956,pact:AUS
TWN,1956,pact:AUS
USA,1956,pact:AUS
YUG,1956,pact:AUS
ALB,1956,pact:ALB
BGR,1956,pact:ALB
CHN,1956,pact:ALB
CSK,1956,pact:ALB
DDR,1956,pact:ALB
FIN,1956,pact:ALB
HUN,1956,pact:ALB
MNG,1956,pact:ALB
POL,1956,pact:ALB
ROU,1956,pact:ALB
RUS,1956,pact:ALB
ARG,1956,pact:ARG
BOL,1956,pact:ARG
BRA,1956,pact:ARG
CHL,1956,pact:ARG
COL,1956,pact:ARG
CRI,1956,pact:ARG
CUB,1956,pact:ARG
DOM,1956,pact:ARG
ECU,1956,pact:ARG
GTM,1956,pact:ARG
HND,1956,pact:ARG
HTI,1956,pact:ARG
MEX,1956,pact:ARG
NIC,1956,pact:ARG
PAN,1956,pact:ARG
PER,1956,pact:ARG
PRY,1956,pact:ARG
SLV,1956,pact:ARG
URY,1956,pact:ARG
VEN,1956,pact:ARG
ARE,1956,pact:ARE
EGY,1956,pact:ARE
IRQ,1956,pact:ARE
JOR,1956,pact:ARE
LBN,1956,pact:ARE
SAU,1956,pact:ARE
SYR,1956,pact:ARE
TUN,1956,pact:ARE
YEM,1956,pact:ARE
AUS,1957,pact:AUS
BEL,1957,pact:AUS
CAN,1957,pact:AUS
DNK,1957,pact:AUS
FRA,1957,pact:AUS
GBR,1957,pact:AUS
GER,1957,pact:AUS
GRC,1957,pact:AUS
ISL,1957,pact:AUS
ITA,1957,pact:AUS
JPN,1957,pact:AUS
KOR,1957,pact:AUS
LUX,1957,pact:AUS
MYS,1957,pact:AUS
NLD,1957,pact:AUS
NOR,1957,pact:AUS
NZL,1957,pact:AUS
PHL,1957,pact:AUS
PRT,1957,pact:AUS
TUR,1957,pact:AUS
TWN,1957,pact:AUS
USA,1957,pact:AUS
YUG,1957,pact:AUS
ALB,1957,pact:ALB
BGR,1957,pact:ALB
CHN,1957,pact:ALB
CSK,1957,pact:ALB
DDR,1957,pact:ALB
FIN,1957,pact:ALB
HUN,1957,pact:ALB
MNG,1957,pact:ALB
POL,1957,pact:ALB
ROU,1957,pact:ALB
RUS,1957,pact:ALB
ARG,1957,pact:ARG
BOL,1957,pact:ARG
BRA,1957,pact:ARG
CHL,1957,pact:ARG
COL,1957,pact:ARG
CRI,1957,pact:ARG
CUB,1957,pact:ARG
DOM,1957,pact:ARG
ECU,1957,pact:ARG
GTM,1957,pact:ARG
HND,1957,pact:ARG
HTI,1957,pact:ARG
MEX,1957,pact:ARG
NIC,1957,pact:ARG
PAN,1957,pact:ARG
PER,1957,pact:ARG
PRY,1957,pact:ARG
SLV,1957,pact:ARG
URY,1957,pact:ARG
VEN,1957,pact:ARG
ARE,1957,pact:ARE
EGY,1957,pact:ARE
IRQ,1957,pact:ARE
JOR,1957,pact:ARE
LBN,1957,pact:ARE
LBY,1957,pact:ARE
SAU,1957,pact:ARE
SYR,1957,pact:ARE
TUN,1957,pact:ARE
YEM,1957,pact:ARE
AUS,1958,pact:AUS
BEL,1958,pact:AUS
CAN,1958,pact:AUS
DNK,1958,pact:AUS
FRA,1958,pact:AUS
GBR,1958,pact:AUS
GER,1958,pact:AUS
GRC,1958,pact:AUS
ISL,1958,pact:AUS
ITA,1958,pact:AUS
JPN,1958,pact:AUS
KOR,1958,pact:AUS
LUX,1958,pact:AUS
MYS,1958,pact:AUS
NLD,1958,pact:AUS
NOR,1958,pact:AUS
NZL,1958,pact:AUS
PHL,1958,pact:AUS
PRT,1958,pact:AUS
TUR,1958,pact:AUS
TWN,1958,pact:AUS
USA,1958,pact:AUS
YUG,1958,pact:AUS
ALB,1958,pact:ALB
BGR,1958,pact:ALB
CHN,1958,pact:ALB
CSK,1958,pact:ALB
DDR,1958,pact:ALB
FIN,1958,pact:ALB
HUN,1958,pact:ALB
MNG,1958,pact:ALB
POL,1958,pact:ALB
ROU,1958,pact:ALB
RUS,1958,pact:ALB
ARG,1958,pact:ARG
BOL,1958,pact:ARG
BRA,1958,pact:ARG
CHL,1958,pact:ARG
COL,1958,pact:ARG
CRI,1958,pact:ARG
CUB,1958,pact:ARG
DOM,1958,pact:ARG
ECU,1958,pact:ARG
GTM,1958,pact:ARG
HND,1958,pact:ARG
HTI,1958,pact:ARG
MEX,1958,pact:ARG
NIC,1958,pact:ARG
PAN,1958,pact:ARG
PER,1958,pact:ARG
PRY,1958,pact:ARG
SLV,1958,pact:ARG
URY,1958,pact:ARG
VEN,1958,pact:ARG
ARE,1958,pact:ARE
EGY,1958,pact:ARE
IRQ,1958,pact:ARE
JOR,1958,pact:ARE
LBN,1958,pact:ARE
LBY,1958,pact:ARE
SAU,1958,pact:ARE
SYR,1958,pact:ARE
TUN,1958,pact:ARE
YEM,1958,pact:ARE
AUS,1959,pact:AUS
BEL,1959,pact:AUS
CAN,1959,pact:AUS
DNK,1959,pact:AUS
FRA,1959,pact:AUS
GBR,1959,pact:AUS
GER,1959,pact:AUS
GRC,1959,pact:AUS
ISL,1959,pact:AUS
ITA,1959,pact:AUS
JPN,1959,pact:AUS
KOR,1959,pact:AUS
LUX,1959,pact:AUS
MYS,1959,pact:AUS
NLD,1959,pact:AUS
NOR,1959,pact:AUS
NZL,1959,pact:AUS
PAK,1959,pact:AUS
PHL,1959,pact:AUS
PRT,1959,pact:AUS
TUR,1959,pact:AUS
TWN,1959,pact:AUS
USA,1959,pact:AUS
YUG,1959,pact:AUS
ARG,1959,pact:ARG
BOL,1959,pact:ARG
BRA,1959,pact:ARG
CHL,1959,pact:ARG
COL,1959,pact:ARG
CRI,1959,pact:ARG
CUB,1959,pact:ARG
DOM,1959,pact:ARG
ECU,1959,pact:ARG
GTM,1959,pact:ARG
HND,1959,pact:ARG
HTI,1959,pact:ARG
MEX,1959,pact:ARG
NIC,1959,pact:ARG
PAN,1959,pact:ARG
PER,1959,pact:ARG
PRY,1959,pact:ARG
SLV,1959,pact:ARG
URY,1959,pact:ARG
VEN,1959,pact:ARG
ALB,1959,pact:ALB
BGR,1959,pact:ALB
CHN,1959,pact:ALB
CSK,1959,pact:ALB
DDR,1959,pact:ALB
FIN,1959,pact:ALB
HUN,1959,pact:ALB
MNG,1959,pact:ALB
POL,1959,pact:ALB
ROU,1959,pact:ALB
RUS,1959,pact:ALB
ARE,1959,pact:ARE
EGY,1959,pact:ARE
IRQ,1959,pact:ARE
JOR,1959,pact:ARE
LBN,1959,pact:ARE
LBY,1959,pact:ARE
SAU,1959,pact:ARE
SYR,1959,pact:ARE
TUN,1959,pact:ARE
YEM,1959,pact:ARE
ALB,1960,pact:ALB
BGR,1960,pact:ALB
CHN,1960,pact:ALB
CSK,1960,pact:ALB
DDR,1960,pact:ALB
FIN,1960,pact:ALB
HUN,1960,pact:ALB
MNG,1960,pact:ALB
POL,1960,pact:ALB
ROU,1960,pact:ALB
RUS,1960,pact:ALB
AUS,1960,pact:AUS
BEL,1960,pact:AUS
CAF,1960,pact:AUS
CAN,1960,pact:AUS
COG,1960,pact:AUS
CYP,1960,pact:AUS
DNK,1960,pact:AUS
FRA,1960,pact:AUS
GAB,1960,pact:AUS
GBR,1960,pact:AUS
GER,1960,pact:AUS
GRC,1960,pact:AUS
ISL,1960,pact:AUS
ITA,1960,pact:AUS
JPN,1960,pact:AUS
KOR,1960,pact:AUS
LUX,1960,pact:AUS
MYS,1960,pact:AUS
NLD,1960,pact:AUS
NOR,1960,pact:AUS
NZL,1960,pact:AUS
PAK,1960,pact:AUS
PHL,1960,pact:AUS
PRT,1960,pact:AUS
TCD,1960,pact:AUS
TUR,1960,pact:AUS
TWN,1960,pact:AUS
USA,1960,pact:AUS
YUG,1960,pact:AUS
ARG,1960,pact:ARG
BOL,1960,pact:ARG
BRA,1960,pact:ARG
CHL,1960,pact:ARG
COL,1960,pact:ARG
CRI,1960,pact:ARG
CUB,1960,pact:ARG
DOM,1960,pact:ARG
ECU,1960,pact:ARG
GTM,1960,pact:ARG
HND,1960,pact:ARG
HTI,1960,pact:ARG
MEX,1960,pact:ARG
NIC,1960,pact:ARG
PAN,1960,pact:ARG
PER,1960,pact:ARG
PRY,1960,pact:ARG
SLV,1960,pact:ARG
URY,1960,pact:ARG
VEN,1960,pact:ARG
ARE,1960,pact:ARE
EGY,1960,pact:ARE
IRQ,1960,pact:ARE
JOR,1960,pact:ARE
LBN,1960,pact:ARE
LBY,1960,pact:ARE
SAU,1960,pact:ARE
SYR,1960,pact:ARE
TUN,1960,pact:ARE
YEM,1960,pact:ARE
ALB,1961,pact:ALB
BGR,1961,pact:ALB
CHN,1961,pact:ALB
CSK,1961,pact:ALB
DDR,1961,pact:ALB
FIN,1961,pact:ALB
HUN,1961,pact:ALB
MNG,1961,pact:ALB
POL,1961,pact:ALB
PRK,1961,pact:ALB
ROU,1961,pact:ALB
RUS,1961,pact:ALB
ARG,1961,pact:ARG
BOL,1961,pact:ARG
BRA,1961,pact:ARG
CHL,1961,pact:ARG
COL,1961,pact:ARG
CRI,1961,pact:ARG
CUB,1961,pact:ARG
DOM,1961,pact:ARG
ECU,1961,pact:ARG
GTM,1961,pact:ARG
HND,1961,pact:ARG
HTI,1961,pact:ARG
MEX,1961,pact:ARG
NIC,1961,pact:ARG
PAN,1961,pact:ARG
PER,1961,pact:ARG
PRY,1961,pact:ARG
SLV,1961,pact:ARG
URY,1961,pact:ARG
VEN,1961,pact:ARG
ARE,1961,pact:ARE
EGY,1961,pact:ARE
IRQ,1961,pact:ARE
JOR,1961,pact:ARE
KWT,1961,pact:ARE
LBN,1961,pact:ARE
LBY,1961,pact:ARE
MAR,1961,pact:ARE
SAU,1961,pact:ARE
SYR,1961,pact:ARE
TUN,1961,pact:ARE
YEM,1961,pact:ARE
AUS,1961,pact:AUS
BEL,1961,pact:AUS
CAN,1961,pact:AUS
CYP,1961,pact:AUS
DNK,1961,pact:AUS
FRA,1961,pact:AUS
GBR,1961,pact:AUS
GER,1961,pact:AUS
GRC,1961,pact:AUS
ISL,1961,pact:AUS
ITA,1961,pact:AUS
JPN,1961,pact:AUS
KOR,1961,pact:AUS
LUX,1961,pact:AUS
MYS,1961,pact:AUS
NLD,1961,pact:AUS
NOR,1961,pact:AUS
NZL,1961,pact:AUS
PAK,1961,pact:AUS
PHL,1961,pact:AUS
PRT,1961,pact:AUS
TUR,1961,pact:AUS
TWN,1961,pact:AUS
USA,1961,pact:AUS
YUG,1961,pact:AUS
GHA,1961,pact:GHA
GIN,1961,pact:GHA
MLI,1961,pact:GHA
BEN,1961,pact:BEN
BFA,1961,pact:BEN
CAF,1961,pact:BEN
CIV,1961,pact:BEN
CMR,1961,pact:BEN
COG,1961,pact:BEN
GAB,1961,pact:BEN
MDG,1961,pact:BEN
MRT,1961,pact:BEN
NER,1961,pact:BEN
SEN,1961,pact:BEN
TCD,1961,pact:BEN
ALB,1962,pact:ALB
BGR,1962,pact:ALB
CHN,1962,pact:ALB
CSK,1962,pact:ALB
DDR,1962,pact:ALB
FIN,1962,pact:ALB
HUN,1962,pact:ALB
MNG,1962,pact:ALB
POL,1962,pact:ALB
PRK,1962,pact:ALB
ROU,1962,pact:ALB
RUS,1962,pact:ALB
ARG,1962,pact:ARG
BOL,1962,pact:ARG
BRA,1962,pact:ARG
CHL,1962,pact:ARG
COL,1962,pact:ARG
CRI,1962,pact:ARG
CUB,1962,pact:ARG
DOM,1962,pact:ARG
ECU,1962,pact:ARG
GTM,1962,pact:ARG
HND,1962,pact:ARG
HTI,1962,pact:ARG
MEX,1962,pact:ARG
NIC,1962,pact:ARG
PAN,1962,pact:ARG
PER,1962,pact:ARG
PRY,1962,pact:ARG
SLV,1962,pact:ARG
URY,1962,pact:ARG
VEN,1962,pact:ARG
ARE,1962,pact:ARE
EGY,1962,pact:ARE
IRQ,1962,pact:ARE
JOR,1962,pact:ARE
KWT,1962,pact:ARE
LBN,1962,pact:ARE
LBY,1962,pact:ARE
MAR,1962,pact:ARE
SAU,1962,pact:ARE
SYR,1962,pact:ARE
TUN,1962,pact:ARE
YEM,1962,pact:ARE
AUS,1962,pact:AUS
BEL,1962,pact:AUS
CAN,1962,pact:AUS
CYP,1962,pact:AUS
DNK,1962,pact:AUS
FRA,1962,pact:AUS
GBR,1962,pact:AUS
GER,1962,pact:AUS
GRC,1962,pact:AUS
ISL,1962,pact:AUS
ITA,1962,pact:AUS
JPN,1962,pact:AUS
KOR,1962,pact:AUS
LUX,1962,pact:AUS
MYS,1962,pact:AUS
NLD,1962,pact:AUS
NOR,1962,pact:AUS
NZL,1962,pact:AUS
PAK,1962,pact:AUS
PHL,1962,pact:AUS
PRT,1962,pact:AUS
TUR,1962,pact:AUS
TWN,1962,pact:AUS
USA,1962,pact:AUS
YUG,1962,pact:AUS
GHA,1962,pact:GHA
GIN,1962,pact:GHA
MLI,1962,pact:GHA
BEN,1962,pact:BEN
BFA,1962,pact:BEN
CAF,1962,pact:BEN
CIV,1962,pact:BEN
CMR,1962,pact:BEN
COG,1962,pact:BEN
GAB,1962,pact:BEN
MDG,1962,pact:BEN
MRT,1962,pact:BEN
NER,1962,pact:BEN
SEN,1962,pact:BEN
TCD,1962,pact:BEN
ARG,1963,pact:ARG
AUS,1963,pact:ARG
BOL,1963,pact:ARG
BRA,1963,pact:ARG
CHL,1963,pact:ARG
COL,1963,pact:ARG
CRI,1963,pact:ARG
DOM,1963,pact:ARG
ECU,1963,pact:ARG
GTM,1963,pact:ARG
HND,1963,pact:ARG
HTI,1963,pact:ARG
JPN,1963,pact:ARG
KOR,1963,pact:ARG
MEX,1963,pact:ARG
NIC,1963,pact:ARG
NZL,1963,pact:ARG
PAK,1963,pact:ARG
PAN,1963,pact:ARG
PER,1963,pact:ARG
PHL,1963,pact:ARG
PRY,1963,pact:ARG
SLV,1963,pact:ARG
TWN,1963,pact:ARG
URY,1963,pact:ARG
USA,1963,pact:ARG
VEN,1963,pact:ARG
BEL,1963,pact:BEL
CAN,1963,pact:BEL
CYP,1963,pact:BEL
DNK,1963,pact:BEL
FRA,1963,pact:BEL
GBR,1963,pact:BEL
GER,1963,pact:BEL
GRC,1963,pact:BEL
ISL,1963,pact:BEL
ITA,1963,pact:BEL
LUX,1963,pact:BEL
MYS,1963,pact:BEL
NLD,1963,pact:BEL
NOR,1963,pact:BEL
PRT,1963,pact:BEL
TUR,1963,pact:BEL
YUG,1963,pact:BEL
ARE,1963,pact:ARE
EGY,1963,pact:ARE
IRQ,1963,pact:ARE
JOR,1963,pact:ARE
KWT,1963,pact:ARE
LBN,1963,pact:ARE
LBY,1963,pact:ARE
MAR,1963,pact:ARE
SAU,1963,pact:ARE
SYR,1963,pact:ARE
TUN,1963,pact:ARE
YEM,1963,pact:ARE
ALB,1963,pact:ALB
BGR,1963,pact:ALB
CHN,1963,pact:ALB
CSK,1963,pact:ALB
DDR,1963,pact:ALB
FIN,1963,pact:ALB
HUN,1963,pact:ALB
MNG,1963,pact:ALB
POL,1963,pact:ALB
PRK,1963,pact:ALB
ROU,1963,pact:ALB
RUS,1963,pact:ALB
GHA,1963,pact:GHA
GIN,1963,pact:GHA
MLI,1963,pact:GHA
BEN,1963,pact:BEN
BFA,1963,pact:BEN
CAF,1963,pact:BEN
CIV,1963,pact:BEN
CMR,1963,pact:BEN
COG,1963,pact:BEN
GAB,1963,pact:BEN
MDG,1963,pact:BEN
MRT,1963,pact:BEN
NER,1963,pact:BEN
RWA,1963,pact:BEN
SEN,1963,pact:BEN
TCD,1963,pact:BEN
TGO,1963,pact:BEN
ETH,1963,pact:ETH
KEN,1963,pact:ETH
BEL,1964,pact:BEL
CAN,1964,pact:BEL
CYP,1964,pact:BEL
DNK,1964,pact:BEL
FRA,1964,pact:BEL
GBR,1964,pact:BEL
GER,1964,pact:BEL
GRC,1964,pact:BEL
ISL,1964,pact:BEL
ITA,1964,pact:BEL
LUX,1964,pact:BEL
MYS,1964,pact:BEL
NLD,1964,pact:BEL
NOR,1964,pact:BEL
PRT,1964,pact:BEL
TUR,1964,pact:BEL
YUG,1964,pact:BEL
ARE,1964,pact:ARE
DZA,1964,pact:ARE
EGY,1964,pact:ARE
IRQ,1964,pact:ARE
JOR,1964,pact:ARE
KWT,1964,pact:ARE
LBN,1964,pact:ARE
LBY,1964,pact:ARE
MAR,1964,pact:ARE
SAU,1964,pact:ARE
SDN,1964,pact:ARE
SYR,1964,pact:ARE
TUN,1964,pact:ARE
YEM,1964,pact:ARE
ARG,1964,pact:ARG
AUS,1964,pact:ARG
BOL,1964,pact:ARG
BRA,1964,pact:ARG
CHL,1964,pact:ARG
COL,1964,pact:ARG
CRI,1964,pact:ARG
DOM,1964,pact:ARG
ECU,1964,pact:ARG
GTM,1964,pact:ARG
HND,1964,pact:ARG
HTI,1964,pact:ARG
JPN,1964,pact:ARG
KOR,1964,pact:ARG
MEX,1964,pact:ARG
NIC,1964,pact:ARG
NZL,1964,pact:ARG
PAK,1964,pact:ARG
PAN,1964,pact:ARG
PER,1964,pact:ARG
PHL,1964,pact:ARG
PRY,1964,pact:ARG
SLV,1964,pact:ARG
TWN,1964,pact:ARG
URY,1964,pact:ARG
USA,1964,pact:ARG
VEN,1964,pact:ARG
ALB,1964,pact:ALB
BGR,1964,pact:ALB
CHN,1964,pact:ALB
CSK,1964,pact:ALB
DDR,1964,pact:ALB
FIN,1964,pact:ALB
HUN,1964,pact:ALB
MNG,1964,pact:ALB
POL,1964,pact:ALB
PRK,1964,pact:ALB
ROU,1964,pact:ALB
RUS,1964,pact:ALB
BEN,1964,pact:BEN
BFA,1964,pact:BEN
CAF,1964,pact:BEN
CIV,1964,pact:BEN
CMR,1964,pact:BEN
COG,1964,pact:BEN
GAB,1964,pact:BEN
MDG,1964,pact:BEN
MRT,1964,pact:BEN
NER,1964,pact:BEN
RWA,1964,pact:BEN
SEN,1964,pact:BEN
TCD,1964,pact:BEN
TGO,1964,pact:BEN
ETH,1964,pact:ETH
KEN,1964,pact:ETH
ARG,1965,pact:ARG
BOL,1965,pact:ARG
BRA,1965,pact:ARG
CHL,1965,pact:ARG
COL,1965,pact:ARG
CRI,1965,pact:ARG
DOM,1965,pact:ARG
ECU,1965,pact:ARG
GTM,1965,pact:ARG
HND,1965,pact:ARG
HTI,1965,pact:ARG
MEX,1965,pact:ARG
NIC,1965,pact:ARG
PAN,1965,pact:ARG
PER,1965,pact:ARG
PRY,1965,pact:ARG
SLV,1965,pact:ARG
URY,1965,pact:ARG
VEN,1965,pact:ARG
ALB,1965,pact:ALB
BGR,1965,pact:ALB
CHN,1965,pact:ALB
CSK,1965,pact:ALB
DDR,1965,pact:ALB
FIN,1965,pact:ALB
HUN,1965,pact:ALB
MNG,1965,pact:ALB
POL,1965,pact:ALB
PRK,1965,pact:ALB
ROU,1965,pact:ALB
RUS,1965,pact:ALB
ARE,1965,pact:ARE
DZA,1965,pact:ARE
EGY,1965,pact:ARE
IRQ,1965,pact:ARE
JOR,1965,pact:ARE
KWT,1965,pact:ARE
LBN,1965,pact:ARE
LBY,1965,pact:ARE
MAR,1965,pact:ARE
SAU,1965,pact:ARE
SDN,1965,pact:ARE
SYR,1965,pact:ARE
TUN,1965,pact:ARE
YEM,1965,pact:ARE
AUS,1965,pact:AUS
BEL,1965,pact:AUS
CAF,1965,pact:AUS
CAN,1965,pact:AUS
COG,1965,pact:AUS
CYP,1965,pact:AUS
DNK,1965,pact:AUS
FRA,1965,pact:AUS
GAB,1965,pact:AUS
GBR,1965,pact:AUS
GER,1965,pact:AUS
GRC,1965,pact:AUS
ISL,1965,pact:AUS
ITA,1965,pact:AUS
JPN,1965,pact:AUS
KOR,1965,pact:AUS
LUX,1965,pact:AUS
MYS,1965,pact:AUS
NLD,1965,pact:AUS
NOR,1965,pact:AUS
NZL,1965,pact:AUS
PAK,1965,pact:AUS
PHL,1965,pact:AUS
PRT,1965,pact:AUS
TCD,1965,pact:AUS
TUR,1965,pact:AUS
TWN,1965,pact:AUS
USA,1965,pact:AUS
YUG,1965,pact:AUS
ETH,1965,pact:ETH
KEN,1965,pact:ETH
ARG,1966,pact:ARG
BOL,1966,pact:ARG
BRA,1966,pact:ARG
CHL,1966,pact:ARG
COL,1966,pact:ARG
CRI,1966,pact:ARG
DOM,1966,pact:ARG
ECU,1966,pact:ARG
GTM,1966,pact:ARG
HND,1966,pact:ARG
HTI,1966,pact:ARG
MEX,1966,pact:ARG
NIC,1966,pact:ARG
PAN,1966,pact:ARG
PER,1966,pact:ARG
PRY,1966,pact:ARG
SLV,1966,pact:ARG
URY,1966,pact:ARG
VEN,1966,pact:ARG
ALB,1966,pact:ALB
BGR,1966,pact:ALB
CHN,1966,pact:ALB
CSK,1966,pact:ALB
DDR,1966,pact:ALB
FIN,1966,pact:ALB
HUN,1966,pact:ALB
MNG,1966,pact:ALB
POL,1966,pact:ALB
PRK,1966,pact:ALB
ROU,1966,pact:ALB
RUS,1966,pact:ALB
ARE,1966,pact:ARE
DZA,1966,pact:ARE
EGY,1966,pact:ARE
IRQ,1966,pact:ARE
JOR,1966,pact:ARE
KWT,1966,pact:ARE
LBN,1966,pact:ARE
LBY,1966,pact:ARE
MAR,1966,pact:ARE
SAU,1966,pact:ARE
SDN,1966,pact:ARE
SYR,1966,pact:ARE
TUN,1966,pact:ARE
YEM,1966,pact:ARE
AUS,1966,pact:AUS
BEL,1966,pact:AUS
CAF,1966,pact:AUS
CAN,1966,pact:AUS
COG,1966,pact:AUS
CYP,1966,pact:AUS
DNK,1966,pact:AUS
FRA,1966,pact:AUS
GAB,1966,pact:AUS
GBR,1966,pact:AUS
GER,1966,pact:AUS
GRC,1966,pact:AUS
ISL,1966,pact:AUS
ITA,1966,pact:AUS
JPN,1966,pact:AUS
KOR,1966,pact:AUS
LUX,1966,pact:AUS
MYS,1966,pact:AUS
NLD,1966,pact:AUS
NOR,1966,pact:AUS
NZL,1966,pact:AUS
PAK,1966,pact:AUS
PHL,1966,pact:AUS
PRT,1966,pact:AUS
TCD,1966,pact:AUS
TUR,1966,pact:AUS
TWN,1966,pact:AUS
USA,1966,pact:AUS
YUG,1966,pact:AUS
ETH,1966,pact:ETH
KEN,1966,pact:ETH
BDI,1966,pact:BDI
COD,1966,pact:BDI
RWA,1966,pact:BDI
ARG,1967,pact:ARG
BOL,1967,pact:ARG
BRA,1967,pact:ARG
BRB,1967,pact:ARG
CHL,1967,pact:ARG
COL,1967,pact:ARG
CRI,1967,pact:ARG
DOM,1967,pact:ARG
ECU,1967,pact:ARG
GTM,1967,pact:ARG
HND,1967,pact:ARG
HTI,1967,pact:ARG
MEX,1967,pact:ARG
NIC,1967,pact:ARG
PAN,1967,pact:ARG
PER,1967,pact:ARG
PRY,1967,pact:ARG
SLV,1967,pact:ARG
TTO,1967,pact:ARG
URY,1967,pact:ARG
VEN,1967,pact:ARG
ALB,1967,pact:ALB
BGR,1967,pact:ALB
CHN,1967,pact:ALB
CSK,1967,pact:ALB
DDR,1967,pact:ALB
FIN,1967,pact:ALB
HUN,1967,pact:ALB
MNG,1967,pact:ALB
POL,1967,pact:ALB
PRK,1967,pact:ALB
ROU,1967,pact:ALB
RUS,1967,pact:ALB
ARE,1967,pact:ARE
DZA,1967,pact:ARE
EGY,1967,pact:ARE
IRQ,1967,pact:ARE
JOR,1967,pact:ARE
KWT,1967,pact:ARE
LBN,1967,pact:ARE
LBY,1967,pact:ARE
MAR,1967,pact:ARE
SAU,1967,pact:ARE
SDN,1967,pact:ARE
SYR,1967,pact:ARE
TUN,1967,pact:ARE
YEM,1967,pact:ARE
AUS,1967,pact:AUS
BEL,1967,pact:AUS
CAF,1967,pact:AUS
CAN,1967,pact:AUS
COG,1967,pact:AUS
CYP,1967,pact:AUS
DNK,1967,pact:AUS
FRA,1967,pact:AUS
GAB,1967,pact:AUS
GBR,1967,pact:AUS
GER,1967,pact:AUS
GRC,1967,pact:AUS
ISL,1967,pact:AUS
ITA,1967,pact:AUS
JPN,1967,pact:AUS
KOR,1967,pact:AUS
LUX,1967,pact:AUS
MYS,1967,pact:AUS
NLD,1967,pact:AUS
NOR,1967,pact:AUS
NZL,1967,pact:AUS
PAK,1967,pact:AUS
PHL,1967,pact:AUS
PRT,1967,pact:AUS
TCD,1967,pact:AUS
TUR,1967,pact:AUS
TWN,1967,pact:AUS
USA,1967,pact:AUS
YUG,1967,pact:AUS
ETH,1967,pact:ETH
KEN,1967,pact:ETH
BDI,1967,pact:BDI
COD,1967,pact:BDI
RWA,1967,pact:BDI
ARG,1968,pact:ARG
BOL,1968,pact:ARG
BRA,1968,pact:ARG
BRB,1968,pact:ARG
CHL,1968,pact:ARG
COL,1968,pact:ARG
CRI,1968,pact:ARG
DOM,1968,pact:ARG
ECU,1968,pact:ARG
GTM,1968,pact:ARG
HND,1968,pact:ARG
HTI,1968,pact:ARG
MEX,1968,pact:ARG
NIC,1968,pact:ARG
PAN,1968,pact:ARG
PER,1968,pact:ARG
PRY,1968,pact:ARG
SLV,1968,pact:ARG
TTO,1968,pact:ARG
URY,1968,pact:ARG
VEN,1968,pact:ARG
ARE,1968,pact:ARE
DZA,1968,pact:ARE
EGY,1968,pact:ARE
IRQ,1968,pact:ARE
JOR,1968,pact:ARE
KWT,1968,pact:ARE
LBN,1968,pact:ARE
LBY,1968,pact:ARE
MAR,1968,pact:ARE
SAU,1968,pact:ARE
SDN,1968,pact:ARE
SYR,1968,pact:ARE
TUN,1968,pact:ARE
YEM,1968,pact:ARE
AUS,1968,pact:AUS
BEL,1968,pact:AUS
CAF,1968,pact:AUS
CAN,1968,pact:AUS
COG,1968,pact:AUS
CYP,1968,pact:AUS
DNK,1968,pact:AUS
FRA,1968,pact:AUS
GAB,1968,pact:AUS
GBR,1968,pact:AUS
GER,1968,pact:AUS
GRC,1968,pact:AUS
ISL,1968,pact:AUS
ITA,1968,pact:AUS
JPN,1968,pact:AUS
KOR,1968,pact:AUS
LUX,1968,pact:AUS
MYS,1968,pact:AUS
NLD,1968,pact:AUS
NOR,1968,pact:AUS
NZL,1968,pact:AUS
PAK,1968,pact:AUS
PHL,1968,pact:AUS
PRT,1968,pact:AUS
TCD,1968,pact:AUS
TUR,1968,pact:AUS
TWN,1968,pact:AUS
USA,1968,pact:AUS
ALB,1968,pact:ALB
BGR,1968,pact:ALB
CHN,1968,pact:ALB
CSK,1968,pact:ALB
DDR,1968,pact:ALB
FIN,1968,pact:ALB
HUN,1968,pact:ALB
MNG,1968,pact:ALB
POL,1968,pact:ALB
PRK,1968,pact:ALB
ROU,1968,pact:ALB
RUS,1968,pact:ALB
ETH,1968,pact:ETH
KEN,1968,pact:ETH
BDI,1968,pact:BDI
COD,1968,pact:BDI
RWA,1968,pact:BDI
AUS,1969,pact:AUS
BEL,1969,pact:AUS
CAF,1969,pact:AUS
CAN,1969,pact:AUS
COG,1969,pact:AUS
CYP,1969,pact:AUS
DNK,1969,pact:AUS
FRA,1969,pact:AUS
GAB,1969,pact:AUS
GBR,1969,pact:AUS
GER,1969,pact:AUS
GRC,1969,pact:AUS
ISL,1969,pact:AUS
ITA,1969,pact:AUS
JPN,1969,pact:AUS
KOR,1969,pact:AUS
LUX,1969,pact:AUS
MYS,1969,pact:AUS
NLD,1969,pact:AUS
NOR,1969,pact:AUS
NZL,1969,pact:AUS
PAK,1969,pact:AUS
PHL,1969,pact:AUS
PRT,1969,pact:AUS
TCD,1969,pact:AUS
TUR,1969,pact:AUS
TWN,1969,pact:AUS
USA,1969,pact:AUS
ARG,1969,pact:ARG
BOL,1969,pact:ARG
BRA,1969,pact:ARG
BRB,1969,pact:ARG
CHL,1969,pact:ARG
COL,1969,pact:ARG
CRI,1969,pact:ARG
DOM,1969,pact:ARG
ECU,1969,pact:ARG
GTM,1969,pact:ARG
HND,1969,pact:ARG
HTI,1969,pact:ARG
JAM,1969,pact:ARG
MEX,1969,pact:ARG
NIC,1969,pact:ARG
PAN,1969,pact:ARG
PER,1969,pact:ARG
PRY,1969,pact:ARG
SLV,1969,pact:ARG
TTO,1969,pact:ARG
URY,1969,pact:ARG
VEN,1969,pact:ARG
BGR,1969,pact:BGR
CHN,1969,pact:BGR
CSK,1969,pact:BGR
DDR,1969,pact:BGR
FIN,1969,pact:BGR
HUN,1969,pact:BGR
MNG,1969,pact:BGR
POL,1969,pact:BGR
PRK,1969,pact:BGR
ROU,1969,pact:BGR
RUS,1969,pact:BGR
ARE,1969,pact:ARE
DZA,1969,pact:ARE
EGY,1969,pact:ARE
IRQ,1969,pact:ARE
JOR,1969,pact:ARE
KWT,1969,pact:ARE
LBN,1969,pact:ARE
LBY,1969,pact:ARE
MAR,1969,pact:ARE
SAU,1969,pact:ARE
SDN,1969,pact:ARE
SYR,1969,pact:ARE
TUN,1969,pact:ARE
YEM,1969,pact:ARE
ETH,1969,pact:ETH
KEN,1969,pact:ETH
BDI,1969,pact:BDI
COD,1969,pact:BDI
RWA,1969,pact:BDI
AUS,1970,pact:AUS
BEL,1970,pact:AUS
CAF,1970,pact:AUS
CAN,1970,pact:AUS
COG,1970,pact:AUS
CYP,1970,pact:AUS
DNK,1970,pact:AUS
FRA,1970,pact:AUS
GAB,1970,pact:AUS
GBR,1970,pact:AUS
GER,1970,pact:AUS
GRC,1970,pact:AUS
ISL,1970,pact:AUS
ITA,1970,pact:AUS
JPN,1970,pact:AUS
KOR,1970,pact:AUS
LUX,1970,pact:AUS
MYS,1970,pact:AUS
NLD,1970,pact:AUS
NOR,1970,pact:AUS
NZL,1970,pact:AUS
PAK,1970,pact:AUS
PHL,1970,pact:AUS
PRT,1970,pact:AUS
TCD,1970,pact:AUS
TUR,1970,pact:AUS
TWN,1970,pact:AUS
USA,1970,pact:AUS
ARG,1970,pact:ARG
BOL,1970,pact:ARG
BRA,1970,pact:ARG
BRB,1970,pact:ARG
CHL,1970,pact:ARG
COL,1970,pact:ARG
CRI,1970,pact:ARG
DOM,1970,pact:ARG
ECU,1970,pact:ARG
GTM,1970,pact:ARG
HND,1970,pact:ARG
HTI,1970,pact:ARG
JAM,1970,pact:ARG
MEX,1970,pact:ARG
NIC,1970,pact:ARG
PAN,1970,pact:ARG
PER,1970,pact:ARG
PRY,1970,pact:ARG
SLV,1970,pact:ARG
TTO,1970,pact:ARG
URY,1970,pact:ARG
VEN,1970,pact:ARG
BGR,1970,pact:BGR
CHN,1970,pact:BGR
CSK,1970,pact:BGR
DDR,1970,pact:BGR
FIN,1970,pact:BGR
HUN,1970,pact:BGR
MNG,1970,pact:BGR
POL,1970,pact:BGR
PRK,1970,pact:BGR
ROU,1970,pact:BGR
RUS,1970,pact:BGR
ARE,1970,pact:ARE
DZA,1970,pact:ARE
EGY,1970,pact:ARE
IRQ,1970,pact:ARE
JOR,1970,pact:ARE
KWT,1970,pact:ARE
LBN,1970,pact:ARE
LBY,1970,pact:ARE
MAR,1970,pact:ARE
SAU,1970,pact:ARE
SDN,1970,pact:ARE
SYR,1970,pact:ARE
TUN,1970,pact:ARE
YEM,1970,pact:ARE
ETH,1970,pact:ETH
KEN,1970,pact:ETH
BDI,1970,pact:BDI
COD,1970,pact:BDI
RWA,1970,pact:BDI
AUS,1971,pact:AUS
BEL,1971,pact:AUS
CAF,1971,pact:AUS
CAN,1971,pact:AUS
COG,1971,pact:AUS
CYP,1971,pact:AUS
DNK,1971,pact:AUS
FRA,1971,pact:AUS
GAB,1971,pact:AUS
GBR,1971,pact:AUS
GER,1971,pact:AUS
GRC,1971,pact:AUS
ISL,1971,pact:AUS
ITA,1971,pact:AUS
JPN,1971,pact:AUS
KOR,1971,pact:AUS
LUX,1971,pact:AUS
MYS,1971,pact:AUS
NLD,1971,pact:AUS
NOR,1971,pact:AUS
NZL,1971,pact:AUS
PAK,1971,pact:AUS
PHL,1971,pact:AUS
PRT,1971,pact:AUS
TCD,1971,pact:AUS
TUR,1971,pact:AUS
TWN,1971,pact:AUS
USA,1971,pact:AUS
BGR,1971,pact:BGR
CHN,1971,pact:BGR
CSK,1971,pact:BGR
DDR,1971,pact:BGR
FIN,1971,pact:BGR
HUN,1971,pact:BGR
MNG,1971,pact:BGR
POL,1971,pact:BGR
PRK,1971,pact:BGR
ROU,1971,pact:BGR
RUS,1971,pact:BGR
ARG,1971,pact:ARG
BOL,1971,pact:ARG
BRA,1971,pact:ARG
BRB,1971,pact:ARG
CHL,1971,pact:ARG
COL,1971,pact:ARG
CRI,1971,pact:ARG
DOM,1971,pact:ARG
ECU,1971,pact:ARG
GTM,1971,pact:ARG
HND,1971,pact:ARG
HTI,1971,pact:ARG
JAM,1971,pact:ARG
MEX,1971,pact:ARG
NIC,1971,pact:ARG
PAN,1971,pact:ARG
PER,1971,pact:ARG
PRY,1971,pact:ARG
SLV,1971,pact:ARG
TTO,1971,pact:ARG
URY,1971,pact:ARG
VEN,1971,pact:ARG
ARE,1971,pact:ARE
BHR,1971,pact:ARE
DZA,1971,pact:ARE
EGY,1971,pact:ARE
IRQ,1971,pact:ARE
JOR,1971,pact:ARE
KWT,1971,pact:ARE
LBN,1971,pact:ARE
LBY,1971,pact:ARE
MAR,1971,pact:ARE
QAT,1971,pact:ARE
SAU,1971,pact:ARE
SDN,1971,pact:ARE
SYR,1971,pact:ARE
TUN,1971,pact:ARE
YEM,1971,pact:ARE
YMD,1971,pact:ARE
ETH,1971,pact:ETH
KEN,1971,pact:ETH
BDI,1971,pact:BDI
COD,1971,pact:BDI
RWA,1971,pact:BDI
AUS,1972,pact:AUS
BEL,1972,pact:AUS
CAF,1972,pact:AUS
CAN,1972,pact:AUS
COG,1972,pact:AUS
CYP,1972,pact:AUS
DNK,1972,pact:AUS
FRA,1972,pact:AUS
GAB,1972,pact:AUS
GBR,1972,pact:AUS
GER,1972,pact:AUS
GRC,1972,pact:AUS
ISL,1972,pact:AUS
ITA,1972,pact:AUS
JPN,1972,pact:AUS
KOR,1972,pact:AUS
LUX,1972,pact:AUS
NLD,1972,pact:AUS
NOR,1972,pact:AUS
NZL,1972,pact:AUS
PAK,1972,pact:AUS
PHL,1972,pact:AUS
PRT,1972,pact:AUS
TCD,1972,pact:AUS
TUR,1972,pact:AUS
TWN,1972,pact:AUS
USA,1972,pact:AUS
BGR,1972,pact:BGR
CHN,1972,pact:BGR
CSK,1972,pact:BGR
DDR,1972,pact:BGR
FIN,1972,pact:BGR
HUN,1972,pact:BGR
MNG,1972,pact:BGR
POL,1972,pact:BGR
PRK,1972,pact:BGR
ROU,1972,pact:BGR
RUS,1972,pact:BGR
ARG,1972,pact:ARG
BOL,1972,pact:ARG
BRA,1972,pact:ARG
BRB,1972,pact:ARG
CHL,1972,pact:ARG
COL,1972,pact:ARG
CRI,1972,pact:ARG
DOM,1972,pact:ARG
ECU,1972,pact:ARG
GTM,1972,pact:ARG
HND,1972,pact:ARG
HTI,1972,pact:ARG
JAM,1972,pact:ARG
MEX,1972,pact:ARG
NIC,1972,pact:ARG
PAN,1972,pact:ARG
PER,1972,pact:ARG
PRY,1972,pact:ARG
SLV,1972,pact:ARG
TTO,1972,pact:ARG
URY,1972,pact:ARG
VEN,1972,pact:ARG
ARE,1972,pact:ARE
BHR,1972,pact:ARE
DZA,1972,pact:ARE
EGY,1972,pact:ARE
IRQ,1972,pact:ARE
JOR,1972,pact:ARE
KWT,1972,pact:ARE
LBN,1972,pact:ARE
LBY,1972,pact:ARE
MAR,1972,pact:ARE
QAT,1972,pact:ARE
SAU,1972,pact:ARE
SDN,1972,pact:ARE
SYR,1972,pact:ARE
TUN,1972,pact:ARE
UGA,1972,pact:ARE
YEM,1972,pact:ARE
YMD,1972,pact:ARE
ETH,1972,pact:ETH
KEN,1972,pact:ETH
BDI,1972,pact:BDI
COD,1972,pact:BDI
RWA,1972,pact:BDI
AUS,1973,pact:AUS
BEL,1973,pact:AUS
CAF,1973,pact:AUS
CAN,1973,pact:AUS
COG,1973,pact:AUS
CYP,1973,pact:AUS
DNK,1973,pact:AUS
FRA,1973,pact:AUS
GAB,1973,pact:AUS
GBR,1973,pact:AUS
GER,1973,pact:AUS
GRC,1973,pact:AUS
ISL,1973,pact:AUS
ITA,1973,pact:AUS
JPN,1973,pact:AUS
KOR,1973,pact:AUS
LUX,1973,pact:AUS
NLD,1973,pact:AUS
NOR,1973,pact:AUS
NZL,1973,pact:AUS
PAK,1973,pact:AUS
PHL,1973,pact:AUS
PRT,1973,pact:AUS
TCD,1973,pact:AUS
TUR,1973,pact:AUS
TWN,1973,pact:AUS
USA,1973,pact:AUS
BGR,1973,pact:BGR
CHN,1973,pact:BGR
CSK,1973,pact:BGR
DDR,1973,pact:BGR
FIN,1973,pact:BGR
HUN,1973,pact:BGR
MNG,1973,pact:BGR
POL,1973,pact:BGR
PRK,1973,pact:BGR
ROU,1973,pact:BGR
RUS,1973,pact:BGR
ARG,1973,pact:ARG
BOL,1973,pact:ARG
BRA,1973,pact:ARG
BRB,1973,pact:ARG
CHL,1973,pact:ARG
COL,1973,pact:ARG
CRI,1973,pact:ARG
DOM,1973,pact:ARG
ECU,1973,pact:ARG
GTM,1973,pact:ARG
HND,1973,pact:ARG
HTI,1973,pact:ARG
JAM,1973,pact:ARG
MEX,1973,pact:ARG
NIC,1973,pact:ARG
PAN,1973,pact:ARG
PER,1973,pact:ARG
PRY,1973,pact:ARG
SLV,1973,pact:ARG
TTO,1973,pact:ARG
URY,1973,pact:ARG
VEN,1973,pact:ARG
ARE,1973,pact:ARE
BHR,1973,pact:ARE
DZA,1973,pact:ARE
EGY,1973,pact:ARE
IRQ,1973,pact:ARE
JOR,1973,pact:ARE
KWT,1973,pact:ARE
LBN,1973,pact:ARE
LBY,1973,pact:ARE
MAR,1973,pact:ARE
QAT,1973,pact:ARE
SAU,1973,pact:ARE
SDN,1973,pact:ARE
SYR,1973,pact:ARE
TUN,1973,pact:ARE
UGA,1973,pact:ARE
YEM,1973,pact:ARE
YMD,1973,pact:ARE
ETH,1973,pact:ETH
KEN,1973,pact:ETH
BDI,1973,pact:BDI
COD,1973,pact:BDI
RWA,1973,pact:BDI
AUS,1974,pact:AUS
BEL,1974,pact:AUS
CAF,1974,pact:AUS
CAN,1974,pact:AUS
COG,1974,pact:AUS
CYP,1974,pact:AUS
DNK,1974,pact:AUS
FRA,1974,pact:AUS
GAB,1974,pact:AUS
GBR,1974,pact:AUS
GER,1974,pact:AUS
GRC,1974,pact:AUS
ISL,1974,pact:AUS
ITA,1974,pact:AUS
JPN,1974,pact:AUS
KOR,1974,pact:AUS
LUX,1974,pact:AUS
NLD,1974,pact:AUS
NOR,1974,pact:AUS
NZL,1974,pact:AUS
PAK,1974,pact:AUS
PHL,1974,pact:AUS
PRT,1974,pact:AUS
TCD,1974,pact:AUS
TUR,1974,pact:AUS
TWN,1974,pact:AUS
USA,1974,pact:AUS
BGR,1974,pact:BGR
CHN,1974,pact:BGR
CSK,1974,pact:BGR
DDR,1974,pact:BGR
FIN,1974,pact:BGR
HUN,1974,pact:BGR
MNG,1974,pact:BGR
POL,1974,pact:BGR
PRK,1974,pact:BGR
ROU,1974,pact:BGR
RUS,1974,pact:BGR
ARG,1974,pact:ARG
BOL,1974,pact:ARG
BRA,1974,pact:ARG
BRB,1974,pact:ARG
CHL,1974,pact:ARG
COL,1974,pact:ARG
CRI,1974,pact:ARG
DOM,1974,pact:ARG
ECU,1974,pact:ARG
GTM,1974,pact:ARG
HND,1974,pact:ARG
HTI,1974,pact:ARG
JAM,1974,pact:ARG
MEX,1974,pact:ARG
NIC,1974,pact:ARG
PAN,1974,pact:ARG
PER,1974,pact:ARG
PRY,1974,pact:ARG
SLV,1974,pact:ARG
TTO,1974,pact:ARG
URY,1974,pact:ARG
VEN,1974,pact:ARG
ARE,1974,pact:ARE
BHR,1974,pact:ARE
DZA,1974,pact:ARE
EGY,1974,pact:ARE
IRQ,1974,pact:ARE
JOR,1974,pact:ARE
KWT,1974,pact:ARE
LBN,1974,pact:ARE
LBY,1974,pact:ARE
MAR,1974,pact:ARE
NER,1974,pact:ARE
QAT,1974,pact:ARE
SAU,1974,pact:ARE
SDN,1974,pact:ARE
SOM,1974,pact:ARE
SYR,1974,pact:ARE
TUN,1974,pact:ARE
UGA,1974,pact:ARE
YEM,1974,pact:ARE
YMD,1974,pact:ARE
ETH,1974,pact:ETH
KEN,1974,pact:ETH
BDI,1974,pact:BDI
COD,1974,pact:BDI
RWA,1974,pact:BDI
BGR,1975,pact:BGR
CHN,1975,pact:BGR
CSK,1975,pact:BGR
DDR,1975,pact:BGR
FIN,1975,pact:BGR
HUN,1975,pact:BGR
MNG,1975,pact:BGR
POL,1975,pact:BGR
PRK,1975,pact:BGR
ROU,1975,pact:BGR
RUS,1975,pact:BGR
ARG,1975,pact:ARG
BOL,1975,pact:ARG
BRA,1975,pact:ARG
BRB,1975,pact:ARG
CHL,1975,pact:ARG
COL,1975,pact:ARG
CRI,1975,pact:ARG
DOM,1975,pact:ARG
ECU,1975,pact:ARG
GRD,1975,pact:ARG
GTM,1975,pact:ARG
HND,1975,pact:ARG
HTI,1975,pact:ARG
JAM,1975,pact:ARG
MEX,1975,pact:ARG
NIC,1975,pact:ARG
PAN,1975,pact:ARG
PER,1975,pact:ARG
PRY,1975,pact:ARG
SLV,1975,pact:ARG
TTO,1975,pact:ARG
URY,1975,pact:ARG
VEN,1975,pact:ARG
ARE,1975,pact:ARE
BHR,1975,pact:ARE
DZA,1975,pact:ARE
EGY,1975,pact:ARE
IRQ,1975,pact:ARE
JOR,1975,pact:ARE
KWT,1975,pact:ARE
LBN,1975,pact:ARE
LBY,1975,pact:ARE
MAR,1975,pact:ARE
NER,1975,pact:ARE
QAT,1975,pact:ARE
SAU,1975,pact:ARE
SDN,1975,pact:ARE
SOM,1975,pact:ARE
SYR,1975,pact:ARE
TUN,1975,pact:ARE
UGA,1975,pact:ARE
YEM,1975,pact:ARE
YMD,1975,pact:ARE
AUS,1975,pact:AUS
BEL,1975,pact:AUS
CAF,1975,pact:AUS
CAN,1975,pact:AUS
COG,1975,pact:AUS
DNK,1975,pact:AUS
FRA,1975,pact:AUS
GAB,1975,pact:AUS
GBR,1975,pact:AUS
GER,1975,pact:AUS
GRC,1975,pact:AUS
ISL,1975,pact:AUS
ITA,1975,pact:AUS
JPN,1975,pact:AUS
KOR,1975,pact:AUS
LUX,1975,pact:AUS
NLD,1975,pact:AUS
NOR,1975,pact:AUS
NZL,1975,pact:AUS
PAK,1975,pact:AUS
PHL,1975,pact:AUS
PRT,1975,pact:AUS
TCD,1975,pact:AUS
TUR,1975,pact:AUS
TWN,1975,pact:AUS
USA,1975,pact:AUS
ETH,1975,pact:ETH
KEN,1975,pact:ETH
BDI,1975,pact:BDI
COD,1975,pact:BDI
RWA,1975,pact:BDI
BGR,1976,pact:BGR
CHN,1976,pact:BGR
CSK,1976,pact:BGR
DDR,1976,pact:BGR
FIN,1976,pact:BGR
HUN,1976,pact:BGR
MNG,1976,pact:BGR
POL,1976,pact:BGR
PRK,1976,pact:BGR
ROU,1976,pact:BGR
RUS,1976,pact:BGR
ARG,1976,pact:ARG
BOL,1976,pact:ARG
BRA,1976,pact:ARG
BRB,1976,pact:ARG
CHL,1976,pact:ARG
COL,1976,pact:ARG
CRI,1976,pact:ARG
DOM,1976,pact:ARG
ECU,1976,pact:ARG
GRD,1976,pact:ARG
GTM,1976,pact:ARG
HND,1976,pact:ARG
HTI,1976,pact:ARG
JAM,1976,pact:ARG
MEX,1976,pact:ARG
NIC,1976,pact:ARG
PAN,1976,pact:ARG
PER,1976,pact:ARG
PRY,1976,pact:ARG
SLV,1976,pact:ARG
TTO,1976,pact:ARG
URY,1976,pact:ARG
VEN,1976,pact:ARG
ARE,1976,pact:ARE
BHR,1976,pact:ARE
DZA,1976,pact:ARE
EGY,1976,pact:ARE
IRQ,1976,pact:ARE
JOR,1976,pact:ARE
KWT,1976,pact:ARE
LBN,1976,pact:ARE
LBY,1976,pact:ARE
MAR,1976,pact:ARE
NER,1976,pact:ARE
QAT,1976,pact:ARE
SAU,1976,pact:ARE
SDN,1976,pact:ARE
SOM,1976,pact:ARE
SYR,1976,pact:ARE
TUN,1976,pact:ARE
UGA,1976,pact:ARE
YEM,1976,pact:ARE
YMD,1976,pact:ARE
AUS,1976,pact:AUS
BEL,1976,pact:AUS
CAF,1976,pact:AUS
CAN,1976,pact:AUS
COG,1976,pact:AUS
DNK,1976,pact:AUS
FRA,1976,pact:AUS
GAB,1976,pact:AUS
GBR,1976,pact:AUS
GER,1976,pact:AUS
GRC,1976,pact:AUS
ISL,1976,pact:AUS
ITA,1976,pact:AUS
JPN,1976,pact:AUS
KOR,1976,pact:AUS
LUX,1976,pact:AUS
NLD,1976,pact:AUS
NOR,1976,pact:AUS
NZL,1976,pact:AUS
PAK,1976,pact:AUS
PHL,1976,pact:AUS
PRT,1976,pact:AUS
TCD,1976,pact:AUS
TUR,1976,pact:AUS
TWN,1976,pact:AUS
USA,1976,pact:AUS
ETH,1976,pact:ETH
KEN,1976,pact:ETH
BDI,1976,pact:BDI
COD,1976,pact:BDI
RWA,1976,pact:BDI
AUS,1977,pact:AUS
BEL,1977,pact:AUS
CAN,1977,pact:AUS
COG,1977,pact:AUS
DNK,1977,pact:AUS
FRA,1977,pact:AUS
GAB,1977,pact:AUS
GBR,1977,pact:AUS
GER,1977,pact:AUS
GRC,1977,pact:AUS
ISL,1977,pact:AUS
ITA,1977,pact:AUS
JPN,1977,pact:AUS
KOR,1977,pact:AUS
LUX,1977,pact:AUS
NLD,1977,pact:AUS
NOR,1977,pact:AUS
NZL,1977,pact:AUS
PAK,1977,pact:AUS
PHL,1977,pact:AUS
PRT,1977,pact:AUS
TCD,1977,pact:AUS
TUR,1977,pact:AUS
TWN,1977,pact:AUS
USA,1977,pact:AUS
BGR,1977,pact:BGR
CHN,1977,pact:BGR
CSK,1977,pact:BGR
DDR,1977,pact:BGR
FIN,1977,pact:BGR
HUN,1977,pact:BGR
MNG,1977,pact:BGR
POL,1977,pact:BGR
PRK,1977,pact:BGR
ROU,1977,pact:BGR
RUS,1977,pact:BGR
ARG,1977,pact:ARG
BOL,1977,pact:ARG
BRA,1977,pact:ARG
BRB,1977,pact:ARG
CHL,1977,pact:ARG
COL,1977,pact:ARG
CRI,1977,pact:ARG
DOM,1977,pact:ARG
ECU,1977,pact:ARG
GRD,1977,pact:ARG
GTM,1977,pact:ARG
HND,1977,pact:ARG
HTI,1977,pact:ARG
JAM,1977,pact:ARG
MEX,1977,pact:ARG
NIC,1977,pact:ARG
PAN,1977,pact:ARG
PER,1977,pact:ARG
PRY,1977,pact:ARG
SLV,1977,pact:ARG
SUR,1977,pact:ARG
TTO,1977,pact:ARG
URY,1977,pact:ARG
VEN,1977,pact:ARG
ARE,1977,pact:ARE
BHR,1977,pact:ARE
DZA,1977,pact:ARE
EGY,1977,pact:ARE
IRQ,1977,pact:ARE
JOR,1977,pact:ARE
KWT,1977,pact:ARE
LBN,1977,pact:ARE
LBY,1977,pact:ARE
MAR,1977,pact:ARE
NER,1977,pact:ARE
QAT,1977,pact:ARE
SAU,1977,pact:ARE
SDN,1977,pact:ARE
SOM,1977,pact:ARE
SYR,1977,pact:ARE
TUN,1977,pact:ARE
UGA,1977,pact:ARE
YEM,1977,pact:ARE
YMD,1977,pact:ARE
ETH,1977,pact:ETH
KEN,1977,pact:ETH
BDI,1977,pact:BDI
COD,1977,pact:BDI
RWA,1977,pact:BDI
AUS,1978,pact:AUS
BEL,1978,pact:AUS
CAN,1978,pact:AUS
COG,1978,pact:AUS
DNK,1978,pact:AUS
FRA,1978,pact:AUS
GAB,1978,pact:AUS
GBR,1978,pact:AUS
GER,1978,pact:AUS
GRC,1978,pact:AUS
ISL,1978,pact:AUS
ITA,1978,pact:AUS
JPN,1978,pact:AUS
KOR,1978,pact:AUS
LUX,1978,pact:AUS
NLD,1978,pact:AUS
NOR,1978,pact:AUS
NZL,1978,pact:AUS
PAK,1978,pact:AUS
PHL,1978,pact:AUS
PRT,1978,pact:AUS
TCD,1978,pact:AUS
TUR,1978,pact:AUS
TWN,1978,pact:AUS
USA,1978,pact:AUS
BGR,1978,pact:BGR
CHN,1978,pact:BGR
CSK,1978,pact:BGR
DDR,1978,pact:BGR
FIN,1978,pact:BGR
HUN,1978,pact:BGR
MNG,1978,pact:BGR
POL,1978,pact:BGR
PRK,1978,pact:BGR
ROU,1978,pact:BGR
RUS,1978,pact:BGR
ARG,1978,pact:ARG
BOL,1978,pact:ARG
BRA,1978,pact:ARG
BRB,1978,pact:ARG
CHL,1978,pact:ARG
COL,1978,pact:ARG
CRI,1978,pact:ARG
DOM,1978,pact:ARG
ECU,1978,pact:ARG
GRD,1978,pact:ARG
GTM,1978,pact:ARG
HND,1978,pact:ARG
HTI,1978,pact:ARG
JAM,1978,pact:ARG
MEX,1978,pact:ARG
NIC,1978,pact:ARG
PAN,1978,pact:ARG
PER,1978,pact:ARG
PRY,1978,pact:ARG
SLV,1978,pact:ARG
SUR,1978,pact:ARG
TTO,1978,pact:ARG
URY,1978,pact:ARG
VEN,1978,pact:ARG
ARE,1978,pact:ARE
BHR,1978,pact:ARE
DZA,1978,pact:ARE
EGY,1978,pact:ARE
IRQ,1978,pact:ARE
JOR,1978,pact:ARE
KWT,1978,pact:ARE
LBN,1978,pact:ARE
LBY,1978,pact:ARE
MAR,1978,pact:ARE
NER,1978,pact:ARE
QAT,1978,pact:ARE
SAU,1978,pact:ARE
SDN,1978,pact:ARE
SOM,1978,pact:ARE
SYR,1978,pact:ARE
TUN,1978,pact:ARE
UGA,1978,pact:ARE
YEM,1978,pact:ARE
YMD,1978,pact:ARE
ETH,1978,pact:ETH
KEN,1978,pact:ETH
BDI,1978,pact:BDI
COD,1978,pact:BDI
RWA,1978,pact:BDI
BGR,1979,pact:BGR
CHN,1979,pact:BGR
CSK,1979,pact:BGR
DDR,1979,pact:BGR
FIN,1979,pact:BGR
HUN,1979,pact:BGR
MNG,1979,pact:BGR
POL,1979,pact:BGR
PRK,1979,pact:BGR
ROU,1979,pact:BGR
RUS,1979,pact:BGR
ARG,1979,pact:ARG
BOL,1979,pact:ARG
BRA,1979,pact:ARG
BRB,1979,pact:ARG
CHL,1979,pact:ARG
COL,1979,pact:ARG
CRI,1979,pact:ARG
DMA,1979,pact:ARG
DOM,1979,pact:ARG
ECU,1979,pact:ARG
GRD,1979,pact:ARG
GTM,1979,pact:ARG
HND,1979,pact:ARG
HTI,1979,pact:ARG
JAM,1979,pact:ARG
LCA,1979,pact:ARG
MEX,1979,pact:ARG
NIC,1979,pact:ARG
PAN,1979,pact:ARG
PER,1979,pact:ARG
PRY,1979,pact:ARG
SLV,1979,pact:ARG
SUR,1979,pact:ARG
TTO,1979,pact:ARG
URY,1979,pact:ARG
VEN,1979,pact:ARG
ARE,1979,pact:ARE
BHR,1979,pact:ARE
DZA,1979,pact:ARE
EGY,1979,pact:ARE
IRQ,1979,pact:ARE
JOR,1979,pact:ARE
KWT,1979,pact:ARE
LBN,1979,pact:ARE
LBY,1979,pact:ARE
MAR,1979,pact:ARE
NER,1979,pact:ARE
QAT,1979,pact:ARE
SAU,1979,pact:ARE
SDN,1979,pact:ARE
SOM,1979,pact:ARE
SYR,1979,pact:ARE
TUN,1979,pact:ARE
UGA,1979,pact:ARE
YEM,1979,pact:ARE
YMD,1979,pact:ARE
AUS,1979,pact:AUS
BEL,1979,pact:AUS
CAN,1979,pact:AUS
DNK,1979,pact:AUS
FRA,1979,pact:AUS
GAB,1979,pact:AUS
GBR,1979,pact:AUS
GER,1979,pact:AUS
GRC,1979,pact:AUS
ISL,1979,pact:AUS
ITA,1979,pact:AUS
JPN,1979,pact:AUS
KOR,1979,pact:AUS
LUX,1979,pact:AUS
NLD,1979,pact:AUS
NOR,1979,pact:AUS
NZL,1979,pact:AUS
PAK,1979,pact:AUS
PHL,1979,pact:AUS
PRT,1979,pact:AUS
TUR,1979,pact:AUS
TWN,1979,pact:AUS
USA,1979,pact:AUS
ETH,1979,pact:ETH
KEN,1979,pact:ETH
BDI,1979,pact:BDI
COD,1979,pact:BDI
RWA,1979,pact:BDI
AUS,1980,pact:AUS
BEL,1980,pact:AUS
CAN,1980,pact:AUS
DNK,1980,pact:AUS
FRA,1980,pact:AUS
GAB,1980,pact:AUS
GBR,1980,pact:AUS
GER,1980,pact:AUS
GRC,1980,pact:AUS
ISL,1980,pact:AUS
ITA,1980,pact:AUS
JPN,1980,pact:AUS
KOR,1980,pact:AUS
LUX,1980,pact:AUS
MLT,1980,pact:AUS
NLD,1980,pact:AUS
NOR,1980,pact:AUS
NZL,1980,pact:AUS
PAK,1980,pact:AUS
PHL,1980,pact:AUS
PRT,1980,pact:AUS
TUR,1980,pact:AUS
TWN,1980,pact:AUS
USA,1980,pact:AUS
ARG,1980,pact:ARG
BOL,1980,pact:ARG
BRA,1980,pact:ARG
BRB,1980,pact:ARG
CHL,1980,pact:ARG
COL,1980,pact:ARG
CRI,1980,pact:ARG
DMA,1980,pact:ARG
DOM,1980,pact:ARG
ECU,1980,pact:ARG
GRD,1980,pact:ARG
GTM,1980,pact:ARG
HND,1980,pact:ARG
HTI,1980,pact:ARG
JAM,1980,pact:ARG
LCA,1980,pact:ARG
MEX,1980,pact:ARG
NIC,1980,pact:ARG
PAN,1980,pact:ARG
PER,1980,pact:ARG
PRY,1980,pact:ARG
SLV,1980,pact:ARG
SUR,1980,pact:ARG
TTO,1980,pact:ARG
URY,1980,pact:ARG
VEN,1980,pact:ARG
BGR,1980,pact:BGR
CHN,1980,pact:BGR
CSK,1980,pact:BGR
DDR,1980,pact:BGR
FIN,1980,pact:BGR
HUN,1980,pact:BGR
MNG,1980,pact:BGR
POL,1980,pact:BGR
PRK,1980,pact:BGR
ROU,1980,pact:BGR
RUS,1980,pact:BGR
ARE,1980,pact:ARE
BHR,1980,pact:ARE
DZA,1980,pact:ARE
EGY,1980,pact:ARE
IRQ,1980,pact:ARE
JOR,1980,pact:ARE
KWT,1980,pact:ARE
LBN,1980,pact:ARE
LBY,1980,pact:ARE
MAR,1980,pact:ARE
NER,1980,pact:ARE
QAT,1980,pact:ARE
SAU,1980,pact:ARE
SDN,1980,pact:ARE
SOM,1980,pact:ARE
SYR,1980,pact:ARE
TUN,1980,pact:ARE
YEM,1980,pact:ARE
YMD,1980,pact:ARE
ETH,1980,pact:ETH
KEN,1980,pact:ETH
BDI,1980,pact:BDI
COD,1980,pact:BDI
RWA,1980,pact:BDI
GIN,1980,pact:GIN
GNB,1980,pact:GIN
BEL,1981,pact:BEL
CAN,1981,pact:BEL
DNK,1981,pact:BEL
ESP,1981,pact:BEL
FRA,1981,pact:BEL
GAB,1981,pact:BEL
GBR,1981,pact:BEL
GER,1981,pact:BEL
GRC,1981,pact:BEL
ISL,1981,pact:BEL
ITA,1981,pact:BEL
LUX,1981,pact:BEL
MLT,1981,pact:BEL
NLD,1981,pact:BEL
NOR,1981,pact:BEL
PRT,1981,pact:BEL
TUR,1981,pact:BEL
BGR,1981,pact:BGR
CHN,1981,pact:BGR
CSK,1981,pact:BGR
DDR,1981,pact:BGR
FIN,1981,pact:BGR
HUN,1981,pact:BGR
MNG,1981,pact:BGR
POL,1981,pact:BGR
PRK,1981,pact:BGR
ROU,1981,pact:BGR
RUS,1981,pact:BGR
ARG,1981,pact:ARG
ATG,1981,pact:ARG
BOL,1981,pact:ARG
BRA,1981,pact:ARG
BRB,1981,pact:ARG
CHL,1981,pact:ARG
COL,1981,pact:ARG
CRI,1981,pact:ARG
DMA,1981,pact:ARG
DOM,1981,pact:ARG
ECU,1981,pact:ARG
GRD,1981,pact:ARG
GTM,1981,pact:ARG
HND,1981,pact:ARG
HTI,1981,pact:ARG
JAM,1981,pact:ARG
JPN,1981,pact:ARG
KNA,1981,pact:ARG
KOR,1981,pact:ARG
LCA,1981,pact:ARG
MEX,1981,pact:ARG
NIC,1981,pact:ARG
PAK,1981,pact:ARG
PAN,1981,pact:ARG
PER,1981,pact:ARG
PHL,1981,pact:ARG
PRY,1981,pact:ARG
SLV,1981,pact:ARG
SUR,1981,pact:ARG
TTO,1981,pact:ARG
URY,1981,pact:ARG
USA,1981,pact:ARG
VCT,1981,pact:ARG
VEN,1981,pact:ARG
ARE,1981,pact:ARE
BHR,1981,pact:ARE
DZA,1981,pact:ARE
EGY,1981,pact:ARE
ETH,1981,pact:ARE
IRQ,1981,pact:ARE
JOR,1981,pact:ARE
KEN,1981,pact:ARE
KWT,1981,pact:ARE
LBN,1981,pact:ARE
LBY,1981,pact:ARE
MAR,1981,pact:ARE
QAT,1981,pact:ARE
SAU,1981,pact:ARE
SDN,1981,pact:ARE
SOM,1981,pact:ARE
SYR,1981,pact:ARE
TUN,1981,pact:ARE
YEM,1981,pact:ARE
YMD,1981,pact:ARE
AUS,1981,pact:AUS
NZL,1981,pact:AUS
BDI,1981,pact:BDI
COD,1981,pact:BDI
RWA,1981,pact:BDI
BEN,1981,pact:BEN
BFA,1981,pact:BEN
CIV,1981,pact:BEN
CPV,1981,pact:BEN
GHA,1981,pact:BEN
GIN,1981,pact:BEN
GMB,1981,pact:BEN
GNB,1981,pact:BEN
LBR,1981,pact:BEN
MLI,1981,pact:BEN
MRT,1981,pact:BEN
NER,1981,pact:BEN
NGA,1981,pact:BEN
SEN,1981,pact:BEN
SLE,1981,pact:BEN
TGO,1981,pact:BEN
ARG,1982,pact:ARG
ATG,1982,pact:ARG
BHS,1982,pact:ARG
BOL,1982,pact:ARG
BRA,1982,pact:ARG
BRB,1982,pact:ARG
CHL,1982,pact:ARG
COL,1982,pact:ARG
CRI,1982,pact:ARG
DMA,1982,pact:ARG
DOM,1982,pact:ARG
ECU,1982,pact:ARG
GRD,1982,pact:ARG
GTM,1982,pact:ARG
HND,1982,pact:ARG
HTI,1982,pact:ARG
JAM,1982,pact:ARG
KNA,1982,pact:ARG
LCA,1982,pact:ARG
MEX,1982,pact:ARG
NIC,1982,pact:ARG
PAN,1982,pact:ARG
PER,1982,pact:ARG
PRY,1982,pact:ARG
SLV,1982,pact:ARG
SUR,1982,pact:ARG
TTO,1982,pact:ARG
URY,1982,pact:ARG
VCT,1982,pact:ARG
VEN,1982,pact:ARG
ARE,1982,pact:ARE
BHR,1982,pact:ARE
DZA,1982,pact:ARE
EGY,1982,pact:ARE
ETH,1982,pact:ARE
IRQ,1982,pact:ARE
JOR,1982,pact:ARE
KEN,1982,pact:ARE
KWT,1982,pact:ARE
LBN,1982,pact:ARE
LBY,1982,pact:ARE
MAR,1982,pact:ARE
QAT,1982,pact:ARE
SAU,1982,pact:ARE
SDN,1982,pact:ARE
SOM,1982,pact:ARE
SYR,1982,pact:ARE
TUN,1982,pact:ARE
YEM,1982,pact:ARE
YMD,1982,pact:ARE
AUS,1982,pact:AUS
BEL,1982,pact:AUS
CAN,1982,pact:AUS
DNK,1982,pact:AUS
ESP,1982,pact:AUS
FRA,1982,pact:AUS
GAB,1982,pact:AUS
GBR,1982,pact:AUS
GER,1982,pact:AUS
GRC,1982,pact:AUS
ISL,1982,pact:AUS
ITA,1982,pact:AUS
JPN,1982,pact:AUS
KOR,1982,pact:AUS
LUX,1982,pact:AUS
MLT,1982,pact:AUS
NLD,1982,pact:AUS
NOR,1982,pact:AUS
NZL,1982,pact:AUS
PAK,1982,pact:AUS
PHL,1982,pact:AUS
PRT,1982,pact:AUS
TUR,1982,pact:AUS
USA,1982,pact:AUS
BGR,1982,pact:BGR
CHN,1982,pact:BGR
CSK,1982,pact:BGR
DDR,1982,pact:BGR
FIN,1982,pact:BGR
HUN,1982,pact:BGR
MNG,1982,pact:BGR
POL,1982,pact:BGR
PRK,1982,pact:BGR
ROU,1982,pact:BGR
RUS,1982,pact:BGR
BDI,1982,pact:BDI
COD,1982,pact:BDI
RWA,1982,pact:BDI
BEN,1982,pact:BEN
BFA,1982,pact:BEN
CIV,1982,pact:BEN
CPV,1982,pact:BEN
GHA,1982,pact:BEN
GIN,1982,pact:BEN
GMB,1982,pact:BEN
GNB,1982,pact:BEN
LBR,1982,pact:BEN
MLI,1982,pact:BEN
MRT,1982,pact:BEN
NER,1982,pact:BEN
NGA,1982,pact:BEN
SEN,1982,pact:BEN
SLE,1982,pact:BEN
TGO,1982,pact:BEN
ARG,1983,pact:ARG
ATG,1983,pact:ARG
BHS,1983,pact:ARG
BOL,1983,pact:ARG
BRA,1983,pact:ARG
BRB,1983,pact:ARG
CHL,1983,pact:ARG
COL,1983,pact:ARG
CRI,1983,pact:ARG
DMA,1983,pact:ARG
DOM,1983,pact:ARG
ECU,1983,pact:ARG
GRD,1983,pact:ARG
GTM,1983,pact:ARG
HND,1983,pact:ARG
HTI,1983,pact:ARG
JAM,1983,pact:ARG
KNA,1983,pact:ARG
LCA,1983,pact:ARG
MEX,1983,pact:ARG
NIC,1983,pact:ARG
PAN,1983,pact:ARG
PER,1983,pact:ARG
PRY,1983,pact:ARG
SLV,1983,pact:ARG
SUR,1983,pact:ARG
TTO,1983,pact:ARG
URY,1983,pact:ARG
VCT,1983,pact:ARG
VEN,1983,pact:ARG
ARE,1983,pact:ARE
BHR,1983,pact:ARE
DZA,1983,pact:ARE
EGY,1983,pact:ARE
ETH,1983,pact:ARE
IRQ,1983,pact:ARE
JOR,1983,pact:ARE
KEN,1983,pact:ARE
KWT,1983,pact:ARE
LBN,1983,pact:ARE
LBY,1983,pact:ARE
MAR,1983,pact:ARE
QAT,1983,pact:ARE
SAU,1983,pact:ARE
SDN,1983,pact:ARE
SOM,1983,pact:ARE
SYR,1983,pact:ARE
TUN,1983,pact:ARE
YEM,1983,pact:ARE
YMD,1983,pact:ARE
AUS,1983,pact:AUS
BEL,1983,pact:AUS
CAN,1983,pact:AUS
DNK,1983,pact:AUS
ESP,1983,pact:AUS
FRA,1983,pact:AUS
GAB,1983,pact:AUS
GBR,1983,pact:AUS
GER,1983,pact:AUS
GRC,1983,pact:AUS
ISL,1983,pact:AUS
ITA,1983,pact:AUS
JPN,1983,pact:AUS
KOR,1983,pact:AUS
LUX,1983,pact:AUS
MLT,1983,pact:AUS
NLD,1983,pact:AUS
NOR,1983,pact:AUS
NZL,1983,pact:AUS
PAK,1983,pact:AUS
PHL,1983,pact:AUS
PRT,1983,pact:AUS
TUR,1983,pact:AUS
USA,1983,pact:AUS
BGR,1983,pact:BGR
CHN,1983,pact:BGR
CSK,1983,pact:BGR
DDR,1983,pact:BGR
FIN,1983,pact:BGR
HUN,1983,pact:BGR
MNG,1983,pact:BGR
POL,1983,pact:BGR
PRK,1983,pact:BGR
ROU,1983,pact:BGR
RUS,1983,pact:BGR
BDI,1983,pact:BDI
COD,1983,pact:BDI
RWA,1983,pact:BDI
BEN,1983,pact:BEN
BFA,1983,pact:BEN
CIV,1983,pact:BEN
CPV,1983,pact:BEN
GHA,1983,pact:BEN
GIN,1983,pact:BEN
GMB,1983,pact:BEN
GNB,1983,pact:BEN
LBR,1983,pact:BEN
MLI,1983,pact:BEN
MRT,1983,pact:BEN
NER,1983,pact:BEN
NGA,1983,pact:BEN
SEN,1983,pact:BEN
SLE,1983,pact:BEN
TGO,1983,pact:BEN
ARG,1984,pact:ARG
ATG,1984,pact:ARG
BHS,1984,pact:ARG
BOL,1984,pact:ARG
BRA,1984,pact:ARG
BRB,1984,pact:ARG
CHL,1984,pact:ARG
COL,1984,pact:ARG
CRI,1984,pact:ARG
DMA,1984,pact:ARG
DOM,1984,pact:ARG
ECU,1984,pact:ARG
GRD,1984,pact:ARG
GTM,1984,pact:ARG
HND,1984,pact:ARG
HTI,1984,pact:ARG
JAM,1984,pact:ARG
KNA,1984,pact:ARG
LCA,1984,pact:ARG
MEX,1984,pact:ARG
NIC,1984,pact:ARG
PAN,1984,pact:ARG
PER,1984,pact:ARG
PRY,1984,pact:ARG
SLV,1984,pact:ARG
SUR,1984,pact:ARG
TTO,1984,pact:ARG
URY,1984,pact:ARG
VCT,1984,pact:ARG
VEN,1984,pact:ARG
ARE,1984,pact:ARE
BHR,1984,pact:ARE
DZA,1984,pact:ARE
EGY,1984,pact:ARE
ETH,1984,pact:ARE
IRQ,1984,pact:ARE
JOR,1984,pact:ARE
KEN,1984,pact:ARE
KWT,1984,pact:ARE
LBN,1984,pact:ARE
LBY,1984,pact:ARE
MAR,1984,pact:ARE
QAT,1984,pact:ARE
SAU,1984,pact:ARE
SDN,1984,pact:ARE
SOM,1984,pact:ARE
SYR,1984,pact:ARE
TUN,1984,pact:ARE
YEM,1984,pact:ARE
YMD,1984,pact:ARE
AUS,1984,pact:AUS
BEL,1984,pact:AUS
CAN,1984,pact:AUS
DNK,1984,pact:AUS
ESP,1984,pact:AUS
FRA,1984,pact:AUS
GAB,1984,pact:AUS
GBR,1984,pact:AUS
GER,1984,pact:AUS
GRC,1984,pact:AUS
ISL,1984,pact:AUS
ITA,1984,pact:AUS
JPN,1984,pact:AUS
KOR,1984,pact:AUS
LUX,1984,pact:AUS
MLT,1984,pact:AUS
NLD,1984,pact:AUS
NOR,1984,pact:AUS
NZL,1984,pact:AUS
PAK,1984,pact:AUS
PHL,1984,pact:AUS
PRT,1984,pact:AUS
TUR,1984,pact:AUS
USA,1984,pact:AUS
BGR,1984,pact:BGR
CHN,1984,pact:BGR
CSK,1984,pact:BGR
DDR,1984,pact:BGR
FIN,1984,pact:BGR
HUN,1984,pact:BGR
MNG,1984,pact:BGR
POL,1984,pact:BGR
PRK,1984,pact:BGR
ROU,1984,pact:BGR
RUS,1984,pact:BGR
BDI,1984,pact:BDI
COD,1984,pact:BDI
RWA,1984,pact:BDI
BEN,1984,pact:BEN
BFA,1984,pact:BEN
CIV,1984,pact:BEN
CPV,1984,pact:BEN
GHA,1984,pact:BEN
GIN,1984,pact:BEN
GMB,1984,pact:BEN
GNB,1984,pact:BEN
LBR,1984,pact:BEN
MLI,1984,pact:BEN
MRT,1984,pact:BEN
NER,1984,pact:BEN
NGA,1984,pact:BEN
SEN,1984,pact:BEN
SLE,1984,pact:BEN
TGO,1984,pact:BEN
BGR,1985,pact:BGR
CHN,1985,pact:BGR
CSK,1985,pact:BGR
DDR,1985,pact:BGR
FIN,1985,pact:BGR
HUN,1985,pact:BGR
MNG,1985,pact:BGR
POL,1985,pact:BGR
PRK,1985,pact:BGR
ROU,1985,pact:BGR
RUS,1985,pact:BGR
ARG,1985,pact:ARG
ATG,1985,pact:ARG
BHS,1985,pact:ARG
BOL,1985,pact:ARG
BRA,1985,pact:ARG
BRB,1985,pact:ARG
CHL,1985,pact:ARG
COL,1985,pact:ARG
CRI,1985,pact:ARG
DMA,1985,pact:ARG
DOM,1985,pact:ARG
ECU,1985,pact:ARG
GRD,1985,pact:ARG
GTM,1985,pact:ARG
HND,1985,pact:ARG
HTI,1985,pact:ARG
JAM,1985,pact:ARG
KNA,1985,pact:ARG
LCA,1985,pact:ARG
MEX,1985,pact:ARG
NIC,1985,pact:ARG
PAN,1985,pact:ARG
PER,1985,pact:ARG
PRY,1985,pact:ARG
SLV,1985,pact:ARG
SUR,1985,pact:ARG
TTO,1985,pact:ARG
URY,1985,pact:ARG
VCT,1985,pact:ARG
VEN,1985,pact:ARG
ARE,1985,pact:ARE
BHR,1985,pact:ARE
DZA,1985,pact:ARE
EGY,1985,pact:ARE
ETH,1985,pact:ARE
IRQ,1985,pact:ARE
JOR,1985,pact:ARE
KEN,1985,pact:ARE
KWT,1985,pact:ARE
LBN,1985,pact:ARE
LBY,1985,pact:ARE
MAR,1985,pact:ARE
QAT,1985,pact:ARE
SAU,1985,pact:ARE
SDN,1985,pact:ARE
SOM,1985,pact:ARE
SYR,1985,pact:ARE
TUN,1985,pact:ARE
YEM,1985,pact:ARE
YMD,1985,pact:ARE
AUS,1985,pact:AUS
BEL,1985,pact:AUS
CAN,1985,pact:AUS
DNK,1985,pact:AUS
ESP,1985,pact:AUS
FRA,1985,pact:AUS
GAB,1985,pact:AUS
GBR,1985,pact:AUS
GER,1985,pact:AUS
GRC,1985,pact:AUS
ISL,1985,pact:AUS
ITA,1985,pact:AUS
JPN,1985,pact:AUS
KOR,1985,pact:AUS
LUX,1985,pact:AUS
NLD,1985,pact:AUS
NOR,1985,pact:AUS
NZL,1985,pact:AUS
PAK,1985,pact:AUS
PHL,1985,pact:AUS
PRT,1985,pact:AUS
TUR,1985,pact:AUS
USA,1985,pact:AUS
BDI,1985,pact:BDI
COD,1985,pact:BDI
RWA,1985,pact:BDI
BEN,1985,pact:BEN
BFA,1985,pact:BEN
CIV,1985,pact:BEN
CPV,1985,pact:BEN
GHA,1985,pact:BEN
GIN,1985,pact:BEN
GMB,1985,pact:BEN
GNB,1985,pact:BEN
LBR,1985,pact:BEN
MLI,1985,pact:BEN
MRT,1985,pact:BEN
NER,1985,pact:BEN
NGA,1985,pact:BEN
SEN,1985,pact:BEN
SLE,1985,pact:BEN
TGO,1985,pact:BEN
BGR,1986,pact:BGR
CHN,1986,pact:BGR
CSK,1986,pact:BGR
DDR,1986,pact:BGR
FIN,1986,pact:BGR
HUN,1986,pact:BGR
MNG,1986,pact:BGR
POL,1986,pact:BGR
PRK,1986,pact:BGR
ROU,1986,pact:BGR
RUS,1986,pact:BGR
ARG,1986,pact:ARG
ATG,1986,pact:ARG
BHS,1986,pact:ARG
BOL,1986,pact:ARG
BRA,1986,pact:ARG
BRB,1986,pact:ARG
CHL,1986,pact:ARG
COL,1986,pact:ARG
CRI,1986,pact:ARG
DMA,1986,pact:ARG
DOM,1986,pact:ARG
ECU,1986,pact:ARG
GRD,1986,pact:ARG
GTM,1986,pact:ARG
HND,1986,pact:ARG
HTI,1986,pact:ARG
JAM,1986,pact:ARG
KNA,1986,pact:ARG
LCA,1986,pact:ARG
MEX,1986,pact:ARG
NIC,1986,pact:ARG
PAN,1986,pact:ARG
PER,1986,pact:ARG
PRY,1986,pact:ARG
SLV,1986,pact:ARG
SUR,1986,pact:ARG
TTO,1986,pact:ARG
URY,1986,pact:ARG
VCT,1986,pact:ARG
VEN,1986,pact:ARG
ARE,1986,pact:ARE
BHR,1986,pact:ARE
DZA,1986,pact:ARE
EGY,1986,pact:ARE
ETH,1986,pact:ARE
IRQ,1986,pact:ARE
JOR,1986,pact:ARE
KEN,1986,pact:ARE
KWT,1986,pact:ARE
LBN,1986,pact:ARE
LBY,1986,pact:ARE
MAR,1986,pact:ARE
QAT,1986,pact:ARE
SAU,1986,pact:ARE
SDN,1986,pact:ARE
SOM,1986,pact:ARE
SYR,1986,pact:ARE
TUN,1986,pact:ARE
YEM,1986,pact:ARE
YMD,1986,pact:ARE
AUS,1986,pact:AUS
BEL,1986,pact:AUS
CAN,1986,pact:AUS
DNK,1986,pact:AUS
ESP,1986,pact:AUS
FRA,1986,pact:AUS
GAB,1986,pact:AUS
GBR,1986,pact:AUS
GER,1986,pact:AUS
GRC,1986,pact:AUS
ISL,1986,pact:AUS
ITA,1986,pact:AUS
JPN,1986,pact:AUS
KOR,1986,pact:AUS
LUX,1986,pact:AUS
NLD,1986,pact:AUS
NOR,1986,pact:AUS
NZL,1986,pact:AUS
PAK,1986,pact:AUS
PHL,1986,pact:AUS
PRT,1986,pact:AUS
TUR,1986,pact:AUS
USA,1986,pact:AUS
BDI,1986,pact:BDI
COD,1986,pact:BDI
RWA,1986,pact:BDI
BEN,1986,pact:BEN
BFA,1986,pact:BEN
CIV,1986,pact:BEN
CPV,1986,pact:BEN
GHA,1986,pact:BEN
GIN,1986,pact:BEN
GMB,1986,pact:BEN
GNB,1986,pact:BEN
LBR,1986,pact:BEN
MLI,1986,pact:BEN
MRT,1986,pact:BEN
NER,1986,pact:BEN
NGA,1986,pact:BEN
SEN,1986,pact:BEN
SLE,1986,pact:BEN
TGO,1986,pact:BEN
AUS,1987,pact:AUS
BEL,1987,pact:AUS
CAN,1987,pact:AUS
DNK,1987,pact:AUS
ESP,1987,pact:AUS
FRA,1987,pact:AUS
GAB,1987,pact:AUS
GBR,1987,pact:AUS
GER,1987,pact:AUS
GRC,1987,pact:AUS
ISL,1987,pact:AUS
ITA,1987,pact:AUS
JPN,1987,pact:AUS
KOR,1987,pact:AUS
LUX,1987,pact:AUS
NLD,1987,pact:AUS
NOR,1987,pact:AUS
PAK,1987,pact:AUS
PHL,1987,pact:AUS
PRT,1987,pact:AUS
TUR,1987,pact:AUS
USA,1987,pact:AUS
BGR,1987,pact:BGR
CHN,1987,pact:BGR
CSK,1987,pact:BGR
DDR,1987,pact:BGR
FIN,1987,pact:BGR
HUN,1987,pact:BGR
MNG,1987,pact:BGR
POL,1987,pact:BGR
PRK,1987,pact:BGR
ROU,1987,pact:BGR
RUS,1987,pact:BGR
ARG,1987,pact:ARG
ATG,1987,pact:ARG
BHS,1987,pact:ARG
BOL,1987,pact:ARG
BRA,1987,pact:ARG
BRB,1987,pact:ARG
CHL,1987,pact:ARG
COL,1987,pact:ARG
CRI,1987,pact:ARG
DMA,1987,pact:ARG
DOM,1987,pact:ARG
ECU,1987,pact:ARG
GRD,1987,pact:ARG
GTM,1987,pact:ARG
HND,1987,pact:ARG
HTI,1987,pact:ARG
JAM,1987,pact:ARG
KNA,1987,pact:ARG
LCA,1987,pact:ARG
MEX,1987,pact:ARG
NIC,1987,pact:ARG
PAN,1987,pact:ARG
PER,1987,pact:ARG
PRY,1987,pact:ARG
SLV,1987,pact:ARG
SUR,1987,pact:ARG
TTO,1987,pact:ARG
URY,1987,pact:ARG
VCT,1987,pact:ARG
VEN,1987,pact:ARG
ARE,1987,pact:ARE
BHR,1987,pact:ARE
DZA,1987,pact:ARE
EGY,1987,pact:ARE
IRQ,1987,pact:ARE
JOR,1987,pact:ARE
KWT,1987,pact:ARE
LBN,1987,pact:ARE
LBY,1987,pact:ARE
MAR,1987,pact:ARE
QAT,1987,pact:ARE
SAU,1987,pact:ARE
SDN,1987,pact:ARE
SOM,1987,pact:ARE
SYR,1987,pact:ARE
TUN,1987,pact:ARE
YEM,1987,pact:ARE
YMD,1987,pact:ARE
ETH,1987,pact:ETH
KEN,1987,pact:ETH
BDI,1987,pact:BDI
COD,1987,pact:BDI
RWA,1987,pact:BDI
BEN,1987,pact:BEN
BFA,1987,pact:BEN
CIV,1987,pact:BEN
CPV,1987,pact:BEN
GHA,1987,pact:BEN
GIN,1987,pact:BEN
GMB,1987,pact:BEN
GNB,1987,pact:BEN
LBR,1987,pact:BEN
MLI,1987,pact:BEN
MRT,1987,pact:BEN
NER,1987,pact:BEN
NGA,1987,pact:BEN
SEN,1987,pact:BEN
SLE,1987,pact:BEN
TGO,1987,pact:BEN
AUS,1988,pact:AUS
BEL,1988,pact:AUS
CAN,1988,pact:AUS
DNK,1988,pact:AUS
ESP,1988,pact:AUS
FRA,1988,pact:AUS
GAB,1988,pact:AUS
GBR,1988,pact:AUS
GER,1988,pact:AUS
GRC,1988,pact:AUS
ISL,1988,pact:AUS
ITA,1988,pact:AUS
JPN,1988,pact:AUS
KOR,1988,pact:AUS
LUX,1988,pact:AUS
NLD,1988,pact:AUS
NOR,1988,pact:AUS
PAK,1988,pact:AUS
PHL,1988,pact:AUS
PRT,1988,pact:AUS
TUR,1988,pact:AUS
USA,1988,pact:AUS
BGR,1988,pact:BGR
CHN,1988,pact:BGR
CSK,1988,pact:BGR
DDR,1988,pact:BGR
FIN,1988,pact:BGR
HUN,1988,pact:BGR
MNG,1988,pact:BGR
POL,1988,pact:BGR
PRK,1988,pact:BGR
ROU,1988,pact:BGR
RUS,1988,pact:BGR
ARG,1988,pact:ARG
ATG,1988,pact:ARG
BHS,1988,pact:ARG
BOL,1988,pact:ARG
BRA,1988,pact:ARG
BRB,1988,pact:ARG
CHL,1988,pact:ARG
COL,1988,pact:ARG
CRI,1988,pact:ARG
DMA,1988,pact:ARG
DOM,1988,pact:ARG
ECU,1988,pact:ARG
GRD,1988,pact:ARG
GTM,1988,pact:ARG
HND,1988,pact:ARG
HTI,1988,pact:ARG
JAM,1988,pact:ARG
KNA,1988,pact:ARG
LCA,1988,pact:ARG
MEX,1988,pact:ARG
NIC,1988,pact:ARG
PAN,1988,pact:ARG
PER,1988,pact:ARG
PRY,1988,pact:ARG
SLV,1988,pact:ARG
SUR,1988,pact:ARG
TTO,1988,pact:ARG
URY,1988,pact:ARG
VCT,1988,pact:ARG
VEN,1988,pact:ARG
ARE,1988,pact:ARE
BHR,1988,pact:ARE
DZA,1988,pact:ARE
EGY,1988,pact:ARE
IRQ,1988,pact:ARE
JOR,1988,pact:ARE
KWT,1988,pact:ARE
LBN,1988,pact:ARE
LBY,1988,pact:ARE
MAR,1988,pact:ARE
QAT,1988,pact:ARE
SAU,1988,pact:ARE
SDN,1988,pact:ARE
SOM,1988,pact:ARE
SYR,1988,pact:ARE
TUN,1988,pact:ARE
YEM,1988,pact:ARE
YMD,1988,pact:ARE
ETH,1988,pact:ETH
KEN,1988,pact:ETH
BDI,1988,pact:BDI
COD,1988,pact:BDI
RWA,1988,pact:BDI
BEN,1988,pact:BEN
BFA,1988,pact:BEN
CIV,1988,pact:BEN
CPV,1988,pact:BEN
GHA,1988,pact:BEN
GIN,1988,pact:BEN
GMB,1988,pact:BEN
GNB,1988,pact:BEN
LBR,1988,pact:BEN
MLI,1988,pact:BEN
MRT,1988,pact:BEN
NER,1988,pact:BEN
NGA,1988,pact:BEN
SEN,1988,pact:BEN
SLE,1988,pact:BEN
TGO,1988,pact:BEN
AUS,1989,pact:AUS
BEL,1989,pact:AUS
CAN,1989,pact:AUS
DNK,1989,pact:AUS
ESP,1989,pact:AUS
FRA,1989,pact:AUS
GAB,1989,pact:AUS
GBR,1989,pact:AUS
GER,1989,pact:AUS
GRC,1989,pact:AUS
ISL,1989,pact:AUS
ITA,1989,pact:AUS
JPN,1989,pact:AUS
KOR,1989,pact:AUS
LUX,1989,pact:AUS
NLD,1989,pact:AUS
NOR,1989,pact:AUS
PAK,1989,pact:AUS
PHL,1989,pact:AUS
PRT,1989,pact:AUS
TUR,1989,pact:AUS
USA,1989,pact:AUS
BGR,1989,pact:BGR
CHN,1989,pact:BGR
CSK,1989,pact:BGR
DDR,1989,pact:BGR
FIN,1989,pact:BGR
HUN,1989,pact:BGR
MNG,1989,pact:BGR
POL,1989,pact:BGR
PRK,1989,pact:BGR
ROU,1989,pact:BGR
RUS,1989,pact:BGR
ARG,1989,pact:ARG
ATG,1989,pact:ARG
BHS,1989,pact:ARG
BOL,1989,pact:ARG
BRA,1989,pact:ARG
BRB,1989,pact:ARG
CHL,1989,pact:ARG
COL,1989,pact:ARG
CRI,1989,pact:ARG
DMA,1989,pact:ARG
DOM,1989,pact:ARG
ECU,1989,pact:ARG
GRD,1989,pact:ARG
GTM,1989,pact:ARG
HND,1989,pact:ARG
HTI,1989,pact:ARG
JAM,1989,pact:ARG
KNA,1989,pact:ARG
LCA,1989,pact:ARG
MEX,1989,pact:ARG
NIC,1989,pact:ARG
PAN,1989,pact:ARG
PER,1989,pact:ARG
PRY,1989,pact:ARG
SLV,1989,pact:ARG
SUR,1989,pact:ARG
TTO,1989,pact:ARG
URY,1989,pact:ARG
VCT,1989,pact:ARG
VEN,1989,pact:ARG
ARE,1989,pact:ARE
BHR,1989,pact:ARE
DZA,1989,pact:ARE
EGY,1989,pact:ARE
IRQ,1989,pact:ARE
JOR,1989,pact:ARE
KWT,1989,pact:ARE
LBN,1989,pact:ARE
LBY,1989,pact:ARE
MAR,1989,pact:ARE
QAT,1989,pact:ARE
SAU,1989,pact:ARE
SDN,1989,pact:ARE
SOM,1989,pact:ARE
SYR,1989,pact:ARE
TUN,1989,pact:ARE
YEM,1989,pact:ARE
YMD,1989,pact:ARE
ETH,1989,pact:ETH
KEN,1989,pact:ETH
BDI,1989,pact:BDI
COD,1989,pact:BDI
RWA,1989,pact:BDI
BEN,1989,pact:BEN
BFA,1989,pact:BEN
CIV,1989,pact:BEN
CPV,1989,pact:BEN
GHA,1989,pact:BEN
GIN,1989,pact:BEN
GMB,1989,pact:BEN
GNB,1989,pact:BEN
LBR,1989,pact:BEN
MLI,1989,pact:BEN
MRT,1989,pact:BEN
NER,1989,pact:BEN
NGA,1989,pact:BEN
SEN,1989,pact:BEN
SLE,1989,pact:BEN
TGO,1989,pact:BEN
AUS,1990,pact:AUS
BEL,1990,pact:AUS
CAN,1990,pact:AUS
DEU,1990,pact:AUS
DNK,1990,pact:AUS
ESP,1990,pact:AUS
FRA,1990,pact:AUS
GAB,1990,pact:AUS
GBR,1990,pact:AUS
GER,1990,pact:AUS
GRC,1990,pact:AUS
ISL,1990,pact:AUS
ITA,1990,pact:AUS
JPN,1990,pact:AUS
KOR,1990,pact:AUS
LUX,1990,pact:AUS
NLD,1990,pact:AUS
NOR,1990,pact:AUS
PAK,1990,pact:AUS
PHL,1990,pact:AUS
PRT,1990,pact:AUS
TUR,1990,pact:AUS
USA,1990,pact:AUS
CHN,1990,pact:CHN
FIN,1990,pact:CHN
MNG,1990,pact:CHN
PRK,1990,pact:CHN
RUS,1990,pact:CHN
ARG,1990,pact:ARG
ATG,1990,pact:ARG
BHS,1990,pact:ARG
BOL,1990,pact:ARG
BRA,1990,pact:ARG
BRB,1990,pact:ARG
CHL,1990,pact:ARG
COL,1990,pact:ARG
CRI,1990,pact:ARG
DMA,1990,pact:ARG
DOM,1990,pact:ARG
ECU,1990,pact:ARG
GRD,1990,pact:ARG
GTM,1990,pact:ARG
HND,1990,pact:ARG
HTI,1990,pact:ARG
JAM,1990,pact:ARG
KNA,1990,pact:ARG
LCA,1990,pact:ARG
MEX,1990,pact:ARG
NIC,1990,pact:ARG
PAN,1990,pact:ARG
PER,1990,pact:ARG
PRY,1990,pact:ARG
SLV,1990,pact:ARG
SUR,1990,pact:ARG
TTO,1990,pact:ARG
URY,1990,pact:ARG
VCT,1990,pact:ARG
VEN,1990,pact:ARG
ARE,1990,pact:ARE
BHR,1990,pact:ARE
DZA,1990,pact:ARE
EGY,1990,pact:ARE
IRQ,1990,pact:ARE
JOR,1990,pact:ARE
KWT,1990,pact:ARE
LBN,1990,pact:ARE
LBY,1990,pact:ARE
MAR,1990,pact:ARE
QAT,1990,pact:ARE
SAU,1990,pact:ARE
SDN,1990,pact:ARE
SOM,1990,pact:ARE
SYR,1990,pact:ARE
TUN,1990,pact:ARE
YEM,1990,pact:ARE
YMD,1990,pact:ARE
ETH,1990,pact:ETH
KEN,1990,pact:ETH
BDI,1990,pact:BDI
COD,1990,pact:BDI
RWA,1990,pact:BDI
BEN,1990,pact:BEN
BFA,1990,pact:BEN
CIV,1990,pact:BEN
CPV,1990,pact:BEN
GHA,1990,pact:BEN
GIN,1990,pact:BEN
GMB,1990,pact:BEN
GNB,1990,pact:BEN
LBR,1990,pact:BEN
MLI,1990,pact:BEN
MRT,1990,pact:BEN
NER,1990,pact:BEN
NGA,1990,pact:BEN
SEN,1990,pact:BEN
SLE,1990,pact:BEN
TGO,1990,pact:BEN
CHN,1991,pact:CHN
FIN,1991,pact:CHN
MNG,1991,pact:CHN
PRK,1991,pact:CHN
RUS,1991,pact:CHN
ARG,1991,pact:ARG
ATG,1991,pact:ARG
BHS,1991,pact:ARG
BLZ,1991,pact:ARG
BOL,1991,pact:ARG
BRA,1991,pact:ARG
BRB,1991,pact:ARG
CHL,1991,pact:ARG
COL,1991,pact:ARG
CRI,1991,pact:ARG
DMA,1991,pact:ARG
DOM,1991,pact:ARG
ECU,1991,pact:ARG
GRD,1991,pact:ARG
GTM,1991,pact:ARG
GUY,1991,pact:ARG
HND,1991,pact:ARG
HTI,1991,pact:ARG
JAM,1991,pact:ARG
KNA,1991,pact:ARG
LCA,1991,pact:ARG
MEX,1991,pact:ARG
NIC,1991,pact:ARG
PAN,1991,pact:ARG
PER,1991,pact:ARG
PRY,1991,pact:ARG
SLV,1991,pact:ARG
SUR,1991,pact:ARG
TTO,1991,pact:ARG
URY,1991,pact:ARG
VCT,1991,pact:ARG
VEN,1991,pact:ARG
AUS,1991,pact:AUS
BEL,1991,pact:AUS
CAN,1991,pact:AUS
DEU,1991,pact:AUS
DNK,1991,pact:AUS
ESP,1991,pact:AUS
FRA,1991,pact:AUS
GAB,1991,pact:AUS
GBR,1991,pact:AUS
GER,1991,pact:AUS
GRC,1991,pact:AUS
ISL,1991,pact:AUS
ITA,1991,pact:AUS
JPN,1991,pact:AUS
KOR,1991,pact:AUS
LUX,1991,pact:AUS
NLD,1991,pact:AUS
NOR,1991,pact:AUS
PAK,1991,pact:AUS
PHL,1991,pact:AUS
PRT,1991,pact:AUS
TUR,1991,pact:AUS
USA,1991,pact:AUS
ARE,1991,pact:ARE
BHR,1991,pact:ARE
DZA,1991,pact:ARE
EGY,1991,pact:ARE
IRQ,1991,pact:ARE
JOR,1991,pact:ARE
KWT,1991,pact:ARE
LBN,1991,pact:ARE
LBY,1991,pact:ARE
MAR,1991,pact:ARE
QAT,1991,pact:ARE
SAU,1991,pact:ARE
SDN,1991,pact:ARE
SOM,1991,pact:ARE
SYR,1991,pact:ARE
TUN,1991,pact:ARE
YEM,1991,pact:ARE
ETH,1991,pact:ETH
KEN,1991,pact:ETH
BDI,1991,pact:BDI
COD,1991,pact:BDI
RWA,1991,pact:BDI
BEN,1991,pact:BEN
BFA,1991,pact:BEN
CIV,1991,pact:BEN
CPV,1991,pact:BEN
GHA,1991,pact:BEN
GIN,1991,pact:BEN
GMB,1991,pact:BEN
GNB,1991,pact:BEN
LBR,1991,pact:BEN
MLI,1991,pact:BEN
MRT,1991,pact:BEN
NER,1991,pact:BEN
NGA,1991,pact:BEN
SEN,1991,pact:BEN
SLE,1991,pact:BEN
TGO,1991,pact:BEN
AUS,1992,pact:AUS
BEL,1992,pact:AUS
CAN,1992,pact:AUS
DEU,1992,pact:AUS
DNK,1992,pact:AUS
ESP,1992,pact:AUS
FRA,1992,pact:AUS
GAB,1992,pact:AUS
GBR,1992,pact:AUS
GER,1992,pact:AUS
GRC,1992,pact:AUS
ISL,1992,pact:AUS
ITA,1992,pact:AUS
JPN,1992,pact:AUS
KOR,1992,pact:AUS
LUX,1992,pact:AUS
NLD,1992,pact:AUS
NOR,1992,pact:AUS
PAK,1992,pact:AUS
PHL,1992,pact:AUS
PRT,1992,pact:AUS
TUR,1992,pact:AUS
USA,1992,pact:AUS
ARG,1992,pact:ARG
ATG,1992,pact:ARG
BHS,1992,pact:ARG
BLZ,1992,pact:ARG
BOL,1992,pact:ARG
BRA,1992,pact:ARG
BRB,1992,pact:ARG
CHL,1992,pact:ARG
COL,1992,pact:ARG
CRI,1992,pact:ARG
DMA,1992,pact:ARG
DOM,1992,pact:ARG
ECU,1992,pact:ARG
GRD,1992,pact:ARG
GTM,1992,pact:ARG
GUY,1992,pact:ARG
HND,1992,pact:ARG
HTI,1992,pact:ARG
JAM,1992,pact:ARG
KNA,1992,pact:ARG
LCA,1992,pact:ARG
MEX,1992,pact:ARG
NIC,1992,pact:ARG
PAN,1992,pact:ARG
PER,1992,pact:ARG
PRY,1992,pact:ARG
SLV,1992,pact:ARG
SUR,1992,pact:ARG
TTO,1992,pact:ARG
URY,1992,pact:ARG
VCT,1992,pact:ARG
VEN,1992,pact:ARG
ARE,1992,pact:ARE
BHR,1992,pact:ARE
DZA,1992,pact:ARE
EGY,1992,pact:ARE
IRQ,1992,pact:ARE
JOR,1992,pact:ARE
KWT,1992,pact:ARE
LBN,1992,pact:ARE
LBY,1992,pact:ARE
MAR,1992,pact:ARE
QAT,1992,pact:ARE
SAU,1992,pact:ARE
SDN,1992,pact:ARE
SOM,1992,pact:ARE
SYR,1992,pact:ARE
TUN,1992,pact:ARE
YEM,1992,pact:ARE
ARM,1992,pact:ARM
AZE,1992,pact:ARM
BLR,1992,pact:ARM
CHN,1992,pact:ARM
GEO,1992,pact:ARM
KAZ,1992,pact:ARM
KGZ,1992,pact:ARM
PRK,1992,pact:ARM
RUS,1992,pact:ARM
TJK,1992,pact:ARM
TKM,1992,pact:ARM
UZB,1992,pact:ARM
ETH,1992,pact:ETH
KEN,1992,pact:ETH
BDI,1992,pact:BDI
COD,1992,pact:BDI
RWA,1992,pact:BDI
BEN,1992,pact:BEN
BFA,1992,pact:BEN
CIV,1992,pact:BEN
CPV,1992,pact:BEN
GHA,1992,pact:BEN
GIN,1992,pact:BEN
GMB,1992,pact:BEN
GNB,1992,pact:BEN
LBR,1992,pact:BEN
MLI,1992,pact:BEN
MRT,1992,pact:BEN
NER,1992,pact:BEN
NGA,1992,pact:BEN
SEN,1992,pact:BEN
SLE,1992,pact:BEN
TGO,1992,pact:BEN
BIH,1992,pact:BIH
HRV,1992,pact:BIH
CZE,1992,pact:CZE
SVK,1992,pact:CZE
AUS,1993,pact:AUS
BEL,1993,pact:AUS
CAN,1993,pact:AUS
DEU,1993,pact:AUS
DNK,1993,pact:AUS
ESP,1993,pact:AUS
FRA,1993,pact:AUS
GAB,1993,pact:AUS
GBR,1993,pact:AUS
GER,1993,pact:AUS
GRC,1993,pact:AUS
ISL,1993,pact:AUS
ITA,1993,pact:AUS
JPN,1993,pact:AUS
KOR,1993,pact:AUS
LUX,1993,pact:AUS
NLD,1993,pact:AUS
NOR,1993,pact:AUS
PAK,1993,pact:AUS
PHL,1993,pact:AUS
PRT,1993,pact:AUS
TUR,1993,pact:AUS
USA,1993,pact:AUS
ARG,1993,pact:ARG
ATG,1993,pact:ARG
BHS,1993,pact:ARG
BLZ,1993,pact:ARG
BOL,1993,pact:ARG
BRA,1993,pact:ARG
BRB,1993,pact:ARG
CHL,1993,pact:ARG
COL,1993,pact:ARG
CRI,1993,pact:ARG
DMA,1993,pact:ARG
DOM,1993,pact:ARG
ECU,1993,pact:ARG
GRD,1993,pact:ARG
GTM,1993,pact:ARG
GUY,1993,pact:ARG
HND,1993,pact:ARG
HTI,1993,pact:ARG
JAM,1993,pact:ARG
KNA,1993,pact:ARG
LCA,1993,pact:ARG
MEX,1993,pact:ARG
NIC,1993,pact:ARG
PAN,1993,pact:ARG
PER,1993,pact:ARG
PRY,1993,pact:ARG
SLV,1993,pact:ARG
SUR,1993,pact:ARG
TTO,1993,pact:ARG
URY,1993,pact:ARG
VCT,1993,pact:ARG
VEN,1993,pact:ARG
ARE,1993,pact:ARE
BHR,1993,pact:ARE
DZA,1993,pact:ARE
EGY,1993,pact:ARE
IRQ,1993,pact:ARE
JOR,1993,pact:ARE
KWT,1993,pact:ARE
LBN,1993,pact:ARE
LBY,1993,pact:ARE
MAR,1993,pact:ARE
QAT,1993,pact:ARE
SAU,1993,pact:ARE
SDN,1993,pact:ARE
SOM,1993,pact:ARE
SYR,1993,pact:ARE
TUN,1993,pact:ARE
YEM,1993,pact:ARE
ARM,1993,pact:ARM
AZE,1993,pact:ARM
BLR,1993,pact:ARM
CHN,1993,pact:ARM
GEO,1993,pact:ARM
KAZ,1993,pact:ARM
KGZ,1993,pact:ARM
PRK,1993,pact:ARM
RUS,1993,pact:ARM
TJK,1993,pact:ARM
TKM,1993,pact:ARM
UZB,1993,pact:ARM
ETH,1993,pact:ETH
KEN,1993,pact:ETH
BDI,1993,pact:BDI
COD,1993,pact:BDI
RWA,1993,pact:BDI
BEN,1993,pact:BEN
BFA,1993,pact:BEN
CIV,1993,pact:BEN
CPV,1993,pact:BEN
GHA,1993,pact:BEN
GIN,1993,pact:BEN
GMB,1993,pact:BEN
GNB,1993,pact:BEN
LBR,1993,pact:BEN
MLI,1993,pact:BEN
MRT,1993,pact:BEN
NER,1993,pact:BEN
NGA,1993,pact:BEN
SEN,1993,pact:BEN
SLE,1993,pact:BEN
TGO,1993,pact:BEN
BIH,1993,pact:BIH
HRV,1993,pact:BIH
CZE,1993,pact:CZE
SVK,1993,pact:CZE
AUS,1994,pact:AUS
BEL,1994,pact:AUS
CAN,1994,pact:AUS
DEU,1994,pact:AUS
DNK,1994,pact:AUS
ESP,1994,pact:AUS
FRA,1994,pact:AUS
GAB,1994,pact:AUS
GBR,1994,pact:AUS
GER,1994,pact:AUS
GRC,1994,pact:AUS
ISL,1994,pact:AUS
ITA,1994,pact:AUS
JPN,1994,pact:AUS
KOR,1994,pact:AUS
LUX,1994,pact:AUS
NLD,1994,pact:AUS
NOR,1994,pact:AUS
PAK,1994,pact:AUS
PHL,1994,pact:AUS
PRT,1994,pact:AUS
TUR,1994,pact:AUS
USA,1994,pact:AUS
ARG,1994,pact:ARG
ATG,1994,pact:ARG
BHS,1994,pact:ARG
BLZ,1994,pact:ARG
BOL,1994,pact:ARG
BRA,1994,pact:ARG
BRB,1994,pact:ARG
CHL,1994,pact:ARG
COL,1994,pact:ARG
CRI,1994,pact:ARG
DMA,1994,pact:ARG
DOM,1994,pact:ARG
ECU,1994,pact:ARG
GRD,1994,pact:ARG
GTM,1994,pact:ARG
GUY,1994,pact:ARG
HND,1994,pact:ARG
HTI,1994,pact:ARG
JAM,1994,pact:ARG
KNA,1994,pact:ARG
LCA,1994,pact:ARG
MEX,1994,pact:ARG
NIC,1994,pact:ARG
PAN,1994,pact:ARG
PER,1994,pact:ARG
PRY,1994,pact:ARG
SLV,1994,pact:ARG
SUR,1994,pact:ARG
TTO,1994,pact:ARG
URY,1994,pact:ARG
VCT,1994,pact:ARG
VEN,1994,pact:ARG
ARE,1994,pact:ARE
BHR,1994,pact:ARE
DZA,1994,pact:ARE
EGY,1994,pact:ARE
IRQ,1994,pact:ARE
JOR,1994,pact:ARE
KWT,1994,pact:ARE
LBN,1994,pact:ARE
LBY,1994,pact:ARE
MAR,1994,pact:ARE
QAT,1994,pact:ARE
SAU,1994,pact:ARE
SDN,1994,pact:ARE
SOM,1994,pact:ARE
SYR,1994,pact:ARE
TUN,1994,pact:ARE
YEM,1994,pact:ARE
ARM,1994,pact:ARM
AZE,1994,pact:ARM
BLR,1994,pact:ARM
CHN,1994,pact:ARM
GEO,1994,pact:ARM
KAZ,1994,pact:ARM
KGZ,1994,pact:ARM
PRK,1994,pact:ARM
RUS,1994,pact:ARM
TJK,1994,pact:ARM
TKM,1994,pact:ARM
UZB,1994,pact:ARM
ETH,1994,pact:ETH
KEN,1994,pact:ETH
BDI,1994,pact:BDI
COD,1994,pact:BDI
RWA,1994,pact:BDI
BEN,1994,pact:BEN
BFA,1994,pact:BEN
CIV,1994,pact:BEN
CPV,1994,pact:BEN
GHA,1994,pact:BEN
GIN,1994,pact:BEN
GMB,1994,pact:BEN
GNB,1994,pact:BEN
LBR,1994,pact:BEN
MLI,1994,pact:BEN
MRT,1994,pact:BEN
NER,1994,pact:BEN
NGA,1994,pact:BEN
SEN,1994,pact:BEN
SLE,1994,pact:BEN
TGO,1994,pact:BEN
BIH,1994,pact:BIH
HRV,1994,pact:BIH
CZE,1994,pact:CZE
SVK,1994,pact:CZE
AUS,1995,pact:AUS
BEL,1995,pact:AUS
CAN,1995,pact:AUS
DEU,1995,pact:AUS
DNK,1995,pact:AUS
ESP,1995,pact:AUS
FRA,1995,pact:AUS
GAB,1995,pact:AUS
GBR,1995,pact:AUS
GER,1995,pact:AUS
GRC,1995,pact:AUS
ISL,1995,pact:AUS
ITA,1995,pact:AUS
JPN,1995,pact:AUS
KOR,1995,pact:AUS
LUX,1995,pact:AUS
NLD,1995,pact:AUS
NOR,1995,pact:AUS
PAK,1995,pact:AUS
PHL,1995,pact:AUS
PRT,1995,pact:AUS
TUR,1995,pact:AUS
USA,1995,pact:AUS
ARG,1995,pact:ARG
ATG,1995,pact:ARG
BHS,1995,pact:ARG
BLZ,1995,pact:ARG
BOL,1995,pact:ARG
BRA,1995,pact:ARG
BRB,1995,pact:ARG
CHL,1995,pact:ARG
COL,1995,pact:ARG
CRI,1995,pact:ARG
DMA,1995,pact:ARG
DOM,1995,pact:ARG
ECU,1995,pact:ARG
GRD,1995,pact:ARG
GTM,1995,pact:ARG
GUY,1995,pact:ARG
HND,1995,pact:ARG
HTI,1995,pact:ARG
JAM,1995,pact:ARG
KNA,1995,pact:ARG
LCA,1995,pact:ARG
MEX,1995,pact:ARG
NIC,1995,pact:ARG
PAN,1995,pact:ARG
PER,1995,pact:ARG
PRY,1995,pact:ARG
SLV,1995,pact:ARG
SUR,1995,pact:ARG
TTO,1995,pact:ARG
URY,1995,pact:ARG
VCT,1995,pact:ARG
VEN,1995,pact:ARG
ARE,1995,pact:ARE
BHR,1995,pact:ARE
DZA,1995,pact:ARE
EGY,1995,pact:ARE
IRQ,1995,pact:ARE
JOR,1995,pact:ARE
KWT,1995,pact:ARE
LBN,1995,pact:ARE
LBY,1995,pact:ARE
MAR,1995,pact:ARE
QAT,1995,pact:ARE
SAU,1995,pact:ARE
SDN,1995,pact:ARE
SOM,1995,pact:ARE
SYR,1995,pact:ARE
TUN,1995,pact:ARE
YEM,1995,pact:ARE
ARM,1995,pact:ARM
AZE,1995,pact:ARM
BLR,1995,pact:ARM
CHN,1995,pact:ARM
GEO,1995,pact:ARM
KAZ,1995,pact:ARM
KGZ,1995,pact:ARM
MDA,1995,pact:ARM
PRK,1995,pact:ARM
RUS,1995,pact:ARM
TJK,1995,pact:ARM
TKM,1995,pact:ARM
UKR,1995,pact:ARM
UZB,1995,pact:ARM
ETH,1995,pact:ETH
KEN,1995,pact:ETH
BEN,1995,pact:BEN
BFA,1995,pact:BEN
CIV,1995,pact:BEN
CPV,1995,pact:BEN
GHA,1995,pact:BEN
GIN,1995,pact:BEN
GMB,1995,pact:BEN
GNB,1995,pact:BEN
LBR,1995,pact:BEN
MLI,1995,pact:BEN
MRT,1995,pact:BEN
NER,1995,pact:BEN
NGA,1995,pact:BEN
SEN,1995,pact:BEN
SLE,1995,pact:BEN
TGO,1995,pact:BEN
BIH,1995,pact:BIH
HRV,1995,pact:BIH
CZE,1995,pact:CZE
SVK,1995,pact:CZE
AUS,1996,pact:AUS
BEL,1996,pact:AUS
CAN,1996,pact:AUS
DEU,1996,pact:AUS
DNK,1996,pact:AUS
ESP,1996,pact:AUS
FRA,1996,pact:AUS
GAB,1996,pact:AUS
GBR,1996,pact:AUS
GER,1996,pact:AUS
GRC,1996,pact:AUS
ISL,1996,pact:AUS
ITA,1996,pact:AUS
JPN,1996,pact:AUS
KOR,1996,pact:AUS
LUX,1996,pact:AUS
NLD,1996,pact:AUS
NOR,1996,pact:AUS
PAK,1996,pact:AUS
PHL,1996,pact:AUS
PRT,1996,pact:AUS
TUR,1996,pact:AUS
USA,1996,pact:AUS
ARG,1996,pact:ARG
ATG,1996,pact:ARG
BHS,1996,pact:ARG
BLZ,1996,pact:ARG
BOL,1996,pact:ARG
BRA,1996,pact:ARG
BRB,1996,pact:ARG
CHL,1996,pact:ARG
COL,1996,pact:ARG
CRI,1996,pact:ARG
DMA,1996,pact:ARG
DOM,1996,pact:ARG
ECU,1996,pact:ARG
GRD,1996,pact:ARG
GTM,1996,pact:ARG
GUY,1996,pact:ARG
HND,1996,pact:ARG
HTI,1996,pact:ARG
JAM,1996,pact:ARG
KNA,1996,pact:ARG
LCA,1996,pact:ARG
MEX,1996,pact:ARG
NIC,1996,pact:ARG
PAN,1996,pact:ARG
PER,1996,pact:ARG
PRY,1996,pact:ARG
SLV,1996,pact:ARG
SUR,1996,pact:ARG
TTO,1996,pact:ARG
URY,1996,pact:ARG
VCT,1996,pact:ARG
VEN,1996,pact:ARG
ARE,1996,pact:ARE
BHR,1996,pact:ARE
DZA,1996,pact:ARE
EGY,1996,pact:ARE
IRQ,1996,pact:ARE
JOR,1996,pact:ARE
KWT,1996,pact:ARE
LBN,1996,pact:ARE
LBY,1996,pact:ARE
MAR,1996,pact:ARE
QAT,1996,pact:ARE
SAU,1996,pact:ARE
SDN,1996,pact:ARE
SOM,1996,pact:ARE
SYR,1996,pact:ARE
TUN,1996,pact:ARE
YEM,1996,pact:ARE
CHN,1996,pact:CHN
PRK,1996,pact:CHN
ETH,1996,pact:ETH
KEN,1996,pact:ETH
BEN,1996,pact:BEN
BFA,1996,pact:BEN
CIV,1996,pact:BEN
CPV,1996,pact:BEN
GHA,1996,pact:BEN
GIN,1996,pact:BEN
GMB,1996,pact:BEN
GNB,1996,pact:BEN
LBR,1996,pact:BEN
MLI,1996,pact:BEN
MRT,1996,pact:BEN
NER,1996,pact:BEN
NGA,1996,pact:BEN
SEN,1996,pact:BEN
SLE,1996,pact:BEN
TGO,1996,pact:BEN
ARM,1996,pact:ARM
AZE,1996,pact:ARM
BLR,1996,pact:ARM
GEO,1996,pact:ARM
KAZ,1996,pact:ARM
KGZ,1996,pact:ARM
MDA,1996,pact:ARM
RUS,1996,pact:ARM
TJK,1996,pact:ARM
TKM,1996,pact:ARM
UKR,1996,pact:ARM
UZB,1996,pact:ARM
BIH,1996,pact:BIH
HRV,1996,pact:BIH
CZE,1996,pact:CZE
SVK,1996,pact:CZE
AUS,1997,pact:AUS
BEL,1997,pact:AUS
CAN,1997,pact:AUS
DEU,1997,pact:AUS
DNK,1997,pact:AUS
ESP,1997,pact:AUS
FRA,1997,pact:AUS
GAB,1997,pact:AUS
GBR,1997,pact:AUS
GER,1997,pact:AUS
GRC,1997,pact:AUS
ISL,1997,pact:AUS
ITA,1997,pact:AUS
JPN,1997,pact:AUS
KOR,1997,pact:AUS
LUX,1997,pact:AUS
NLD,1997,pact:AUS
NOR,1997,pact:AUS
PAK,1997,pact:AUS
PHL,1997,pact:AUS
PRT,1997,pact:AUS
TUR,1997,pact:AUS
USA,1997,pact:AUS
ARG,1997,pact:ARG
ATG,1997,pact:ARG
BHS,1997,pact:ARG
BLZ,1997,pact:ARG
BOL,1997,pact:ARG
BRA,1997,pact:ARG
BRB,1997,pact:ARG
CHL,1997,pact:ARG
COL,1997,pact:ARG
CRI,1997,pact:ARG
DMA,1997,pact:ARG
DOM,1997,pact:ARG
ECU,1997,pact:ARG
GRD,1997,pact:ARG
GTM,1997,pact:ARG
GUY,1997,pact:ARG
HND,1997,pact:ARG
HTI,1997,pact:ARG
JAM,1997,pact:ARG
KNA,1997,pact:ARG
LCA,1997,pact:ARG
MEX,1997,pact:ARG
NIC,1997,pact:ARG
PAN,1997,pact:ARG
PER,1997,pact:ARG
PRY,1997,pact:ARG
SLV,1997,pact:ARG
SUR,1997,pact:ARG
TTO,1997,pact:ARG
URY,1997,pact:ARG
VCT,1997,pact:ARG
VEN,1997,pact:ARG
ARE,1997,pact:ARE
BHR,1997,pact:ARE
DZA,1997,pact:ARE
EGY,1997,pact:ARE
IRQ,1997,pact:ARE
JOR,1997,pact:ARE
KWT,1997,pact:ARE
LBN,1997,pact:ARE
LBY,1997,pact:ARE
MAR,1997,pact:ARE
QAT,1997,pact:ARE
SAU,1997,pact:ARE
SDN,1997,pact:ARE
SOM,1997,pact:ARE
SYR,1997,pact:ARE
TUN,1997,pact:ARE
YEM,1997,pact:ARE
CHN,1997,pact:CHN
PRK,1997,pact:CHN
ETH,1997,pact:ETH
KEN,1997,pact:ETH
BEN,1997,pact:BEN
BFA,1997,pact:BEN
CIV,1997,pact:BEN
CPV,1997,pact:BEN
GHA,1997,pact:BEN
GIN,1997,pact:BEN
GMB,1997,pact:BEN
GNB,1997,pact:BEN
LBR,1997,pact:BEN
MLI,1997,pact:BEN
MRT,1997,pact:BEN
NER,1997,pact:BEN
NGA,1997,pact:BEN
SEN,1997,pact:BEN
SLE,1997,pact:BEN
TGO,1997,pact:BEN
ARM,1997,pact:ARM
AZE,1997,pact:ARM
BLR,1997,pact:ARM
GEO,1997,pact:ARM
KAZ,1997,pact:ARM
KGZ,1997,pact:ARM
MDA,1997,pact:ARM
RUS,1997,pact:ARM
TJK,1997,pact:ARM
TKM,1997,pact:ARM
UKR,1997,pact:ARM
UZB,1997,pact:ARM
BIH,1997,pact:BIH
HRV,1997,pact:BIH
CZE,1997,pact:CZE
SVK,1997,pact:CZE
AUS,1998,pact:AUS
BEL,1998,pact:AUS
CAN,1998,pact:AUS
DEU,1998,pact:AUS
DNK,1998,pact:AUS
ESP,1998,pact:AUS
FRA,1998,pact:AUS
GAB,1998,pact:AUS
GBR,1998,pact:AUS
GER,1998,pact:AUS
GRC,1998,pact:AUS
ISL,1998,pact:AUS
ITA,1998,pact:AUS
JPN,1998,pact:AUS
KOR,1998,pact:AUS
LUX,1998,pact:AUS
NLD,1998,pact:AUS
NOR,1998,pact:AUS
PAK,1998,pact:AUS
PHL,1998,pact:AUS
PRT,1998,pact:AUS
TUR,1998,pact:AUS
USA,1998,pact:AUS
ARG,1998,pact:ARG
ATG,1998,pact:ARG
BHS,1998,pact:ARG
BLZ,1998,pact:ARG
BOL,1998,pact:ARG
BRA,1998,pact:ARG
BRB,1998,pact:ARG
CHL,1998,pact:ARG
COL,1998,pact:ARG
CRI,1998,pact:ARG
DMA,1998,pact:ARG
DOM,1998,pact:ARG
ECU,1998,pact:ARG
GRD,1998,pact:ARG
GTM,1998,pact:ARG
GUY,1998,pact:ARG
HND,1998,pact:ARG
HTI,1998,pact:ARG
JAM,1998,pact:ARG
KNA,1998,pact:ARG
LCA,1998,pact:ARG
MEX,1998,pact:ARG
NIC,1998,pact:ARG
PAN,1998,pact:ARG
PER,1998,pact:ARG
PRY,1998,pact:ARG
SLV,1998,pact:ARG
SUR,1998,pact:ARG
TTO,1998,pact:ARG
URY,1998,pact:ARG
VCT,1998,pact:ARG
VEN,1998,pact:ARG
ARE,1998,pact:ARE
BHR,1998,pact:ARE
DZA,1998,pact:ARE
EGY,1998,pact:ARE
IRQ,1998,pact:ARE
JOR,1998,pact:ARE
KWT,1998,pact:ARE
LBN,1998,pact:ARE
LBY,1998,pact:ARE
MAR,1998,pact:ARE
QAT,1998,pact:ARE
SAU,1998,pact:ARE
SDN,1998,pact:ARE
SOM,1998,pact:ARE
SYR,1998,pact:ARE
TUN,1998,pact:ARE
YEM,1998,pact:ARE
CHN,1998,pact:CHN
PRK,1998,pact:CHN
ETH,1998,pact:ETH
KEN,1998,pact:ETH
BEN,1998,pact:BEN
BFA,1998,pact:BEN
CIV,1998,pact:BEN
CPV,1998,pact:BEN
GHA,1998,pact:BEN
GIN,1998,pact:BEN
GMB,1998,pact:BEN
GNB,1998,pact:BEN
LBR,1998,pact:BEN
MLI,1998,pact:BEN
MRT,1998,pact:BEN
NER,1998,pact:BEN
NGA,1998,pact:BEN
SEN,1998,pact:BEN
SLE,1998,pact:BEN
TGO,1998,pact:BEN
ARM,1998,pact:ARM
AZE,1998,pact:ARM
BLR,1998,pact:ARM
GEO,1998,pact:ARM
KAZ,1998,pact:ARM
KGZ,1998,pact:ARM
MDA,1998,pact:ARM
RUS,1998,pact:ARM
TJK,1998,pact:ARM
TKM,1998,pact:ARM
UKR,1998,pact:ARM
UZB,1998,pact:ARM
BIH,1998,pact:BIH
HRV,1998,pact:BIH
CZE,1998,pact:CZE
SVK,1998,pact:CZE
CAF,1998,pact:CAF
COG,1998,pact:CAF
ARG,1999,pact:ARG
ATG,1999,pact:ARG
BHS,1999,pact:ARG
BLZ,1999,pact:ARG
BOL,1999,pact:ARG
BRA,1999,pact:ARG
BRB,1999,pact:ARG
CHL,1999,pact:ARG
COL,1999,pact:ARG
CRI,1999,pact:ARG
DMA,1999,pact:ARG
DOM,1999,pact:ARG
ECU,1999,pact:ARG
GRD,1999,pact:ARG
GTM,1999,pact:ARG
GUY,1999,pact:ARG
HND,1999,pact:ARG
HTI,1999,pact:ARG
JAM,1999,pact:ARG
KNA,1999,pact:ARG
LCA,1999,pact:ARG
MEX,1999,pact:ARG
NIC,1999,pact:ARG
PAN,1999,pact:ARG
PER,1999,pact:ARG
PRY,1999,pact:ARG
SLV,1999,pact:ARG
SUR,1999,pact:ARG
TTO,1999,pact:ARG
URY,1999,pact:ARG
VCT,1999,pact:ARG
VEN,1999,pact:ARG
AUS,1999,pact:AUS
BEL,1999,pact:AUS
CAN,1999,pact:AUS
CZE,1999,pact:AUS
DEU,1999,pact:AUS
DNK,1999,pact:AUS
ESP,1999,pact:AUS
FRA,1999,pact:AUS
GAB,1999,pact:AUS
GBR,1999,pact:AUS
GER,1999,pact:AUS
GRC,1999,pact:AUS
HUN,1999,pact:AUS
ISL,1999,pact:AUS
ITA,1999,pact:AUS
JPN,1999,pact:AUS
KOR,1999,pact:AUS
LUX,1999,pact:AUS
NLD,1999,pact:AUS
NOR,1999,pact:AUS
PAK,1999,pact:AUS
PHL,1999,pact:AUS
POL,1999,pact:AUS
PRT,1999,pact:AUS
SVK,1999,pact:AUS
TUR,1999,pact:AUS
USA,1999,pact:AUS
ARE,1999,pact:ARE
BHR,1999,pact:ARE
DZA,1999,pact:ARE
EGY,1999,pact:ARE
IRQ,1999,pact:ARE
JOR,1999,pact:ARE
KWT,1999,pact:ARE
LBN,1999,pact:ARE
LBY,1999,pact:ARE
MAR,1999,pact:ARE
QAT,1999,pact:ARE
SAU,1999,pact:ARE
SDN,1999,pact:ARE
SOM,1999,pact:ARE
SYR,1999,pact:ARE
TUN,1999,pact:ARE
YEM,1999,pact:ARE
CHN,1999,pact:CHN
PRK,1999,pact:CHN
ETH,1999,pact:ETH
KEN,1999,pact:ETH
BEN,1999,pact:BEN
BFA,1999,pact:BEN
CIV,1999,pact:BEN
CPV,1999,pact:BEN
GHA,1999,pact:BEN
GIN,1999,pact:BEN
GMB,1999,pact:BEN
GNB,1999,pact:BEN
LBR,1999,pact:BEN
MLI,1999,pact:BEN
MRT,1999,pact:BEN
NER,1999,pact:BEN
NGA,1999,pact:BEN
SEN,1999,pact:BEN
SLE,1999,pact:BEN
TGO,1999,pact:BEN
ARM,1999,pact:ARM
AZE,1999,pact:ARM
BLR,1999,pact:ARM
GEO,1999,pact:ARM
KAZ,1999,pact:ARM
KGZ,1999,pact:ARM
MDA,1999,pact:ARM
RUS,1999,pact:ARM
TJK,1999,pact:ARM
TKM,1999,pact:ARM
UKR,1999,pact:ARM
UZB,1999,pact:ARM
BIH,1999,pact:BIH
HRV,1999,pact:BIH
AGO,1999,pact:AGO
CAF,1999,pact:AGO
COG,1999,pact:AGO
NAM,1999,pact:AGO
ZWE,1999,pact:AGO
ARG,2000,pact:ARG
ATG,2000,pact:ARG
AUS,2000,pact:ARG
BHS,2000,pact:ARG
BLZ,2000,pact:ARG
BOL,2000,pact:ARG
BRA,2000,pact:ARG
BRB,2000,pact:ARG
CHL,2000,pact:ARG
COL,2000,pact:ARG
CRI,2000,pact:ARG
DMA,2000,pact:ARG
DOM,2000,pact:ARG
ECU,2000,pact:ARG
GRD,2000,pact:ARG
GTM,2000,pact:ARG
GUY,2000,pact:ARG
HND,2000,pact:ARG
HTI,2000,pact:ARG
JAM,2000,pact:ARG
JPN,2000,pact:ARG
KNA,2000,pact:ARG
KOR,2000,pact:ARG
LCA,2000,pact:ARG
MEX,2000,pact:ARG
NIC,2000,pact:ARG
PAK,2000,pact:ARG
PAN,2000,pact:ARG
PER,2000,pact:ARG
PHL,2000,pact:ARG
PRY,2000,pact:ARG
SLV,2000,pact:ARG
SUR,2000,pact:ARG
TTO,2000,pact:ARG
URY,2000,pact:ARG
USA,2000,pact:ARG
VCT,2000,pact:ARG
VEN,2000,pact:ARG
BEL,2000,pact:BEL
CAN,2000,pact:BEL
CZE,2000,pact:BEL
DEU,2000,pact:BEL
DNK,2000,pact:BEL
ESP,2000,pact:BEL
FRA,2000,pact:BEL
GBR,2000,pact:BEL
GER,2000,pact:BEL
GRC,2000,pact:BEL
HUN,2000,pact:BEL
ISL,2000,pact:BEL
ITA,2000,pact:BEL
LUX,2000,pact:BEL
NLD,2000,pact:BEL
NOR,2000,pact:BEL
POL,2000,pact:BEL
PRT,2000,pact:BEL
SVK,2000,pact:BEL
TUR,2000,pact:BEL
ARE,2000,pact:ARE
BHR,2000,pact:ARE
DZA,2000,pact:ARE
EGY,2000,pact:ARE
IRQ,2000,pact:ARE
JOR,2000,pact:ARE
KWT,2000,pact:ARE
LBN,2000,pact:ARE
LBY,2000,pact:ARE
MAR,2000,pact:ARE
OMN,2000,pact:ARE
QAT,2000,pact:ARE
SAU,2000,pact:ARE
SDN,2000,pact:ARE
SOM,2000,pact:ARE
SYR,2000,pact:ARE
TUN,2000,pact:ARE
YEM,2000,pact:ARE
CHN,2000,pact:CHN
PRK,2000,pact:CHN
ETH,2000,pact:ETH
KEN,2000,pact:ETH
BEN,2000,pact:BEN
BFA,2000,pact:BEN
CIV,2000,pact:BEN
CPV,2000,pact:BEN
GHA,2000,pact:BEN
GIN,2000,pact:BEN
GMB,2000,pact:BEN
GNB,2000,pact:BEN
LBR,2000,pact:BEN
MLI,2000,pact:BEN
MRT,2000,pact:BEN
NER,2000,pact:BEN
NGA,2000,pact:BEN
SEN,2000,pact:BEN
SLE,2000,pact:BEN
TGO,2000,pact:BEN
ARM,2000,pact:ARM
AZE,2000,pact:ARM
BLR,2000,pact:ARM
GEO,2000,pact:ARM
KAZ,2000,pact:ARM
KGZ,2000,pact:ARM
MDA,2000,pact:ARM
RUS,2000,pact:ARM
TJK,2000,pact:ARM
TKM,2000,pact:ARM
UKR,2000,pact:ARM
UZB,2000,pact:ARM
AGO,2000,pact:AGO
BDI,2000,pact:AGO
CAF,2000,pact:AGO
CMR,2000,pact:AGO
COD,2000,pact:AGO
COG,2000,pact:AGO
GAB,2000,pact:AGO
GNQ,2000,pact:AGO
NAM,2000,pact:AGO
RWA,2000,pact:AGO
STP,2000,pact:AGO
TCD,2000,pact:AGO
ZWE,2000,pact:AGO
ARG,2001,pact:ARG
ATG,2001,pact:ARG
AUS,2001,pact:ARG
BHS,2001,pact:ARG
BLZ,2001,pact:ARG
BOL,2001,pact:ARG
BRA,2001,pact:ARG
BRB,2001,pact:ARG
CHL,2001,pact:ARG
COL,2001,pact:ARG
CRI,2001,pact:ARG
DMA,2001,pact:ARG
DOM,2001,pact:ARG
ECU,2001,pact:ARG
GRD,2001,pact:ARG
GTM,2001,pact:ARG
GUY,2001,pact:ARG
HND,2001,pact:ARG
HTI,2001,pact:ARG
JAM,2001,pact:ARG
JPN,2001,pact:ARG
KNA,2001,pact:ARG
KOR,2001,pact:ARG
LCA,2001,pact:ARG
MEX,2001,pact:ARG
NIC,2001,pact:ARG
PAK,2001,pact:ARG
PAN,2001,pact:ARG
PER,2001,pact:ARG
PHL,2001,pact:ARG
PRY,2001,pact:ARG
SLV,2001,pact:ARG
SUR,2001,pact:ARG
TTO,2001,pact:ARG
URY,2001,pact:ARG
USA,2001,pact:ARG
VCT,2001,pact:ARG
VEN,2001,pact:ARG
BEL,2001,pact:BEL
CAN,2001,pact:BEL
CZE,2001,pact:BEL
DEU,2001,pact:BEL
DNK,2001,pact:BEL
ESP,2001,pact:BEL
FRA,2001,pact:BEL
GBR,2001,pact:BEL
GER,2001,pact:BEL
GRC,2001,pact:BEL
HUN,2001,pact:BEL
ISL,2001,pact:BEL
ITA,2001,pact:BEL
LUX,2001,pact:BEL
NLD,2001,pact:BEL
NOR,2001,pact:BEL
POL,2001,pact:BEL
PRT,2001,pact:BEL
SVK,2001,pact:BEL
TUR,2001,pact:BEL
ARE,2001,pact:ARE
BHR,2001,pact:ARE
DZA,2001,pact:ARE
EGY,2001,pact:ARE
IRQ,2001,pact:ARE
JOR,2001,pact:ARE
KWT,2001,pact:ARE
LBN,2001,pact:ARE
LBY,2001,pact:ARE
MAR,2001,pact:ARE
MRT,2001,pact:ARE
OMN,2001,pact:ARE
QAT,2001,pact:ARE
SAU,2001,pact:ARE
SDN,2001,pact:ARE
SOM,2001,pact:ARE
SYR,2001,pact:ARE
TUN,2001,pact:ARE
YEM,2001,pact:ARE
CHN,2001,pact:CHN
PRK,2001,pact:CHN
ETH,2001,pact:ETH
KEN,2001,pact:ETH
BEN,2001,pact:BEN
BFA,2001,pact:BEN
CIV,2001,pact:BEN
CPV,2001,pact:BEN
GHA,2001,pact:BEN
GIN,2001,pact:BEN
GMB,2001,pact:BEN
GNB,2001,pact:BEN
LBR,2001,pact:BEN
MLI,2001,pact:BEN
NER,2001,pact:BEN
NGA,2001,pact:BEN
SEN,2001,pact:BEN
SLE,2001,pact:BEN
TGO,2001,pact:BEN
ARM,2001,pact:ARM
AZE,2001,pact:ARM
BLR,2001,pact:ARM
GEO,2001,pact:ARM
KAZ,2001,pact:ARM
KGZ,2001,pact:ARM
MDA,2001,pact:ARM
RUS,2001,pact:ARM
TJK,2001,pact:ARM
TKM,2001,pact:ARM
UKR,2001,pact:ARM
UZB,2001,pact:ARM
AGO,2001,pact:AGO
BDI,2001,pact:AGO
CAF,2001,pact:AGO
CMR,2001,pact:AGO
COD,2001,pact:AGO
COG,2001,pact:AGO
GAB,2001,pact:AGO
GNQ,2001,pact:AGO
NAM,2001,pact:AGO
RWA,2001,pact:AGO
STP,2001,pact:AGO
TCD,2001,pact:AGO
ZWE,2001,pact:AGO
ARG,2002,pact:ARG
ATG,2002,pact:ARG
BHS,2002,pact:ARG
BLZ,2002,pact:ARG
BOL,2002,pact:ARG
BRA,2002,pact:ARG
BRB,2002,pact:ARG
CHL,2002,pact:ARG
COL,2002,pact:ARG
CRI,2002,pact:ARG
DMA,2002,pact:ARG
DOM,2002,pact:ARG
ECU,2002,pact:ARG
GRD,2002,pact:ARG
GTM,2002,pact:ARG
GUY,2002,pact:ARG
HND,2002,pact:ARG
HTI,2002,pact:ARG
JAM,2002,pact:ARG
KNA,2002,pact:ARG
LCA,2002,pact:ARG
MEX,2002,pact:ARG
NIC,2002,pact:ARG
PAN,2002,pact:ARG
PER,2002,pact:ARG
PRY,2002,pact:ARG
SLV,2002,pact:ARG
SUR,2002,pact:ARG
TTO,2002,pact:ARG
URY,2002,pact:ARG
VCT,2002,pact:ARG
VEN,2002,pact:ARG
AUS,2002,pact:AUS
BEL,2002,pact:AUS
CAN,2002,pact:AUS
CZE,2002,pact:AUS
DEU,2002,pact:AUS
DNK,2002,pact:AUS
ESP,2002,pact:AUS
FRA,2002,pact:AUS
GBR,2002,pact:AUS
GER,2002,pact:AUS
GRC,2002,pact:AUS
HUN,2002,pact:AUS
ISL,2002,pact:AUS
ITA,2002,pact:AUS
JPN,2002,pact:AUS
KOR,2002,pact:AUS
LUX,2002,pact:AUS
NLD,2002,pact:AUS
NOR,2002,pact:AUS
PAK,2002,pact:AUS
PHL,2002,pact:AUS
POL,2002,pact:AUS
PRT,2002,pact:AUS
SVK,2002,pact:AUS
TUR,2002,pact:AUS
USA,2002,pact:AUS
ARE,2002,pact:ARE
BHR,2002,pact:ARE
DZA,2002,pact:ARE
EGY,2002,pact:ARE
IRQ,2002,pact:ARE
JOR,2002,pact:ARE
KWT,2002,pact:ARE
LBN,2002,pact:ARE
LBY,2002,pact:ARE
MAR,2002,pact:ARE
MRT,2002,pact:ARE
OMN,2002,pact:ARE
QAT,2002,pact:ARE
SAU,2002,pact:ARE
SDN,2002,pact:ARE
SOM,2002,pact:ARE
SYR,2002,pact:ARE
TUN,2002,pact:ARE
YEM,2002,pact:ARE
CHN,2002,pact:CHN
PRK,2002,pact:CHN
ETH,2002,pact:ETH
KEN,2002,pact:ETH
BEN,2002,pact:BEN
BFA,2002,pact:BEN
CIV,2002,pact:BEN
CPV,2002,pact:BEN
GHA,2002,pact:BEN
GIN,2002,pact:BEN
GMB,2002,pact:BEN
GNB,2002,pact:BEN
LBR,2002,pact:BEN
MLI,2002,pact:BEN
NER,2002,pact:BEN
NGA,2002,pact:BEN
SEN,2002,pact:BEN
SLE,2002,pact:BEN
TGO,2002,pact:BEN
ARM,2002,pact:ARM
AZE,2002,pact:ARM
BLR,2002,pact:ARM
GEO,2002,pact:ARM
KAZ,2002,pact:ARM
KGZ,2002,pact:ARM
MDA,2002,pact:ARM
RUS,2002,pact:ARM
TJK,2002,pact:ARM
TKM,2002,pact:ARM
UKR,2002,pact:ARM
UZB,2002,pact:ARM
AGO,2002,pact:AGO
BDI,2002,pact:AGO
CAF,2002,pact:AGO
CMR,2002,pact:AGO
COD,2002,pact:AGO
COG,2002,pact:AGO
GAB,2002,pact:AGO
GNQ,2002,pact:AGO
RWA,2002,pact:AGO
STP,2002,pact:AGO
TCD,2002,pact:AGO
ARG,2003,pact:ARG
ATG,2003,pact:ARG
BHS,2003,pact:ARG
BLZ,2003,pact:ARG
BOL,2003,pact:ARG
BRA,2003,pact:ARG
BRB,2003,pact:ARG
CHL,2003,pact:ARG
COL,2003,pact:ARG
CRI,2003,pact:ARG
DMA,2003,pact:ARG
DOM,2003,pact:ARG
ECU,2003,pact:ARG
GRD,2003,pact:ARG
GTM,2003,pact:ARG
GUY,2003,pact:ARG
HND,2003,pact:ARG
HTI,2003,pact:ARG
JAM,2003,pact:ARG
KNA,2003,pact:ARG
LCA,2003,pact:ARG
MEX,2003,pact:ARG
NIC,2003,pact:ARG
PAN,2003,pact:ARG
PER,2003,pact:ARG
PRY,2003,pact:ARG
SLV,2003,pact:ARG
SUR,2003,pact:ARG
TTO,2003,pact:ARG
URY,2003,pact:ARG
VCT,2003,pact:ARG
VEN,2003,pact:ARG
AUS,2003,pact:AUS
BEL,2003,pact:AUS
CAN,2003,pact:AUS
CZE,2003,pact:AUS
DEU,2003,pact:AUS
DNK,2003,pact:AUS
ESP,2003,pact:AUS
FRA,2003,pact:AUS
GBR,2003,pact:AUS
GER,2003,pact:AUS
GRC,2003,pact:AUS
HUN,2003,pact:AUS
ISL,2003,pact:AUS
ITA,2003,pact:AUS
JPN,2003,pact:AUS
KOR,2003,pact:AUS
LUX,2003,pact:AUS
NLD,2003,pact:AUS
NOR,2003,pact:AUS
PAK,2003,pact:AUS
PHL,2003,pact:AUS
POL,2003,pact:AUS
PRT,2003,pact:AUS
SVK,2003,pact:AUS
TUR,2003,pact:AUS
USA,2003,pact:AUS
ARE,2003,pact:ARE
BHR,2003,pact:ARE
DZA,2003,pact:ARE
EGY,2003,pact:ARE
IRQ,2003,pact:ARE
JOR,2003,pact:ARE
KWT,2003,pact:ARE
LBN,2003,pact:ARE
LBY,2003,pact:ARE
MAR,2003,pact:ARE
MRT,2003,pact:ARE
OMN,2003,pact:ARE
QAT,2003,pact:ARE
SAU,2003,pact:ARE
SDN,2003,pact:ARE
SOM,2003,pact:ARE
SYR,2003,pact:ARE
TUN,2003,pact:ARE
YEM,2003,pact:ARE
CHN,2003,pact:CHN
PRK,2003,pact:CHN
ETH,2003,pact:ETH
KEN,2003,pact:ETH
BEN,2003,pact:BEN
BFA,2003,pact:BEN
CIV,2003,pact:BEN
CPV,2003,pact:BEN
GHA,2003,pact:BEN
GIN,2003,pact:BEN
GMB,2003,pact:BEN
GNB,2003,pact:BEN
LBR,2003,pact:BEN
MLI,2003,pact:BEN
NER,2003,pact:BEN
NGA,2003,pact:BEN
SEN,2003,pact:BEN
SLE,2003,pact:BEN
TGO,2003,pact:BEN
ARM,2003,pact:ARM
AZE,2003,pact:ARM
BLR,2003,pact:ARM
GEO,2003,pact:ARM
KAZ,2003,pact:ARM
KGZ,2003,pact:ARM
MDA,2003,pact:ARM
RUS,2003,pact:ARM
TJK,2003,pact:ARM
TKM,2003,pact:ARM
UKR,2003,pact:ARM
UZB,2003,pact:ARM
AGO,2003,pact:AGO
BDI,2003,pact:AGO
CAF,2003,pact:AGO
CMR,2003,pact:AGO
COD,2003,pact:AGO
COG,2003,pact:AGO
GAB,2003,pact:AGO
GNQ,2003,pact:AGO
RWA,2003,pact:AGO
STP,2003,pact:AGO
TCD,2003,pact:AGO
ARG,2004,pact:ARG
ATG,2004,pact:ARG
BHS,2004,pact:ARG
BLZ,2004,pact:ARG
BOL,2004,pact:ARG
BRA,2004,pact:ARG
BRB,2004,pact:ARG
CHL,2004,pact:ARG
COL,2004,pact:ARG
CRI,2004,pact:ARG
DMA,2004,pact:ARG
DOM,2004,pact:ARG
ECU,2004,pact:ARG
GRD,2004,pact:ARG
GTM,2004,pact:ARG
GUY,2004,pact:ARG
HND,2004,pact:ARG
HTI,2004,pact:ARG
JAM,2004,pact:ARG
KNA,2004,pact:ARG
LCA,2004,pact:ARG
MEX,2004,pact:ARG
NIC,2004,pact:ARG
PAN,2004,pact:ARG
PER,2004,pact:ARG
PRY,2004,pact:ARG
SLV,2004,pact:ARG
SUR,2004,pact:ARG
TTO,2004,pact:ARG
URY,2004,pact:ARG
VCT,2004,pact:ARG
VEN,2004,pact:ARG
AUS,2004,pact:AUS
BEL,2004,pact:AUS
CAN,2004,pact:AUS
CZE,2004,pact:AUS
DEU,2004,pact:AUS
DNK,2004,pact:AUS
ESP,2004,pact:AUS
FRA,2004,pact:AUS
GBR,2004,pact:AUS
GER,2004,pact:AUS
GRC,2004,pact:AUS
HUN,2004,pact:AUS
ISL,2004,pact:AUS
ITA,2004,pact:AUS
JPN,2004,pact:AUS
KOR,2004,pact:AUS
LUX,2004,pact:AUS
NLD,2004,pact:AUS
NOR,2004,pact:AUS
PAK,2004,pact:AUS
PHL,2004,pact:AUS
POL,2004,pact:AUS
PRT,2004,pact:AUS
SVK,2004,pact:AUS
TUR,2004,pact:AUS
USA,2004,pact:AUS
ARE,2004,pact:ARE
BHR,2004,pact:ARE
DZA,2004,pact:ARE
EGY,2004,pact:ARE
IRQ,2004,pact:ARE
JOR,2004,pact:ARE
KWT,2004,pact:ARE
LBN,2004,pact:ARE
LBY,2004,pact:ARE
MAR,2004,pact:ARE
MRT,2004,pact:ARE
OMN,2004,pact:ARE
QAT,2004,pact:ARE
SAU,2004,pact:ARE
SDN,2004,pact:ARE
SOM,2004,pact:ARE
SYR,2004,pact:ARE
TUN,2004,pact:ARE
YEM,2004,pact:ARE
CHN,2004,pact:CHN
PRK,2004,pact:CHN
ETH,2004,pact:ETH
KEN,2004,pact:ETH
BEN,2004,pact:BEN
BFA,2004,pact:BEN
CIV,2004,pact:BEN
CPV,2004,pact:BEN
GHA,2004,pact:BEN
GIN,2004,pact:BEN
GMB,2004,pact:BEN
GNB,2004,pact:BEN
LBR,2004,pact:BEN
MLI,2004,pact:BEN
NER,2004,pact:BEN
NGA,2004,pact:BEN
SEN,2004,pact:BEN
SLE,2004,pact:BEN
TGO,2004,pact:BEN
ARM,2004,pact:ARM
AZE,2004,pact:ARM
BLR,2004,pact:ARM
GEO,2004,pact:ARM
KAZ,2004,pact:ARM
KGZ,2004,pact:ARM
MDA,2004,pact:ARM
RUS,2004,pact:ARM
TJK,2004,pact:ARM
TKM,2004,pact:ARM
UKR,2004,pact:ARM
UZB,2004,pact:ARM
AGO,2004,pact:AGO
BDI,2004,pact:AGO
CAF,2004,pact:AGO
CMR,2004,pact:AGO
COD,2004,pact:AGO
COG,2004,pact:AGO
GAB,2004,pact:AGO
GNQ,2004,pact:AGO
RWA,2004,pact:AGO
STP,2004,pact:AGO
TCD,2004,pact:AGO
ARG,2005,pact:ARG
ATG,2005,pact:ARG
BHS,2005,pact:ARG
BLZ,2005,pact:ARG
BOL,2005,pact:ARG
BRA,2005,pact:ARG
BRB,2005,pact:ARG
CHL,2005,pact:ARG
COL,2005,pact:ARG
CRI,2005,pact:ARG
DMA,2005,pact:ARG
DOM,2005,pact:ARG
ECU,2005,pact:ARG
GRD,2005,pact:ARG
GTM,2005,pact:ARG
GUY,2005,pact:ARG
HND,2005,pact:ARG
HTI,2005,pact:ARG
JAM,2005,pact:ARG
KNA,2005,pact:ARG
LCA,2005,pact:ARG
MEX,2005,pact:ARG
NIC,2005,pact:ARG
PAN,2005,pact:ARG
PER,2005,pact:ARG
PRY,2005,pact:ARG
SLV,2005,pact:ARG
SUR,2005,pact:ARG
TTO,2005,pact:ARG
URY,2005,pact:ARG
VCT,2005,pact:ARG
VEN,2005,pact:ARG
AUS,2005,pact:AUS
BEL,2005,pact:AUS
CAN,2005,pact:AUS
CZE,2005,pact:AUS
DEU,2005,pact:AUS
DNK,2005,pact:AUS
ESP,2005,pact:AUS
FRA,2005,pact:AUS
GBR,2005,pact:AUS
GER,2005,pact:AUS
GRC,2005,pact:AUS
HUN,2005,pact:AUS
ISL,2005,pact:AUS
ITA,2005,pact:AUS
JPN,2005,pact:AUS
KOR,2005,pact:AUS
LUX,2005,pact:AUS
NLD,2005,pact:AUS
NOR,2005,pact:AUS
PAK,2005,pact:AUS
PHL,2005,pact:AUS
POL,2005,pact:AUS
PRT,2005,pact:AUS
SVK,2005,pact:AUS
TUR,2005,pact:AUS
USA,2005,pact:AUS
ARE,2005,pact:ARE
BHR,2005,pact:ARE
DZA,2005,pact:ARE
EGY,2005,pact:ARE
IRQ,2005,pact:ARE
JOR,2005,pact:ARE
KWT,2005,pact:ARE
LBN,2005,pact:ARE
LBY,2005,pact:ARE
MAR,2005,pact:ARE
MRT,2005,pact:ARE
OMN,2005,pact:ARE
QAT,2005,pact:ARE
SAU,2005,pact:ARE
SDN,2005,pact:ARE
SOM,2005,pact:ARE
SYR,2005,pact:ARE
TUN,2005,pact:ARE
YEM,2005,pact:ARE
CHN,2005,pact:CHN
PRK,2005,pact:CHN
ETH,2005,pact:ETH
KEN,2005,pact:ETH
BEN,2005,pact:BEN
BFA,2005,pact:BEN
CIV,2005,pact:BEN
CPV,2005,pact:BEN
GHA,2005,pact:BEN
GIN,2005,pact:BEN
GMB,2005,pact:BEN
GNB,2005,pact:BEN
LBR,2005,pact:BEN
MLI,2005,pact:BEN
NER,2005,pact:BEN
NGA,2005,pact:BEN
SEN,2005,pact:BEN
SLE,2005,pact:BEN
TGO,2005,pact:BEN
ARM,2005,pact:ARM
AZE,2005,pact:ARM
BLR,2005,pact:ARM
GEO,2005,pact:ARM
KAZ,2005,pact:ARM
KGZ,2005,pact:ARM
MDA,2005,pact:ARM
RUS,2005,pact:ARM
TJK,2005,pact:ARM
TKM,2005,pact:ARM
UKR,2005,pact:ARM
UZB,2005,pact:ARM
AGO,2005,pact:AGO
BDI,2005,pact:AGO
CAF,2005,pact:AGO
CMR,2005,pact:AGO
COD,2005,pact:AGO
COG,2005,pact:AGO
GAB,2005,pact:AGO
GNQ,2005,pact:AGO
RWA,2005,pact:AGO
STP,2005,pact:AGO
TCD,2005,pact:AGO
ARG,2006,pact:ARG
ATG,2006,pact:ARG
BHS,2006,pact:ARG
BLZ,2006,pact:ARG
BOL,2006,pact:ARG
BRA,2006,pact:ARG
BRB,2006,pact:ARG
CHL,2006,pact:ARG
COL,2006,pact:ARG
CRI,2006,pact:ARG
DMA,2006,pact:ARG
DOM,2006,pact:ARG
ECU,2006,pact:ARG
GRD,2006,pact:ARG
GTM,2006,pact:ARG
GUY,2006,pact:ARG
HND,2006,pact:ARG
HTI,2006,pact:ARG
JAM,2006,pact:ARG
KNA,2006,pact:ARG
LCA,2006,pact:ARG
MEX,2006,pact:ARG
NIC,2006,pact:ARG
PAN,2006,pact:ARG
PER,2006,pact:ARG
PRY,2006,pact:ARG
SLV,2006,pact:ARG
SUR,2006,pact:ARG
TTO,2006,pact:ARG
URY,2006,pact:ARG
VCT,2006,pact:ARG
VEN,2006,pact:ARG
AUS,2006,pact:AUS
BEL,2006,pact:AUS
CAN,2006,pact:AUS
CZE,2006,pact:AUS
DEU,2006,pact:AUS
DNK,2006,pact:AUS
ESP,2006,pact:AUS
FRA,2006,pact:AUS
GBR,2006,pact:AUS
GER,2006,pact:AUS
GRC,2006,pact:AUS
HUN,2006,pact:AUS
ISL,2006,pact:AUS
ITA,2006,pact:AUS
JPN,2006,pact:AUS
KOR,2006,pact:AUS
LUX,2006,pact:AUS
NLD,2006,pact:AUS
NOR,2006,pact:AUS
PAK,2006,pact:AUS
PHL,2006,pact:AUS
POL,2006,pact:AUS
PRT,2006,pact:AUS
SVK,2006,pact:AUS
TUR,2006,pact:AUS
USA,2006,pact:AUS
ARE,2006,pact:ARE
BHR,2006,pact:ARE
DZA,2006,pact:ARE
EGY,2006,pact:ARE
IRQ,2006,pact:ARE
JOR,2006,pact:ARE
KWT,2006,pact:ARE
LBN,2006,pact:ARE
LBY,2006,pact:ARE
MAR,2006,pact:ARE
MRT,2006,pact:ARE
OMN,2006,pact:ARE
QAT,2006,pact:ARE
SAU,2006,pact:ARE
SDN,2006,pact:ARE
SOM,2006,pact:ARE
SYR,2006,pact:ARE
TUN,2006,pact:ARE
YEM,2006,pact:ARE
CHN,2006,pact:CHN
PRK,2006,pact:CHN
BEN,2006,pact:BEN
BFA,2006,pact:BEN
CIV,2006,pact:BEN
CPV,2006,pact:BEN
GHA,2006,pact:BEN
GIN,2006,pact:BEN
GMB,2006,pact:BEN
GNB,2006,pact:BEN
LBR,2006,pact:BEN
MLI,2006,pact:BEN
NER,2006,pact:BEN
NGA,2006,pact:BEN
SEN,2006,pact:BEN
SLE,2006,pact:BEN
TGO,2006,pact:BEN
ARM,2006,pact:ARM
AZE,2006,pact:ARM
BLR,2006,pact:ARM
GEO,2006,pact:ARM
KAZ,2006,pact:ARM
KGZ,2006,pact:ARM
MDA,2006,pact:ARM
RUS,2006,pact:ARM
TJK,2006,pact:ARM
TKM,2006,pact:ARM
UKR,2006,pact:ARM
UZB,2006,pact:ARM
AGO,2006,pact:AGO
BDI,2006,pact:AGO
CAF,2006,pact:AGO
CMR,2006,pact:AGO
COD,2006,pact:AGO
COG,2006,pact:AGO
ETH,2006,pact:AGO
GAB,2006,pact:AGO
GNQ,2006,pact:AGO
KEN,2006,pact:AGO
RWA,2006,pact:AGO
STP,2006,pact:AGO
TCD,2006,pact:AGO
TZA,2006,pact:AGO
UGA,2006,pact:AGO
ZMB,2006,pact:AGO
ARG,2007,pact:ARG
ATG,2007,pact:ARG
BHS,2007,pact:ARG
BLZ,2007,pact:ARG
BOL,2007,pact:ARG
BRA,2007,pact:ARG
BRB,2007,pact:ARG
CHL,2007,pact:ARG
COL,2007,pact:ARG
CRI,2007,pact:ARG
DMA,2007,pact:ARG
DOM,2007,pact:ARG
ECU,2007,pact:ARG
GRD,2007,pact:ARG
GTM,2007,pact:ARG
GUY,2007,pact:ARG
HND,2007,pact:ARG
HTI,2007,pact:ARG
JAM,2007,pact:ARG
KNA,2007,pact:ARG
LCA,2007,pact:ARG
MEX,2007,pact:ARG
NIC,2007,pact:ARG
PAN,2007,pact:ARG
PER,2007,pact:ARG
PRY,2007,pact:ARG
SLV,2007,pact:ARG
SUR,2007,pact:ARG
TTO,2007,pact:ARG
URY,2007,pact:ARG
VCT,2007,pact:ARG
VEN,2007,pact:ARG
AUS,2007,pact:AUS
BEL,2007,pact:AUS
CAN,2007,pact:AUS
CZE,2007,pact:AUS
DEU,2007,pact:AUS
DNK,2007,pact:AUS
ESP,2007,pact:AUS
FRA,2007,pact:AUS
GBR,2007,pact:AUS
GER,2007,pact:AUS
GRC,2007,pact:AUS
HUN,2007,pact:AUS
ISL,2007,pact:AUS
ITA,2007,pact:AUS
JPN,2007,pact:AUS
KOR,2007,pact:AUS
LUX,2007,pact:AUS
NLD,2007,pact:AUS
NOR,2007,pact:AUS
PAK,2007,pact:AUS
PHL,2007,pact:AUS
POL,2007,pact:AUS
PRT,2007,pact:AUS
SVK,2007,pact:AUS
TUR,2007,pact:AUS
USA,2007,pact:AUS
ARE,2007,pact:ARE
BHR,2007,pact:ARE
DZA,2007,pact:ARE
EGY,2007,pact:ARE
IRQ,2007,pact:ARE
JOR,2007,pact:ARE
KWT,2007,pact:ARE
LBN,2007,pact:ARE
LBY,2007,pact:ARE
MAR,2007,pact:ARE
MRT,2007,pact:ARE
OMN,2007,pact:ARE
QAT,2007,pact:ARE
SAU,2007,pact:ARE
SDN,2007,pact:ARE
SOM,2007,pact:ARE
SYR,2007,pact:ARE
TUN,2007,pact:ARE
YEM,2007,pact:ARE
CHN,2007,pact:CHN
PRK,2007,pact:CHN
BEN,2007,pact:BEN
BFA,2007,pact:BEN
CIV,2007,pact:BEN
CPV,2007,pact:BEN
GHA,2007,pact:BEN
GIN,2007,pact:BEN
GMB,2007,pact:BEN
GNB,2007,pact:BEN
LBR,2007,pact:BEN
MLI,2007,pact:BEN
NER,2007,pact:BEN
NGA,2007,pact:BEN
SEN,2007,pact:BEN
SLE,2007,pact:BEN
TGO,2007,pact:BEN
ARM,2007,pact:ARM
AZE,2007,pact:ARM
BLR,2007,pact:ARM
GEO,2007,pact:ARM
KAZ,2007,pact:ARM
KGZ,2007,pact:ARM
MDA,2007,pact:ARM
RUS,2007,pact:ARM
TJK,2007,pact:ARM
TKM,2007,pact:ARM
UKR,2007,pact:ARM
UZB,2007,pact:ARM
AGO,2007,pact:AGO
BDI,2007,pact:AGO
CAF,2007,pact:AGO
CMR,2007,pact:AGO
COD,2007,pact:AGO
COG,2007,pact:AGO
ETH,2007,pact:AGO
GAB,2007,pact:AGO
GNQ,2007,pact:AGO
KEN,2007,pact:AGO
RWA,2007,pact:AGO
STP,2007,pact:AGO
TCD,2007,pact:AGO
TZA,2007,pact:AGO
UGA,2007,pact:AGO
ZMB,2007,pact:AGO
ARG,2008,pact:ARG
ATG,2008,pact:ARG
BHS,2008,pact:ARG
BLZ,2008,pact:ARG
BOL,2008,pact:ARG
BRA,2008,pact:ARG
BRB,2008,pact:ARG
CHL,2008,pact:ARG
COL,2008,pact:ARG
CRI,2008,pact:ARG
DMA,2008,pact:ARG
DOM,2008,pact:ARG
ECU,2008,pact:ARG
GRD,2008,pact:ARG
GTM,2008,pact:ARG
GUY,2008,pact:ARG
HND,2008,pact:ARG
HTI,2008,pact:ARG
JAM,2008,pact:ARG
KNA,2008,pact:ARG
LCA,2008,pact:ARG
MEX,2008,pact:ARG
NIC,2008,pact:ARG
PAN,2008,pact:ARG
PER,2008,pact:ARG
PRY,2008,pact:ARG
SLV,2008,pact:ARG
SUR,2008,pact:ARG
TTO,2008,pact:ARG
URY,2008,pact:ARG
VCT,2008,pact:ARG
VEN,2008,pact:ARG
AUS,2008,pact:AUS
BEL,2008,pact:AUS
CAN,2008,pact:AUS
CZE,2008,pact:AUS
DEU,2008,pact:AUS
DNK,2008,pact:AUS
ESP,2008,pact:AUS
FRA,2008,pact:AUS
GBR,2008,pact:AUS
GER,2008,pact:AUS
GRC,2008,pact:AUS
HUN,2008,pact:AUS
ISL,2008,pact:AUS
ITA,2008,pact:AUS
JPN,2008,pact:AUS
KOR,2008,pact:AUS
LUX,2008,pact:AUS
NLD,2008,pact:AUS
NOR,2008,pact:AUS
PAK,2008,pact:AUS
PHL,2008,pact:AUS
POL,2008,pact:AUS
PRT,2008,pact:AUS
SVK,2008,pact:AUS
TUR,2008,pact:AUS
USA,2008,pact:AUS
ARE,2008,pact:ARE
BHR,2008,pact:ARE
DZA,2008,pact:ARE
EGY,2008,pact:ARE
IRQ,2008,pact:ARE
JOR,2008,pact:ARE
KWT,2008,pact:ARE
LBN,2008,pact:ARE
LBY,2008,pact:ARE
MAR,2008,pact:ARE
MRT,2008,pact:ARE
OMN,2008,pact:ARE
QAT,2008,pact:ARE
SAU,2008,pact:ARE
SDN,2008,pact:ARE
SOM,2008,pact:ARE
SYR,2008,pact:ARE
TUN,2008,pact:ARE
YEM,2008,pact:ARE
CHN,2008,pact:CHN
PRK,2008,pact:CHN
BEN,2008,pact:BEN
BFA,2008,pact:BEN
CIV,2008,pact:BEN
CPV,2008,pact:BEN
GHA,2008,pact:BEN
GIN,2008,pact:BEN
GMB,2008,pact:BEN
GNB,2008,pact:BEN
LBR,2008,pact:BEN
MLI,2008,pact:BEN
NER,2008,pact:BEN
NGA,2008,pact:BEN
SEN,2008,pact:BEN
SLE,2008,pact:BEN
TGO,2008,pact:BEN
ARM,2008,pact:ARM
AZE,2008,pact:ARM
BLR,2008,pact:ARM
GEO,2008,pact:ARM
KAZ,2008,pact:ARM
KGZ,2008,pact:ARM
MDA,2008,pact:ARM
RUS,2008,pact:ARM
TJK,2008,pact:ARM
TKM,2008,pact:ARM
UKR,2008,pact:ARM
UZB,2008,pact:ARM
AGO,2008,pact:AGO
BDI,2008,pact:AGO
CAF,2008,pact:AGO
CMR,2008,pact:AGO
COD,2008,pact:AGO
COG,2008,pact:AGO
ETH,2008,pact:AGO
GAB,2008,pact:AGO
GNQ,2008,pact:AGO
KEN,2008,pact:AGO
RWA,2008,pact:AGO
STP,2008,pact:AGO
TCD,2008,pact:AGO
TZA,2008,pact:AGO
UGA,2008,pact:AGO
ZMB,2008,pact:AGO
ARG,2009,pact:ARG
ATG,2009,pact:ARG
BHS,2009,pact:ARG
BLZ,2009,pact:ARG
BOL,2009,pact:ARG
BRA,2009,pact:ARG
BRB,2009,pact:ARG
CHL,2009,pact:ARG
COL,2009,pact:ARG
CRI,2009,pact:ARG
DMA,2009,pact:ARG
DOM,2009,pact:ARG
ECU,2009,pact:ARG
GRD,2009,pact:ARG
GTM,2009,pact:ARG
GUY,2009,pact:ARG
HND,2009,pact:ARG
HTI,2009,pact:ARG
JAM,2009,pact:ARG
KNA,2009,pact:ARG
LCA,2009,pact:ARG
MEX,2009,pact:ARG
NIC,2009,pact:ARG
PAN,2009,pact:ARG
PER,2009,pact:ARG
PRY,2009,pact:ARG
SLV,2009,pact:ARG
SUR,2009,pact:ARG
TTO,2009,pact:ARG
URY,2009,pact:ARG
VCT,2009,pact:ARG
VEN,2009,pact:ARG
AUS,2009,pact:AUS
BEL,2009,pact:AUS
CAN,2009,pact:AUS
CZE,2009,pact:AUS
DEU,2009,pact:AUS
DNK,2009,pact:AUS
ESP,2009,pact:AUS
FRA,2009,pact:AUS
GBR,2009,pact:AUS
GER,2009,pact:AUS
GRC,2009,pact:AUS
HUN,2009,pact:AUS
ISL,2009,pact:AUS
ITA,2009,pact:AUS
JPN,2009,pact:AUS
KOR,2009,pact:AUS
LUX,2009,pact:AUS
NLD,2009,pact:AUS
NOR,2009,pact:AUS
PAK,2009,pact:AUS
PHL,2009,pact:AUS
POL,2009,pact:AUS
PRT,2009,pact:AUS
SVK,2009,pact:AUS
TUR,2009,pact:AUS
USA,2009,pact:AUS
ARE,2009,pact:ARE
BHR,2009,pact:ARE
DZA,2009,pact:ARE
EGY,2009,pact:ARE
IRQ,2009,pact:ARE
JOR,2009,pact:ARE
KWT,2009,pact:ARE
LBN,2009,pact:ARE
LBY,2009,pact:ARE
MAR,2009,pact:ARE
MRT,2009,pact:ARE
OMN,2009,pact:ARE
QAT,2009,pact:ARE
SAU,2009,pact:ARE
SDN,2009,pact:ARE
SOM,2009,pact:ARE
SYR,2009,pact:ARE
TUN,2009,pact:ARE
YEM,2009,pact:ARE
CHN,2009,pact:CHN
PRK,2009,pact:CHN
BEN,2009,pact:BEN
BFA,2009,pact:BEN
CIV,2009,pact:BEN
CPV,2009,pact:BEN
GHA,2009,pact:BEN
GIN,2009,pact:BEN
GMB,2009,pact:BEN
GNB,2009,pact:BEN
LBR,2009,pact:BEN
MLI,2009,pact:BEN
NER,2009,pact:BEN
NGA,2009,pact:BEN
SEN,2009,pact:BEN
SLE,2009,pact:BEN
TGO,2009,pact:BEN
ARM,2009,pact:ARM
AZE,2009,pact:ARM
BLR,2009,pact:ARM
GEO,2009,pact:ARM
KAZ,2009,pact:ARM
KGZ,2009,pact:ARM
MDA,2009,pact:ARM
RUS,2009,pact:ARM
TJK,2009,pact:ARM
TKM,2009,pact:ARM
UKR,2009,pact:ARM
UZB,2009,pact:ARM
AGO,2009,pact:AGO
BDI,2009,pact:AGO
CAF,2009,pact:AGO
CMR,2009,pact:AGO
COD,2009,pact:AGO
COG,2009,pact:AGO
ETH,2009,pact:AGO
GAB,2009,pact:AGO
GNQ,2009,pact:AGO
KEN,2009,pact:AGO
RWA,2009,pact:AGO
STP,2009,pact:AGO
TCD,2009,pact:AGO
TZA,2009,pact:AGO
UGA,2009,pact:AGO
ZMB,2009,pact:AGO
ARG,2010,pact:ARG
ATG,2010,pact:ARG
BHS,2010,pact:ARG
BLZ,2010,pact:ARG
BOL,2010,pact:ARG
BRA,2010,pact:ARG
BRB,2010,pact:ARG
CHL,2010,pact:ARG
COL,2010,pact:ARG
CRI,2010,pact:ARG
DMA,2010,pact:ARG
DOM,2010,pact:ARG
ECU,2010,pact:ARG
GRD,2010,pact:ARG
GTM,2010,pact:ARG
GUY,2010,pact:ARG
HND,2010,pact:ARG
HTI,2010,pact:ARG
JAM,2010,pact:ARG
KNA,2010,pact:ARG
LCA,2010,pact:ARG
MEX,2010,pact:ARG
NIC,2010,pact:ARG
PAN,2010,pact:ARG
PER,2010,pact:ARG
PRY,2010,pact:ARG
SLV,2010,pact:ARG
SUR,2010,pact:ARG
TTO,2010,pact:ARG
URY,2010,pact:ARG
VCT,2010,pact:ARG
VEN,2010,pact:ARG
AUS,2010,pact:AUS
BEL,2010,pact:AUS
CAN,2010,pact:AUS
CZE,2010,pact:AUS
DEU,2010,pact:AUS
DNK,2010,pact:AUS
ESP,2010,pact:AUS
FRA,2010,pact:AUS
GBR,2010,pact:AUS
GER,2010,pact:AUS
GRC,2010,pact:AUS
HUN,2010,pact:AUS
ISL,2010,pact:AUS
ITA,2010,pact:AUS
JPN,2010,pact:AUS
KOR,2010,pact:AUS
LUX,2010,pact:AUS
NLD,2010,pact:AUS
NOR,2010,pact:AUS
PAK,2010,pact:AUS
PHL,2010,pact:AUS
POL,2010,pact:AUS
PRT,2010,pact:AUS
SVK,2010,pact:AUS
TUR,2010,pact:AUS
USA,2010,pact:AUS
ARE,2010,pact:ARE
BHR,2010,pact:ARE
DZA,2010,pact:ARE
EGY,2010,pact:ARE
IRQ,2010,pact:ARE
JOR,2010,pact:ARE
KWT,2010,pact:ARE
LBN,2010,pact:ARE
LBY,2010,pact:ARE
MAR,2010,pact:ARE
MRT,2010,pact:ARE
OMN,2010,pact:ARE
QAT,2010,pact:ARE
SAU,2010,pact:ARE
SDN,2010,pact:ARE
SOM,2010,pact:ARE
SYR,2010,pact:ARE
TUN,2010,pact:ARE
YEM,2010,pact:ARE
CHN,2010,pact:CHN
PRK,2010,pact:CHN
BEN,2010,pact:BEN
BFA,2010,pact:BEN
CIV,2010,pact:BEN
CPV,2010,pact:BEN
GHA,2010,pact:BEN
GIN,2010,pact:BEN
GMB,2010,pact:BEN
GNB,2010,pact:BEN
LBR,2010,pact:BEN
MLI,2010,pact:BEN
NER,2010,pact:BEN
NGA,2010,pact:BEN
SEN,2010,pact:BEN
SLE,2010,pact:BEN
TGO,2010,pact:BEN
ARM,2010,pact:ARM
AZE,2010,pact:ARM
BLR,2010,pact:ARM
GEO,2010,pact:ARM
KAZ,2010,pact:ARM
KGZ,2010,pact:ARM
MDA,2010,pact:ARM
RUS,2010,pact:ARM
TJK,2010,pact:ARM
TKM,2010,pact:ARM
UKR,2010,pact:ARM
UZB,2010,pact:ARM
AGO,2010,pact:AGO
BDI,2010,pact:AGO
CAF,2010,pact:AGO
CMR,2010,pact:AGO
COD,2010,pact:AGO
COG,2010,pact:AGO
ETH,2010,pact:AGO
GAB,2010,pact:AGO
GNQ,2010,pact:AGO
KEN,2010,pact:AGO
RWA,2010,pact:AGO
STP,2010,pact:AGO
TCD,2010,pact:AGO
TZA,2010,pact:AGO
UGA,2010,pact:AGO
ZMB,2010,pact:AGO
ARG,2011,pact:ARG
ATG,2011,pact:ARG
BHS,2011,pact:ARG
BLZ,2011,pact:ARG
BOL,2011,pact:ARG
BRA,2011,pact:ARG
BRB,2011,pact:ARG
CHL,2011,pact:ARG
COL,2011,pact:ARG
CRI,2011,pact:ARG
DMA,2011,pact:ARG
DOM,2011,pact:ARG
ECU,2011,pact:ARG
GRD,2011,pact:ARG
GTM,2011,pact:ARG
GUY,2011,pact:ARG
HND,2011,pact:ARG
HTI,2011,pact:ARG
JAM,2011,pact:ARG
KNA,2011,pact:ARG
LCA,2011,pact:ARG
MEX,2011,pact:ARG
NIC,2011,pact:ARG
PAN,2011,pact:ARG
PER,2011,pact:ARG
PRY,2011,pact:ARG
SLV,2011,pact:ARG
SUR,2011,pact:ARG
TTO,2011,pact:ARG
URY,2011,pact:ARG
VCT,2011,pact:ARG
VEN,2011,pact:ARG
AUS,2011,pact:AUS
BEL,2011,pact:AUS
CAN,2011,pact:AUS
CZE,2011,pact:AUS
DEU,2011,pact:AUS
DNK,2011,pact:AUS
ESP,2011,pact:AUS
FRA,2011,pact:AUS
GBR,2011,pact:AUS
GER,2011,pact:AUS
GRC,2011,pact:AUS
HUN,2011,pact:AUS
ISL,2011,pact:AUS
ITA,2011,pact:AUS
JPN,2011,pact:AUS
KOR,2011,pact:AUS
LUX,2011,pact:AUS
NLD,2011,pact:AUS
NOR,2011,pact:AUS
PAK,2011,pact:AUS
PHL,2011,pact:AUS
POL,2011,pact:AUS
PRT,2011,pact:AUS
SVK,2011,pact:AUS
TUR,2011,pact:AUS
USA,2011,pact:AUS
ARE,2011,pact:ARE
BHR,2011,pact:ARE
DZA,2011,pact:ARE
EGY,2011,pact:ARE
IRQ,2011,pact:ARE
JOR,2011,pact:ARE
KWT,2011,pact:ARE
LBN,2011,pact:ARE
LBY,2011,pact:ARE
MAR,2011,pact:ARE
MRT,2011,pact:ARE
OMN,2011,pact:ARE
QAT,2011,pact:ARE
SAU,2011,pact:ARE
SDN,2011,pact:ARE
SOM,2011,pact:ARE
SYR,2011,pact:ARE
TUN,2011,pact:ARE
YEM,2011,pact:ARE
CHN,2011,pact:CHN
PRK,2011,pact:CHN
BEN,2011,pact:BEN
BFA,2011,pact:BEN
CIV,2011,pact:BEN
CPV,2011,pact:BEN
GHA,2011,pact:BEN
GIN,2011,pact:BEN
GMB,2011,pact:BEN
GNB,2011,pact:BEN
LBR,2011,pact:BEN
MLI,2011,pact:BEN
NER,2011,pact:BEN
NGA,2011,pact:BEN
SEN,2011,pact:BEN
SLE,2011,pact:BEN
TGO,2011,pact:BEN
ARM,2011,pact:ARM
AZE,2011,pact:ARM
BLR,2011,pact:ARM
GEO,2011,pact:ARM
KAZ,2011,pact:ARM
KGZ,2011,pact:ARM
MDA,2011,pact:ARM
RUS,2011,pact:ARM
TJK,2011,pact:ARM
TKM,2011,pact:ARM
UKR,2011,pact:ARM
UZB,2011,pact:ARM
AGO,2011,pact:AGO
BDI,2011,pact:AGO
CAF,2011,pact:AGO
CMR,2011,pact:AGO
COD,2011,pact:AGO
COG,2011,pact:AGO
ETH,2011,pact:AGO
GAB,2011,pact:AGO
GNQ,2011,pact:AGO
KEN,2011,pact:AGO
RWA,2011,pact:AGO
STP,2011,pact:AGO
TCD,2011,pact:AGO
TZA,2011,pact:AGO
UGA,2011,pact:AGO
ZMB,2011,pact:AGO
ARG,2012,pact:ARG
ATG,2012,pact:ARG
BHS,2012,pact:ARG
BLZ,2012,pact:ARG
BOL,2012,pact:ARG
BRA,2012,pact:ARG
BRB,2012,pact:ARG
CHL,2012,pact:ARG
COL,2012,pact:ARG
CRI,2012,pact:ARG
DMA,2012,pact:ARG
DOM,2012,pact:ARG
ECU,2012,pact:ARG
GRD,2012,pact:ARG
GTM,2012,pact:ARG
GUY,2012,pact:ARG
HND,2012,pact:ARG
HTI,2012,pact:ARG
JAM,2012,pact:ARG
KNA,2012,pact:ARG
LCA,2012,pact:ARG
MEX,2012,pact:ARG
NIC,2012,pact:ARG
PAN,2012,pact:ARG
PER,2012,pact:ARG
PRY,2012,pact:ARG
SLV,2012,pact:ARG
SUR,2012,pact:ARG
TTO,2012,pact:ARG
URY,2012,pact:ARG
VCT,2012,pact:ARG
VEN,2012,pact:ARG
AUS,2012,pact:AUS
BEL,2012,pact:AUS
CAN,2012,pact:AUS
CZE,2012,pact:AUS
DEU,2012,pact:AUS
DNK,2012,pact:AUS
ESP,2012,pact:AUS
FRA,2012,pact:AUS
GBR,2012,pact:AUS
GER,2012,pact:AUS
GRC,2012,pact:AUS
HUN,2012,pact:AUS
ISL,2012,pact:AUS
ITA,2012,pact:AUS
JPN,2012,pact:AUS
KOR,2012,pact:AUS
LUX,2012,pact:AUS
NLD,2012,pact:AUS
NOR,2012,pact:AUS
PAK,2012,pact:AUS
PHL,2012,pact:AUS
POL,2012,pact:AUS
PRT,2012,pact:AUS
SVK,2012,pact:AUS
TUR,2012,pact:AUS
USA,2012,pact:AUS
ARE,2012,pact:ARE
BHR,2012,pact:ARE
DZA,2012,pact:ARE
EGY,2012,pact:ARE
IRQ,2012,pact:ARE
JOR,2012,pact:ARE
KWT,2012,pact:ARE
LBN,2012,pact:ARE
LBY,2012,pact:ARE
MAR,2012,pact:ARE
MRT,2012,pact:ARE
OMN,2012,pact:ARE
QAT,2012,pact:ARE
SAU,2012,pact:ARE
SDN,2012,pact:ARE
SOM,2012,pact:ARE
SYR,2012,pact:ARE
TUN,2012,pact:ARE
YEM,2012,pact:ARE
CHN,2012,pact:CHN
PRK,2012,pact:CHN
BEN,2012,pact:BEN
BFA,2012,pact:BEN
CIV,2012,pact:BEN
CPV,2012,pact:BEN
GHA,2012,pact:BEN
GIN,2012,pact:BEN
GMB,2012,pact:BEN
GNB,2012,pact:BEN
LBR,2012,pact:BEN
MLI,2012,pact:BEN
NER,2012,pact:BEN
NGA,2012,pact:BEN
SEN,2012,pact:BEN
SLE,2012,pact:BEN
TGO,2012,pact:BEN
ARM,2012,pact:ARM
AZE,2012,pact:ARM
BLR,2012,pact:ARM
GEO,2012,pact:ARM
KAZ,2012,pact:ARM
KGZ,2012,pact:ARM
MDA,2012,pact:ARM
RUS,2012,pact:ARM
TJK,2012,pact:ARM
TKM,2012,pact:ARM
UKR,2012,pact:ARM
UZB,2012,pact:ARM
AGO,2012,pact:AGO
BDI,2012,pact:AGO
CAF,2012,pact:AGO
CMR,2012,pact:AGO
COD,2012,pact:AGO
COG,2012,pact:AGO
ETH,2012,pact:AGO
GAB,2012,pact:AGO
GNQ,2012,pact:AGO
KEN,2012,pact:AGO
RWA,2012,pact:AGO
STP,2012,pact:AGO
TCD,2012,pact:AGO
TZA,2012,pact:AGO
UGA,2012,pact:AGO
ZMB,2012,pact:AGO
