code,year,regime,libdem
AFG,1946,0,0.067
AFG,1947,0,0.067
AFG,1948,0,0.067
AFG,1949,0,0.068
AFG,1950,0,0.069
AFG,1951,0,0.069
AFG,1952,0,0.067
AFG,1953,0,0.067
AFG,1954,0,0.066
AFG,1955,0,0.066
AFG,1956,0,0.066
AFG,1957,0,0.066
AFG,1958,0,0.066
AFG,1959,0,0.066
AFG,1960,0,0.066
AFG,1961,0,0.066
AFG,1962,0,0.066
AFG,1963,0,0.071
AFG,1964,0,0.092
AFG,1965,0,0.095
AFG,1966,0,0.097
AFG,1967,0,0.097
AFG,1968,0,0.097
AFG,1969,0,0.097
AFG,1970,0,0.096
AFG,1971,0,0.096
AFG,1972,0,0.095
AFG,1973,0,0.081
AFG,1974,0,0.051
AFG,1975,0,0.051
AFG,1976,0,0.051
AFG,1977,0,0.051
AFG,1978,0,0.050
AFG,1979,0,0.046
AFG,1980,0,0.042
AFG,1981,0,0.044
AFG,1982,0,0.045
AFG,1983,0,0.045
AFG,1984,0,0.045
AFG,1985,0,0.045
AFG,1986,0,0.045
AFG,1987,0,0.045
AFG,1988,0,0.047
AFG,1989,0,0.047
AFG,1990,0,0.045
AFG,1991,0,0.041
AFG,1992,0,0.033
AFG,1993,0,0.023
AFG,1994,0,0.023
AFG,1995,0,0.022
AFG,1996,0,0.019
AFG,1997,0,0.022
AFG,1998,0,0.022
AFG,1999,0,0.022
AFG,2000,0,0.022
AFG,2001,0,0.028
AFG,2002,0,0.085
AFG,2003,0,0.085
AFG,2004,,0.089
AFG,2005,1,0.111
AFG,2006,1,0.192
AFG,2007,1,0.193
AFG,2008,1,0.196
AFG,2009,1,0.196
AFG,2010,1,0.192
AFG,2011,1,0.192
AFG,2012,1,0.194
AFG,2013,1,0.194
AFG,2014,1,0.199
AFG,2015,1,0.201
AFG,2016,1,0.188
AFG,2017,1,0.183
AFG,2018,1,0.176
AFG,2019,1,0.162
AFG,2020,1,0.167
AFG,2021,0,0.041
AFG,2022,0,0.011
AFG,2023,0,0.015
AFG,2024,0,0.014
AFG,2025,0,0.018
AGO,1946,0,0.034
AGO,1947,0,0.034
AGO,1948,0,0.034
AGO,1949,0,0.034
AGO,1950,0,0.034
AGO,1951,0,0.034
AGO,1952,0,0.034
AGO,1953,0,0.034
AGO,1954,0,0.034
AGO,1955,0,0.034
AGO,1956,0,0.034
AGO,1957,0,0.034
AGO,1958,0,0.034
AGO,1959,0,0.034
AGO,1960,0,0.034
AGO,1961,0,0.034
AGO,1962,0,0.034
AGO,1963,0,0.034
AGO,1964,0,0.034
AGO,1965,0,0.034
AGO,1966,0,0.034
AGO,1967,0,0.034
AGO,1968,0,0.034
AGO,1969,0,0.035
AGO,1970,0,0.035
AGO,1971,0,0.035
AGO,1972,0,0.035
AGO,1973,0,0.042
AGO,1974,0,0.043
AGO,1975,0,0.042
AGO,1976,0,0.046
AGO,1977,0,0.046
AGO,1978,0,0.046
AGO,1979,0,0.046
AGO,1980,0,0.045
AGO,1981,0,0.045
AGO,1982,0,0.045
AGO,1983,0,0.045
AGO,1984,0,0.045
AGO,1985,0,0.045
AGO,1986,0,0.045
AGO,1987,0,0.045
AGO,1988,0,0.045
AGO,1989,0,0.045
AGO,1990,0,0.050
AGO,1991,0,0.055
AGO,1992,0,0.076
AGO,1993,0,0.075
AGO,1994,0,0.075
AGO,1995,0,0.076
AGO,1996,0,0.076
AGO,1997,0,0.076
AGO,1998,0,0.076
AGO,1999,0,0.076
AGO,2000,0,0.077
AGO,2001,0,0.079
AGO,2002,0,0.079
AGO,2003,0,0.083
AGO,2004,0,0.085
AGO,2005,0,0.086
AGO,2006,0,0.086
AGO,2007,0,0.088
AGO,2008,0,0.092
AGO,2009,0,0.100
AGO,2010,1,0.098
AGO,2011,1,0.121
AGO,2012,1,0.121
AGO,2013,1,0.122
AGO,2014,1,0.122
AGO,2015,1,0.122
AGO,2016,1,0.123
AGO,2017,1,0.139
AGO,2018,1,0.161
AGO,2019,1,0.162
AGO,2020,1,0.160
AGO,2021,1,0.151
AGO,2022,1,0.153
AGO,2023,1,0.154
AGO,2024,1,0.161
AGO,2025,1,0.163
ALB,1946,1,0.038
ALB,1947,1,0.052
ALB,1948,1,0.052
ALB,1949,0,0.053
ALB,1950,0,0.054
ALB,1951,0,0.054
ALB,1952,0,0.054
ALB,1953,0,0.054
ALB,1954,0,0.054
ALB,1955,0,0.054
ALB,1956,0,0.054
ALB,1957,0,0.054
ALB,1958,0,0.054
ALB,1959,0,0.053
ALB,1960,0,0.054
ALB,1961,0,0.054
ALB,1962,0,0.054
ALB,1963,0,0.054
ALB,1964,0,0.054
ALB,1965,0,0.054
ALB,1966,0,0.054
ALB,1967,0,0.054
ALB,1968,0,0.054
ALB,1969,0,0.054
ALB,1970,0,0.054
ALB,1971,0,0.054
ALB,1972,0,0.054
ALB,1973,0,0.054
ALB,1974,0,0.054
ALB,1975,0,0.054
ALB,1976,0,0.056
ALB,1977,0,0.056
ALB,1978,0,0.056
ALB,1979,0,0.056
ALB,1980,0,0.056
ALB,1981,0,0.056
ALB,1982,0,0.056
ALB,1983,0,0.056
ALB,1984,0,0.056
ALB,1985,0,0.056
ALB,1986,0,0.058
ALB,1987,0,0.058
ALB,1988,0,0.058
ALB,1989,0,0.058
ALB,1990,0,0.070
ALB,1991,1,0.260
ALB,1992,1,0.333
ALB,1993,1,0.321
ALB,1994,1,0.340
ALB,1995,1,0.344
ALB,1996,1,0.321
ALB,1997,1,0.311
ALB,1998,1,0.323
ALB,1999,1,0.326
ALB,2000,1,0.342
ALB,2001,1,0.366
ALB,2002,1,0.395
ALB,2003,1,0.398
ALB,2004,1,0.406
ALB,2005,2,0.425
ALB,2006,2,0.444
ALB,2007,2,0.446
ALB,2008,2,0.447
ALB,2009,2,0.446
ALB,2010,2,0.440
ALB,2011,2,0.441
ALB,2012,2,0.444
ALB,2013,2,0.433
ALB,2014,2,0.436
ALB,2015,2,0.435
ALB,2016,2,0.436
ALB,2017,2,0.437
ALB,2018,2,0.432
ALB,2019,2,0.426
ALB,2020,2,0.442
ALB,2021,2,0.438
ALB,2022,2,0.428
ALB,2023,2,0.394
ALB,2024,2,0.398
ALB,2025,1,0.382
ARE,1971,0,0.048
ARE,1972,0,0.048
ARE,1973,0,0.048
ARE,1974,0,0.048
ARE,1975,0,0.048
ARE,1976,0,0.047
ARE,1977,0,0.048
ARE,1978,0,0.048
ARE,1979,0,0.048
ARE,1980,0,0.048
ARE,1981,0,0.048
ARE,1982,0,0.048
ARE,1983,0,0.048
ARE,1984,0,0.048
ARE,1985,0,0.051
ARE,1986,0,0.051
ARE,1987,0,0.051
ARE,1988,0,0.051
ARE,1989,0,0.053
ARE,1990,0,0.055
ARE,1991,0,0.055
ARE,1992,0,0.055
ARE,1993,0,0.055
ARE,1994,0,0.065
ARE,1995,0,0.068
ARE,1996,0,0.070
ARE,1997,0,0.070
ARE,1998,0,0.070
ARE,1999,0,0.070
ARE,2000,0,0.070
ARE,2001,0,0.070
ARE,2002,0,0.071
ARE,2003,0,0.069
ARE,2004,0,0.068
ARE,2005,0,0.070
ARE,2006,0,0.072
ARE,2007,0,0.080
ARE,2008,0,0.080
ARE,2009,0,0.081
ARE,2010,0,0.082
ARE,2011,0,0.079
ARE,2012,0,0.086
ARE,2013,0,0.087
ARE,2014,0,0.087
ARE,2015,0,0.090
ARE,2016,0,0.091
ARE,2017,0,0.091
ARE,2018,0,0.093
ARE,2019,0,0.090
ARE,2020,0,0.090
ARE,2021,0,0.084
ARE,2022,0,0.086
ARE,2023,0,0.077
ARE,2024,0,0.077
ARE,2025,0,0.077
ARG,1946,1,0.227
ARG,1947,1,0.205
ARG,1948,1,0.216
ARG,1949,1,0.209
ARG,1950,1,0.193
ARG,1951,1,0.188
ARG,1952,1,0.187
ARG,1953,1,0.185
ARG,1954,1,0.183
ARG,1955,1,0.150
ARG,1956,0,0.103
ARG,1957,1,0.117
ARG,1958,1,0.241
ARG,1959,1,0.347
ARG,1960,1,0.351
ARG,1961,1,0.360
ARG,1962,1,0.205
ARG,1963,1,0.226
ARG,1964,2,0.423
ARG,1965,2,0.427
ARG,1966,1,0.201
ARG,1967,0,0.089
ARG,1968,0,0.086
ARG,1969,0,0.084
ARG,1970,0,0.092
ARG,1971,0,0.094
ARG,1972,0,0.094
ARG,1973,1,0.277
ARG,1974,2,0.322
ARG,1975,2,0.290
ARG,1976,1,0.066
ARG,1977,0,0.047
ARG,1978,0,0.047
ARG,1979,0,0.047
ARG,1980,0,0.051
ARG,1981,0,0.051
ARG,1982,0,0.051
ARG,1983,1,0.206
ARG,1984,2,0.674
ARG,1985,2,0.674
ARG,1986,2,0.672
ARG,1987,2,0.672
ARG,1988,2,0.672
ARG,1989,2,0.670
ARG,1990,2,0.617
ARG,1991,2,0.630
ARG,1992,2,0.631
ARG,1993,2,0.630
ARG,1994,2,0.633
ARG,1995,2,0.641
ARG,1996,2,0.634
ARG,1997,2,0.634
ARG,1998,2,0.634
ARG,1999,2,0.640
ARG,2000,2,0.670
ARG,2001,2,0.674
ARG,2002,2,0.661
ARG,2003,2,0.638
ARG,2004,2,0.632
ARG,2005,2,0.625
ARG,2006,2,0.614
ARG,2007,2,0.610
ARG,2008,2,0.590
ARG,2009,2,0.583
ARG,2010,2,0.578
ARG,2011,2,0.573
ARG,2012,2,0.582
ARG,2013,2,0.588
ARG,2014,2,0.595
ARG,2015,2,0.590
ARG,2016,2,0.612
ARG,2017,2,0.609
ARG,2018,2,0.630
ARG,2019,2,0.618
ARG,2020,2,0.634
ARG,2021,2,0.639
ARG,2022,2,0.654
ARG,2023,2,0.695
ARG,2024,2,0.558
ARG,2025,2,0.524
ARM,1946,0,0.015
ARM,1947,0,0.015
ARM,1948,0,0.015
ARM,1949,0,0.015
ARM,1950,0,0.015
ARM,1951,0,0.015
ARM,1952,0,0.015
ARM,1953,0,0.015
ARM,1954,0,0.021
ARM,1955,0,0.021
ARM,1956,0,0.022
ARM,1957,0,0.024
ARM,1958,0,0.024
ARM,1959,0,0.024
ARM,1960,0,0.024
ARM,1961,0,0.024
ARM,1962,0,0.023
ARM,1963,0,0.023
ARM,1964,0,0.023
ARM,1965,0,0.023
ARM,1966,0,0.023
ARM,1967,0,0.023
ARM,1968,0,0.023
ARM,1969,0,0.023
ARM,1970,0,0.024
ARM,1971,0,0.025
ARM,1972,0,0.025
ARM,1973,0,0.025
ARM,1974,0,0.025
ARM,1975,0,0.025
ARM,1976,0,0.025
ARM,1977,0,0.024
ARM,1978,0,0.024
ARM,1979,0,0.025
ARM,1980,0,0.028
ARM,1981,0,0.028
ARM,1982,0,0.028
ARM,1983,0,0.027
ARM,1984,0,0.027
ARM,1985,0,0.029
ARM,1986,0,0.037
ARM,1987,0,0.041
ARM,1988,0,0.043
ARM,1989,0,0.064
ARM,1990,2,0.327
ARM,1991,2,0.348
ARM,1992,2,0.338
ARM,1993,2,0.327
ARM,1994,2,0.318
ARM,1995,1,0.273
ARM,1996,1,0.235
ARM,1997,1,0.224
ARM,1998,1,0.214
ARM,1999,1,0.211
ARM,2000,1,0.210
ARM,2001,1,0.211
ARM,2002,1,0.205
ARM,2003,1,0.186
ARM,2004,1,0.181
ARM,2005,1,0.185
ARM,2006,1,0.185
ARM,2007,1,0.188
ARM,2008,1,0.172
ARM,2009,1,0.180
ARM,2010,1,0.188
ARM,2011,1,0.189
ARM,2012,1,0.201
ARM,2013,1,0.206
ARM,2014,1,0.201
ARM,2015,1,0.203
ARM,2016,1,0.204
ARM,2017,1,0.219
ARM,2018,2,0.404
ARM,2019,2,0.620
ARM,2020,2,0.576
ARM,2021,2,0.532
ARM,2022,2,0.448
ARM,2023,2,0.421
ARM,2024,2,0.412
ARM,2025,2,0.371
AUS,1946,3,0.740
AUS,1947,3,0.742
AUS,1948,3,0.743
AUS,1949,3,0.743
AUS,1950,3,0.744
AUS,1951,3,0.742
AUS,1952,3,0.749
AUS,1953,3,0.762
AUS,1954,3,0.767
AUS,1955,3,0.770
AUS,1956,3,0.776
AUS,1957,3,0.776
AUS,1958,3,0.776
AUS,1959,3,0.777
AUS,1960,3,0.775
AUS,1961,3,0.775
AUS,1962,3,0.778
AUS,1963,3,0.787
AUS,1964,3,0.784
AUS,1965,3,0.784
AUS,1966,3,0.784
AUS,1967,3,0.788
AUS,1968,3,0.790
AUS,1969,3,0.790
AUS,1970,3,0.806
AUS,1971,3,0.806
AUS,1972,3,0.805
AUS,1973,3,0.820
AUS,1974,3,0.815
AUS,1975,3,0.814
AUS,1976,3,0.813
AUS,1977,3,0.813
AUS,1978,3,0.815
AUS,1979,3,0.815
AUS,1980,3,0.829
AUS,1981,3,0.835
AUS,1982,3,0.835
AUS,1983,3,0.834
AUS,1984,3,0.842
AUS,1985,3,0.844
AUS,1986,3,0.844
AUS,1987,3,0.844
AUS,1988,3,0.844
AUS,1989,3,0.844
AUS,1990,3,0.851
AUS,1991,3,0.851
AUS,1992,3,0.851
AUS,1993,3,0.849
AUS,1994,3,0.848
AUS,1995,3,0.848
AUS,1996,3,0.849
AUS,1997,3,0.841
AUS,1998,3,0.841
AUS,1999,3,0.842
AUS,2000,3,0.847
AUS,2001,3,0.844
AUS,2002,3,0.838
AUS,2003,3,0.838
AUS,2004,3,0.838
AUS,2005,3,0.838
AUS,2006,3,0.838
AUS,2007,3,0.839
AUS,2008,3,0.849
AUS,2009,3,0.849
AUS,2010,3,0.856
AUS,2011,3,0.857
AUS,2012,3,0.858
AUS,2013,3,0.821
AUS,2014,3,0.815
AUS,2015,3,0.825
AUS,2016,3,0.833
AUS,2017,3,0.828
AUS,2018,3,0.817
AUS,2019,3,0.779
AUS,2020,3,0.790
AUS,2021,3,0.779
AUS,2022,3,0.794
AUS,2023,3,0.802
AUS,2024,3,0.796
AUS,2025,3,0.793
AUT,1946,2,0.617
AUT,1947,2,0.611
AUT,1948,2,0.613
AUT,1949,2,0.615
AUT,1950,2,0.621
AUT,1951,2,0.622
AUT,1952,2,0.623
AUT,1953,2,0.624
AUT,1954,2,0.624
AUT,1955,2,0.627
AUT,1956,3,0.690
AUT,1957,3,0.685
AUT,1958,3,0.685
AUT,1959,3,0.684
AUT,1960,3,0.689
AUT,1961,3,0.689
AUT,1962,3,0.689
AUT,1963,3,0.689
AUT,1964,3,0.689
AUT,1965,3,0.690
AUT,1966,3,0.700
AUT,1967,3,0.703
AUT,1968,3,0.703
AUT,1969,3,0.703
AUT,1970,3,0.714
AUT,1971,3,0.716
AUT,1972,3,0.723
AUT,1973,3,0.736
AUT,1974,3,0.744
AUT,1975,3,0.743
AUT,1976,3,0.752
AUT,1977,3,0.752
AUT,1978,3,0.752
AUT,1979,3,0.748
AUT,1980,3,0.749
AUT,1981,3,0.765
AUT,1982,3,0.765
AUT,1983,3,0.764
AUT,1984,3,0.763
AUT,1985,3,0.763
AUT,1986,3,0.763
AUT,1987,3,0.776
AUT,1988,3,0.780
AUT,1989,3,0.783
AUT,1990,3,0.780
AUT,1991,3,0.779
AUT,1992,3,0.781
AUT,1993,3,0.782
AUT,1994,3,0.782
AUT,1995,3,0.779
AUT,1996,3,0.780
AUT,1997,3,0.780
AUT,1998,3,0.780
AUT,1999,3,0.780
AUT,2000,3,0.782
AUT,2001,3,0.782
AUT,2002,3,0.782
AUT,2003,3,0.786
AUT,2004,3,0.785
AUT,2005,3,0.784
AUT,2006,3,0.788
AUT,2007,3,0.802
AUT,2008,3,0.802
AUT,2009,3,0.804
AUT,2010,3,0.803
AUT,2011,3,0.804
AUT,2012,3,0.803
AUT,2013,3,0.807
AUT,2014,3,0.805
AUT,2015,3,0.805
AUT,2016,3,0.780
AUT,2017,3,0.782
AUT,2018,3,0.776
AUT,2019,3,0.793
AUT,2020,3,0.786
AUT,2021,3,0.784
AUT,2022,3,0.762
AUT,2023,3,0.775
AUT,2024,3,0.762
AUT,2025,3,0.757
AZE,1946,0,0.015
AZE,1947,0,0.015
AZE,1948,0,0.015
AZE,1949,0,0.015
AZE,1950,0,0.015
AZE,1951,0,0.015
AZE,1952,0,0.015
AZE,1953,0,0.015
AZE,1954,0,0.021
AZE,1955,0,0.021
AZE,1956,0,0.022
AZE,1957,0,0.024
AZE,1958,0,0.024
AZE,1959,0,0.024
AZE,1960,0,0.024
AZE,1961,0,0.024
AZE,1962,0,0.023
AZE,1963,0,0.023
AZE,1964,0,0.023
AZE,1965,0,0.023
AZE,1966,0,0.023
AZE,1967,0,0.023
AZE,1968,0,0.023
AZE,1969,0,0.023
AZE,1970,0,0.024
AZE,1971,0,0.025
AZE,1972,0,0.025
AZE,1973,0,0.025
AZE,1974,0,0.025
AZE,1975,0,0.025
AZE,1976,0,0.025
AZE,1977,0,0.024
AZE,1978,0,0.024
AZE,1979,0,0.025
AZE,1980,0,0.028
AZE,1981,0,0.028
AZE,1982,0,0.028
AZE,1983,0,0.027
AZE,1984,0,0.027
AZE,1985,0,0.029
AZE,1986,0,0.037
AZE,1987,0,0.041
AZE,1988,0,0.043
AZE,1989,0,0.064
AZE,1990,0,0.078
AZE,1991,1,0.095
AZE,1992,1,0.206
AZE,1993,1,0.137
AZE,1994,1,0.086
AZE,1995,1,0.083
AZE,1996,1,0.083
AZE,1997,1,0.084
AZE,1998,1,0.083
AZE,1999,1,0.079
AZE,2000,1,0.081
AZE,2001,1,0.080
AZE,2002,1,0.079
AZE,2003,1,0.076
AZE,2004,1,0.075
AZE,2005,1,0.074
AZE,2006,1,0.072
AZE,2007,1,0.071
AZE,2008,1,0.070
AZE,2009,1,0.070
AZE,2010,1,0.069
AZE,2011,1,0.068
AZE,2012,1,0.067
AZE,2013,1,0.067
AZE,2014,1,0.064
AZE,2015,1,0.063
AZE,2016,1,0.062
AZE,2017,1,0.067
AZE,2018,1,0.058
AZE,2019,1,0.063
AZE,2020,1,0.064
AZE,2021,1,0.066
AZE,2022,1,0.062
AZE,2023,1,0.062
AZE,2024,1,0.053
AZE,2025,1,0.053
BDI,1946,0,0.050
BDI,1947,0,0.050
BDI,1948,0,0.050
BDI,1949,0,0.050
BDI,1950,0,0.050
BDI,1951,0,0.052
BDI,1952,0,0.052
BDI,1953,0,0.054
BDI,1954,0,0.054
BDI,1955,0,0.054
BDI,1956,0,0.054
BDI,1957,0,0.054
BDI,1958,0,0.055
BDI,1959,0,0.056
BDI,1960,0,0.063
BDI,1961,0,0.078
BDI,1962,0,0.131
BDI,1963,0,0.134
BDI,1964,0,0.133
BDI,1965,0,0.129
BDI,1966,0,0.104
BDI,1967,0,0.066
BDI,1968,0,0.066
BDI,1969,0,0.066
BDI,1970,0,0.067
BDI,1971,0,0.066
BDI,1972,0,0.065
BDI,1973,0,0.065
BDI,1974,0,0.067
BDI,1975,0,0.068
BDI,1976,0,0.076
BDI,1977,0,0.078
BDI,1978,0,0.081
BDI,1979,0,0.081
BDI,1980,0,0.082
BDI,1981,0,0.083
BDI,1982,0,0.097
BDI,1983,0,0.122
BDI,1984,1,0.121
BDI,1985,1,0.135
BDI,1986,1,0.136
BDI,1987,0,0.127
BDI,1988,0,0.085
BDI,1989,0,0.085
BDI,1990,0,0.086
BDI,1991,0,0.084
BDI,1992,0,0.099
BDI,1993,0,0.164
BDI,1994,1,0.168
BDI,1995,1,0.170
BDI,1996,0,0.155
BDI,1997,0,0.149
BDI,1998,0,0.148
BDI,1999,0,0.148
BDI,2000,0,0.147
BDI,2001,0,0.149
BDI,2002,0,0.149
BDI,2003,0,0.151
BDI,2004,0,0.151
BDI,2005,1,0.148
BDI,2006,1,0.186
BDI,2007,1,0.183
BDI,2008,1,0.178
BDI,2009,1,0.175
BDI,2010,1,0.144
BDI,2011,1,0.133
BDI,2012,1,0.134
BDI,2013,1,0.109
BDI,2014,1,0.101
BDI,2015,1,0.063
BDI,2016,1,0.046
BDI,2017,1,0.045
BDI,2018,1,0.044
BDI,2019,1,0.055
BDI,2020,1,0.049
BDI,2021,1,0.067
BDI,2022,1,0.077
BDI,2023,1,0.056
BDI,2024,1,0.062
BDI,2025,1,0.060
BEL,1946,3,0.461
BEL,1947,3,0.481
BEL,1948,3,0.481
BEL,1949,3,0.619
BEL,1950,3,0.635
BEL,1951,3,0.640
BEL,1952,3,0.640
BEL,1953,3,0.640
BEL,1954,3,0.646
BEL,1955,3,0.648
BEL,1956,3,0.648
BEL,1957,3,0.649
BEL,1958,3,0.648
BEL,1959,3,0.648
BEL,1960,3,0.750
BEL,1961,3,0.748
BEL,1962,3,0.757
BEL,1963,3,0.759
BEL,1964,3,0.759
BEL,1965,3,0.762
BEL,1966,3,0.763
BEL,1967,3,0.763
BEL,1968,3,0.762
BEL,1969,3,0.762
BEL,1970,3,0.767
BEL,1971,3,0.767
BEL,1972,3,0.772
BEL,1973,3,0.772
BEL,1974,3,0.770
BEL,1975,3,0.769
BEL,1976,3,0.771
BEL,1977,3,0.773
BEL,1978,3,0.773
BEL,1979,3,0.772
BEL,1980,3,0.786
BEL,1981,3,0.782
BEL,1982,3,0.782
BEL,1983,3,0.782
BEL,1984,3,0.782
BEL,1985,3,0.782
BEL,1986,3,0.783
BEL,1987,3,0.780
BEL,1988,3,0.776
BEL,1989,3,0.778
BEL,1990,3,0.797
BEL,1991,3,0.798
BEL,1992,3,0.808
BEL,1993,3,0.808
BEL,1994,3,0.808
BEL,1995,3,0.812
BEL,1996,3,0.812
BEL,1997,3,0.812
BEL,1998,3,0.813
BEL,1999,3,0.816
BEL,2000,3,0.819
BEL,2001,3,0.819
BEL,2002,3,0.819
BEL,2003,3,0.819
BEL,2004,3,0.795
BEL,2005,3,0.816
BEL,2006,3,0.818
BEL,2007,3,0.828
BEL,2008,3,0.832
BEL,2009,3,0.834
BEL,2010,3,0.834
BEL,2011,3,0.835
BEL,2012,3,0.835
BEL,2013,3,0.839
BEL,2014,3,0.838
BEL,2015,3,0.837
BEL,2016,3,0.837
BEL,2017,3,0.836
BEL,2018,3,0.836
BEL,2019,3,0.837
BEL,2020,3,0.826
BEL,2021,3,0.827
BEL,2022,3,0.833
BEL,2023,3,0.812
BEL,2024,3,0.810
BEL,2025,3,0.794
BEN,1946,0,0.043
BEN,1947,0,0.043
BEN,1948,0,0.044
BEN,1949,0,0.044
BEN,1950,0,0.044
BEN,1951,0,0.044
BEN,1952,0,0.077
BEN,1953,0,0.073
BEN,1954,0,0.073
BEN,1955,0,0.073
BEN,1956,0,0.081
BEN,1957,0,0.083
BEN,1958,0,0.083
BEN,1959,0,0.088
BEN,1960,1,0.195
BEN,1961,1,0.223
BEN,1962,1,0.223
BEN,1963,1,0.223
BEN,1964,1,0.214
BEN,1965,0,0.220
BEN,1966,0,0.108
BEN,1967,0,0.108
BEN,1968,,0.121
BEN,1969,0,0.131
BEN,1970,0,0.111
BEN,1971,0,0.106
BEN,1972,0,0.088
BEN,1973,0,0.082
BEN,1974,0,0.082
BEN,1975,0,0.081
BEN,1976,0,0.081
BEN,1977,0,0.081
BEN,1978,0,0.081
BEN,1979,0,0.082
BEN,1980,0,0.085
BEN,1981,0,0.085
BEN,1982,0,0.085
BEN,1983,0,0.085
BEN,1984,0,0.084
BEN,1985,0,0.084
BEN,1986,0,0.084
BEN,1987,0,0.084
BEN,1988,0,0.084
BEN,1989,0,0.084
BEN,1990,0,0.162
BEN,1991,1,0.361
BEN,1992,2,0.491
BEN,1993,2,0.491
BEN,1994,2,0.491
BEN,1995,2,0.512
BEN,1996,2,0.507
BEN,1997,2,0.500
BEN,1998,2,0.500
BEN,1999,2,0.497
BEN,2000,2,0.501
BEN,2001,2,0.499
BEN,2002,2,0.502
BEN,2003,2,0.494
BEN,2004,2,0.492
BEN,2005,2,0.508
BEN,2006,2,0.535
BEN,2007,2,0.524
BEN,2008,2,0.515
BEN,2009,2,0.513
BEN,2010,2,0.516
BEN,2011,2,0.486
BEN,2012,2,0.483
BEN,2013,2,0.482
BEN,2014,2,0.485
BEN,2015,2,0.523
BEN,2016,2,0.579
BEN,2017,2,0.593
BEN,2018,2,0.472
BEN,2019,1,0.335
BEN,2020,1,0.284
BEN,2021,1,0.271
BEN,2022,1,0.285
BEN,2023,1,0.313
BEN,2024,1,0.323
BEN,2025,1,0.323
BFA,1947,0,0.105
BFA,1948,0,0.105
BFA,1949,0,0.127
BFA,1950,0,0.129
BFA,1951,0,0.129
BFA,1952,0,0.130
BFA,1953,0,0.130
BFA,1954,0,0.130
BFA,1955,0,0.132
BFA,1956,0,0.132
BFA,1957,0,0.145
BFA,1958,0,0.148
BFA,1959,0,0.156
BFA,1960,1,0.187
BFA,1961,1,0.215
BFA,1962,1,0.213
BFA,1963,1,0.213
BFA,1964,1,0.213
BFA,1965,1,0.206
BFA,1966,0,0.126
BFA,1967,0,0.116
BFA,1968,0,0.116
BFA,1969,0,0.116
BFA,1970,0,0.127
BFA,1971,0,0.125
BFA,1972,0,0.151
BFA,1973,0,0.151
BFA,1974,0,0.126
BFA,1975,0,0.116
BFA,1976,0,0.116
BFA,1977,0,0.114
BFA,1978,1,0.149
BFA,1979,1,0.216
BFA,1980,0,0.185
BFA,1981,0,0.106
BFA,1982,0,0.106
BFA,1983,0,0.114
BFA,1984,0,0.112
BFA,1985,0,0.111
BFA,1986,0,0.113
BFA,1987,0,0.113
BFA,1988,0,0.101
BFA,1989,0,0.100
BFA,1990,0,0.102
BFA,1991,,0.114
BFA,1992,1,0.212
BFA,1993,1,0.256
BFA,1994,1,0.256
BFA,1995,1,0.256
BFA,1996,1,0.256
BFA,1997,1,0.257
BFA,1998,1,0.262
BFA,1999,1,0.304
BFA,2000,2,0.324
BFA,2001,2,0.325
BFA,2002,2,0.325
BFA,2003,2,0.324
BFA,2004,2,0.324
BFA,2005,2,0.326
BFA,2006,2,0.340
BFA,2007,2,0.335
BFA,2008,2,0.333
BFA,2009,2,0.334
BFA,2010,2,0.351
BFA,2011,2,0.354
BFA,2012,2,0.358
BFA,2013,2,0.405
BFA,2014,2,0.417
BFA,2015,1,0.306
BFA,2016,2,0.504
BFA,2017,2,0.511
BFA,2018,2,0.485
BFA,2019,2,0.477
BFA,2020,2,0.486
BFA,2021,2,0.456
BFA,2022,0,0.224
BFA,2023,0,0.179
BFA,2024,0,0.126
BFA,2025,0,0.103
BGD,1946,1,0.165
BGD,1947,0,0.157
BGD,1948,0,0.165
BGD,1949,0,0.165
BGD,1950,0,0.164
BGD,1951,0,0.162
BGD,1952,0,0.160
BGD,1953,0,0.160
BGD,1954,0,0.157
BGD,1955,0,0.156
BGD,1956,0,0.155
BGD,1957,0,0.157
BGD,1958,0,0.111
BGD,1959,0,0.083
BGD,1960,0,0.081
BGD,1961,0,0.081
BGD,1962,0,0.101
BGD,1963,0,0.120
BGD,1964,0,0.127
BGD,1965,0,0.126
BGD,1966,0,0.130
BGD,1967,0,0.129
BGD,1968,0,0.129
BGD,1969,0,0.089
BGD,1970,0,0.095
BGD,1971,0,0.104
BGD,1972,0,0.160
BGD,1973,1,0.189
BGD,1974,1,0.191
BGD,1975,1,0.125
BGD,1976,0,0.090
BGD,1977,0,0.101
BGD,1978,,0.118
BGD,1979,1,0.176
BGD,1980,1,0.187
BGD,1981,1,0.184
BGD,1982,0,0.126
BGD,1983,0,0.107
BGD,1984,0,0.108
BGD,1985,0,0.108
BGD,1986,1,0.134
BGD,1987,1,0.168
BGD,1988,1,0.157
BGD,1989,1,0.156
BGD,1990,1,0.162
BGD,1991,1,0.253
BGD,1992,2,0.272
BGD,1993,2,0.269
BGD,1994,2,0.269
BGD,1995,2,0.269
BGD,1996,2,0.271
BGD,1997,2,0.275
BGD,1998,2,0.275
BGD,1999,2,0.275
BGD,2000,2,0.276
BGD,2001,2,0.271
BGD,2002,1,0.236
BGD,2003,1,0.237
BGD,2004,1,0.233
BGD,2005,1,0.233
BGD,2006,1,0.214
BGD,2007,0,0.103
BGD,2008,1,0.105
BGD,2009,1,0.193
BGD,2010,1,0.173
BGD,2011,1,0.168
BGD,2012,1,0.166
BGD,2013,1,0.144
BGD,2014,1,0.107
BGD,2015,1,0.108
BGD,2016,1,0.106
BGD,2017,1,0.106
BGD,2018,1,0.097
BGD,2019,1,0.094
BGD,2020,1,0.094
BGD,2021,1,0.092
BGD,2022,1,0.091
BGD,2023,1,0.094
BGD,2024,1,0.097
BGD,2025,0,0.116
BGR,1946,1,0.061
BGR,1947,1,0.051
BGR,1948,1,0.058
BGR,1949,0,0.055
BGR,1950,0,0.054
BGR,1951,0,0.054
BGR,1952,0,0.054
BGR,1953,0,0.055
BGR,1954,0,0.056
BGR,1955,0,0.055
BGR,1956,0,0.055
BGR,1957,0,0.056
BGR,1958,0,0.055
BGR,1959,0,0.055
BGR,1960,0,0.056
BGR,1961,0,0.055
BGR,1962,0,0.056
BGR,1963,0,0.056
BGR,1964,0,0.056
BGR,1965,0,0.056
BGR,1966,0,0.056
BGR,1967,0,0.056
BGR,1968,0,0.056
BGR,1969,0,0.056
BGR,1970,0,0.058
BGR,1971,0,0.058
BGR,1972,0,0.058
BGR,1973,0,0.058
BGR,1974,0,0.058
BGR,1975,0,0.058
BGR,1976,0,0.058
BGR,1977,0,0.057
BGR,1978,0,0.057
BGR,1979,0,0.057
BGR,1980,0,0.057
BGR,1981,0,0.057
BGR,1982,0,0.057
BGR,1983,0,0.057
BGR,1984,0,0.058
BGR,1985,0,0.058
BGR,1986,0,0.058
BGR,1987,0,0.058
BGR,1988,0,0.058
BGR,1989,0,0.060
BGR,1990,2,0.454
BGR,1991,2,0.508
BGR,1992,2,0.598
BGR,1993,2,0.593
BGR,1994,2,0.593
BGR,1995,2,0.588
BGR,1996,2,0.597
BGR,1997,2,0.609
BGR,1998,2,0.609
BGR,1999,2,0.616
BGR,2000,2,0.617
BGR,2001,2,0.595
BGR,2002,2,0.619
BGR,2003,2,0.621
BGR,2004,2,0.623
BGR,2005,2,0.604
BGR,2006,2,0.610
BGR,2007,2,0.611
BGR,2008,2,0.617
BGR,2009,2,0.587
BGR,2010,2,0.568
BGR,2011,2,0.565
BGR,2012,2,0.561
BGR,2013,2,0.542
BGR,2014,2,0.561
BGR,2015,2,0.566
BGR,2016,2,0.561
BGR,2017,2,0.521
BGR,2018,2,0.508
BGR,2019,2,0.506
BGR,2020,2,0.501
BGR,2021,2,0.549
BGR,2022,2,0.602
BGR,2023,2,0.580
BGR,2024,2,0.533
BGR,2025,2,0.499
BHR,1946,0,
BHR,1947,0,
BHR,1948,0,
BHR,1949,0,
BHR,1950,0,
BHR,1951,0,
BHR,1952,0,
BHR,1953,0,
BHR,1954,0,
BHR,1955,0,
BHR,1956,0,
BHR,1957,0,
BHR,1958,0,
BHR,1959,0,
BHR,1960,0,
BHR,1961,0,
BHR,1962,0,
BHR,1963,0,
BHR,1964,0,
BHR,1965,0,
BHR,1966,0,
BHR,1967,0,
BHR,1968,0,
BHR,1969,0,
BHR,1970,0,
BHR,1971,0,
BHR,1972,0,
BHR,1973,0,
BHR,1974,0,
BHR,1975,0,
BHR,1976,0,
BHR,1977,0,
BHR,1978,0,
BHR,1979,0,
BHR,1980,0,
BHR,1981,0,
BHR,1982,0,
BHR,1983,0,
BHR,1984,0,
BHR,1985,0,
BHR,1986,0,
BHR,1987,0,
BHR,1988,0,
BHR,1989,0,
BHR,1990,0,
BHR,1991,0,
BHR,1992,0,
BHR,1993,0,
BHR,1994,0,
BHR,1995,0,
BHR,1996,0,
BHR,1997,0,
BHR,1998,0,
BHR,1999,0,
BHR,2000,0,
BHR,2001,0,
BHR,2002,0,0.082
BHR,2003,0,0.092
BHR,2004,0,0.088
BHR,2005,0,0.090
BHR,2006,0,0.096
BHR,2007,0,0.091
BHR,2008,0,0.091
BHR,2009,0,0.091
BHR,2010,0,0.088
BHR,2011,0,0.052
BHR,2012,0,0.049
BHR,2013,0,0.051
BHR,2014,0,0.052
BHR,2015,0,0.051
BHR,2016,0,0.051
BHR,2017,0,0.050
BHR,2018,0,0.052
BHR,2019,0,0.059
BHR,2020,0,0.062
BHR,2021,0,0.063
BHR,2022,0,0.064
BHR,2023,0,0.064
BHR,2024,0,0.062
BHR,2025,0,0.062
BIH,1946,0,0.073
BIH,1947,0,0.071
BIH,1948,0,0.071
BIH,1949,0,0.081
BIH,1950,0,0.088
BIH,1951,0,0.092
BIH,1952,0,0.093
BIH,1953,0,0.097
BIH,1954,0,0.097
BIH,1955,0,0.098
BIH,1956,0,0.098
BIH,1957,0,0.098
BIH,1958,0,0.097
BIH,1959,0,0.097
BIH,1960,0,0.097
BIH,1961,0,0.097
BIH,1962,0,0.097
BIH,1963,0,0.113
BIH,1964,0,0.113
BIH,1965,0,0.116
BIH,1966,0,0.116
BIH,1967,0,0.117
BIH,1968,0,0.117
BIH,1969,0,0.117
BIH,1970,0,0.117
BIH,1971,0,0.117
BIH,1972,0,0.117
BIH,1973,0,0.117
BIH,1974,0,0.120
BIH,1975,0,0.122
BIH,1976,0,0.122
BIH,1977,0,0.122
BIH,1978,0,0.122
BIH,1979,0,0.120
BIH,1980,0,0.125
BIH,1981,0,0.133
BIH,1982,0,0.135
BIH,1983,0,0.135
BIH,1984,0,0.135
BIH,1985,0,0.135
BIH,1986,0,0.135
BIH,1987,0,0.135
BIH,1988,0,0.138
BIH,1989,0,0.129
BIH,1990,0,0.150
BIH,1991,0,0.103
BIH,1992,0,0.093
BIH,1993,0,0.093
BIH,1994,0,0.066
BIH,1995,0,0.069
BIH,1996,1,0.141
BIH,1997,2,0.340
BIH,1998,2,0.350
BIH,1999,2,0.361
BIH,2000,2,0.394
BIH,2001,2,0.424
BIH,2002,2,0.418
BIH,2003,2,0.426
BIH,2004,2,0.416
BIH,2005,2,0.425
BIH,2006,2,0.409
BIH,2007,2,0.369
BIH,2008,2,0.367
BIH,2009,2,0.366
BIH,2010,2,0.370
BIH,2011,2,0.370
BIH,2012,2,0.370
BIH,2013,2,0.369
BIH,2014,2,0.370
BIH,2015,2,0.363
BIH,2016,2,0.358
BIH,2017,2,0.355
BIH,2018,2,0.340
BIH,2019,2,0.338
BIH,2020,2,0.335
BIH,2021,2,0.328
BIH,2022,2,0.344
BIH,2023,2,0.336
BIH,2024,2,0.336
BIH,2025,1,0.339
BLR,1946,0,0.015
BLR,1947,0,0.015
BLR,1948,0,0.015
BLR,1949,0,0.015
BLR,1950,0,0.015
BLR,1951,0,0.015
BLR,1952,0,0.015
BLR,1953,0,0.015
BLR,1954,0,0.021
BLR,1955,0,0.021
BLR,1956,0,0.022
BLR,1957,0,0.024
BLR,1958,0,0.024
BLR,1959,0,0.024
BLR,1960,0,0.024
BLR,1961,0,0.024
BLR,1962,0,0.023
BLR,1963,0,0.023
BLR,1964,0,0.023
BLR,1965,0,0.023
BLR,1966,0,0.023
BLR,1967,0,0.023
BLR,1968,0,0.023
BLR,1969,0,0.023
BLR,1970,0,0.024
BLR,1971,0,0.025
BLR,1972,0,0.025
BLR,1973,0,0.025
BLR,1974,0,0.025
BLR,1975,0,0.025
BLR,1976,0,0.025
BLR,1977,0,0.024
BLR,1978,0,0.024
BLR,1979,0,0.025
BLR,1980,0,0.028
BLR,1981,0,0.028
BLR,1982,0,0.028
BLR,1983,0,0.027
BLR,1984,0,0.027
BLR,1985,0,0.029
BLR,1986,0,0.037
BLR,1987,0,0.041
BLR,1988,0,0.043
BLR,1989,0,0.064
BLR,1990,1,0.343
BLR,1991,1,0.368
BLR,1992,2,0.443
BLR,1993,2,0.440
BLR,1994,2,0.404
BLR,1995,2,0.358
BLR,1996,1,0.213
BLR,1997,1,0.139
BLR,1998,1,0.131
BLR,1999,1,0.114
BLR,2000,1,0.107
BLR,2001,1,0.102
BLR,2002,1,0.100
BLR,2003,1,0.098
BLR,2004,1,0.097
BLR,2005,1,0.095
BLR,2006,1,0.094
BLR,2007,1,0.095
BLR,2008,1,0.096
BLR,2009,1,0.097
BLR,2010,1,0.095
BLR,2011,1,0.093
BLR,2012,1,0.094
BLR,2013,1,0.099
BLR,2014,1,0.099
BLR,2015,1,0.100
BLR,2016,1,0.107
BLR,2017,1,0.107
BLR,2018,1,0.109
BLR,2019,1,0.110
BLR,2020,1,0.045
BLR,2021,1,0.035
BLR,2022,1,0.036
BLR,2023,1,0.035
BLR,2024,0,0.036
BLR,2025,0,0.038
BOL,1946,0,0.043
BOL,1947,,0.072
BOL,1948,1,0.074
BOL,1949,0,0.072
BOL,1950,0,0.073
BOL,1951,0,0.063
BOL,1952,1,0.080
BOL,1953,1,0.099
BOL,1954,1,0.099
BOL,1955,1,0.097
BOL,1956,1,0.105
BOL,1957,1,0.113
BOL,1958,1,0.112
BOL,1959,1,0.112
BOL,1960,1,0.112
BOL,1961,1,0.112
BOL,1962,1,0.111
BOL,1963,1,0.110
BOL,1964,1,0.086
BOL,1965,0,0.040
BOL,1966,1,0.035
BOL,1967,1,0.046
BOL,1968,1,0.046
BOL,1969,1,0.042
BOL,1970,0,0.029
BOL,1971,0,0.018
BOL,1972,0,0.017
BOL,1973,0,0.017
BOL,1974,0,0.017
BOL,1975,0,0.017
BOL,1976,0,0.017
BOL,1977,0,0.017
BOL,1978,0,0.021
BOL,1979,1,0.038
BOL,1980,0,0.031
BOL,1981,0,0.023
BOL,1982,0,0.118
BOL,1983,0,0.201
BOL,1984,0,0.216
BOL,1985,1,0.321
BOL,1986,2,0.411
BOL,1987,2,0.416
BOL,1988,2,0.417
BOL,1989,2,0.422
BOL,1990,2,0.431
BOL,1991,2,0.456
BOL,1992,2,0.462
BOL,1993,2,0.469
BOL,1994,2,0.481
BOL,1995,2,0.492
BOL,1996,2,0.492
BOL,1997,2,0.518
BOL,1998,2,0.518
BOL,1999,2,0.523
BOL,2000,2,0.527
BOL,2001,2,0.520
BOL,2002,2,0.510
BOL,2003,2,0.515
BOL,2004,2,0.541
BOL,2005,2,0.534
BOL,2006,2,0.462
BOL,2007,2,0.458
BOL,2008,2,0.453
BOL,2009,2,0.435
BOL,2010,2,0.400
BOL,2011,2,0.398
BOL,2012,2,0.391
BOL,2013,2,0.396
BOL,2014,2,0.391
BOL,2015,2,0.368
BOL,2016,2,0.375
BOL,2017,2,0.360
BOL,2018,2,0.341
BOL,2019,0,0.241
BOL,2020,1,0.209
BOL,2021,2,0.362
BOL,2022,2,0.338
BOL,2023,2,0.344
BOL,2024,2,0.310
BOL,2025,2,0.352
BRA,1946,0,0.178
BRA,1947,0,0.250
BRA,1948,0,0.249
BRA,1949,0,0.251
BRA,1950,1,0.262
BRA,1951,1,0.258
BRA,1952,1,0.258
BRA,1953,1,0.259
BRA,1954,1,0.258
BRA,1955,1,0.262
BRA,1956,1,0.263
BRA,1957,1,0.263
BRA,1958,1,0.263
BRA,1959,1,0.265
BRA,1960,1,0.270
BRA,1961,1,0.273
BRA,1962,1,0.272
BRA,1963,1,0.269
BRA,1964,1,0.129
BRA,1965,1,0.067
BRA,1966,1,0.067
BRA,1967,1,0.074
BRA,1968,1,0.071
BRA,1969,1,0.068
BRA,1970,1,0.068
BRA,1971,1,0.068
BRA,1972,1,0.068
BRA,1973,1,0.068
BRA,1974,1,0.066
BRA,1975,1,0.068
BRA,1976,1,0.070
BRA,1977,1,0.070
BRA,1978,1,0.072
BRA,1979,1,0.089
BRA,1980,1,0.119
BRA,1981,1,0.119
BRA,1982,1,0.134
BRA,1983,1,0.146
BRA,1984,1,0.149
BRA,1985,1,0.226
BRA,1986,1,0.313
BRA,1987,2,0.370
BRA,1988,2,0.528
BRA,1989,2,0.579
BRA,1990,2,0.678
BRA,1991,2,0.692
BRA,1992,2,0.699
BRA,1993,2,0.704
BRA,1994,2,0.707
BRA,1995,2,0.712
BRA,1996,2,0.711
BRA,1997,2,0.711
BRA,1998,2,0.711
BRA,1999,2,0.713
BRA,2000,2,0.717
BRA,2001,2,0.717
BRA,2002,2,0.721
BRA,2003,2,0.722
BRA,2004,2,0.722
BRA,2005,2,0.772
BRA,2006,2,0.770
BRA,2007,2,0.769
BRA,2008,2,0.769
BRA,2009,2,0.769
BRA,2010,2,0.776
BRA,2011,2,0.781
BRA,2012,2,0.777
BRA,2013,2,0.781
BRA,2014,2,0.783
BRA,2015,2,0.769
BRA,2016,2,0.653
BRA,2017,2,0.641
BRA,2018,2,0.608
BRA,2019,2,0.528
BRA,2020,2,0.534
BRA,2021,2,0.531
BRA,2022,2,0.540
BRA,2023,2,0.695
BRA,2024,2,0.712
BRA,2025,2,0.704
BRB,1946,0,0.200
BRB,1947,0,0.201
BRB,1948,0,0.202
BRB,1949,0,0.202
BRB,1950,0,0.202
BRB,1951,0,0.223
BRB,1952,0,0.276
BRB,1953,0,0.276
BRB,1954,1,0.277
BRB,1955,1,0.351
BRB,1956,1,0.356
BRB,1957,1,0.357
BRB,1958,1,0.370
BRB,1959,1,0.370
BRB,1960,2,0.456
BRB,1961,2,0.457
BRB,1962,2,0.468
BRB,1963,2,0.465
BRB,1964,2,0.465
BRB,1965,2,0.465
BRB,1966,2,0.579
BRB,1967,2,0.594
BRB,1968,2,0.594
BRB,1969,2,0.604
BRB,1970,2,0.612
BRB,1971,2,0.612
BRB,1972,2,0.615
BRB,1973,2,0.619
BRB,1974,2,0.619
BRB,1975,2,0.619
BRB,1976,2,0.622
BRB,1977,2,0.624
BRB,1978,2,0.624
BRB,1979,2,0.624
BRB,1980,2,0.627
BRB,1981,2,0.629
BRB,1982,2,0.626
BRB,1983,2,0.626
BRB,1984,2,0.626
BRB,1985,2,0.626
BRB,1986,2,0.625
BRB,1987,2,0.625
BRB,1988,2,0.625
BRB,1989,2,0.632
BRB,1990,2,0.636
BRB,1991,2,0.646
BRB,1992,2,0.646
BRB,1993,2,0.646
BRB,1994,2,0.646
BRB,1995,2,0.647
BRB,1996,2,0.647
BRB,1997,2,0.647
BRB,1998,2,0.647
BRB,1999,2,0.656
BRB,2000,2,0.654
BRB,2001,2,0.654
BRB,2002,2,0.654
BRB,2003,2,0.652
BRB,2004,2,0.650
BRB,2005,2,0.650
BRB,2006,2,0.648
BRB,2007,2,0.650
BRB,2008,2,0.665
BRB,2009,2,0.666
BRB,2010,2,0.667
BRB,2011,2,0.667
BRB,2012,2,0.667
BRB,2013,2,0.664
BRB,2014,2,0.662
BRB,2015,3,0.662
BRB,2016,3,0.662
BRB,2017,3,0.660
BRB,2018,3,0.656
BRB,2019,3,0.668
BRB,2020,3,0.692
BRB,2021,3,0.686
BRB,2022,3,0.682
BRB,2023,3,0.684
BRB,2024,3,0.685
BRB,2025,3,0.679
BTN,1946,0,0.079
BTN,1947,0,0.079
BTN,1948,0,0.079
BTN,1949,0,0.079
BTN,1950,0,0.081
BTN,1951,0,0.081
BTN,1952,0,0.086
BTN,1953,0,0.102
BTN,1954,0,0.104
BTN,1955,0,0.105
BTN,1956,0,0.105
BTN,1957,0,0.112
BTN,1958,0,0.118
BTN,1959,0,0.117
BTN,1960,0,0.119
BTN,1961,0,0.120
BTN,1962,0,0.120
BTN,1963,0,0.120
BTN,1964,0,0.120
BTN,1965,0,0.120
BTN,1966,0,0.120
BTN,1967,0,0.121
BTN,1968,0,0.122
BTN,1969,0,0.122
BTN,1970,0,0.123
BTN,1971,0,0.123
BTN,1972,0,0.125
BTN,1973,0,0.125
BTN,1974,0,0.125
BTN,1975,0,0.125
BTN,1976,0,0.125
BTN,1977,0,0.124
BTN,1978,0,0.124
BTN,1979,0,0.125
BTN,1980,0,0.126
BTN,1981,0,0.126
BTN,1982,0,0.126
BTN,1983,0,0.126
BTN,1984,0,0.126
BTN,1985,0,0.124
BTN,1986,0,0.124
BTN,1987,0,0.124
BTN,1988,0,0.124
BTN,1989,0,0.126
BTN,1990,0,0.128
BTN,1991,0,0.128
BTN,1992,0,0.129
BTN,1993,0,0.131
BTN,1994,0,0.131
BTN,1995,0,0.131
BTN,1996,0,0.131
BTN,1997,0,0.131
BTN,1998,0,0.141
BTN,1999,0,0.148
BTN,2000,0,0.150
BTN,2001,0,0.152
BTN,2002,0,0.159
BTN,2003,0,0.158
BTN,2004,0,0.158
BTN,2005,0,0.158
BTN,2006,0,0.162
BTN,2007,0,0.169
BTN,2008,1,0.431
BTN,2009,3,0.498
BTN,2010,3,0.507
BTN,2011,3,0.508
BTN,2012,3,0.507
BTN,2013,2,0.482
BTN,2014,2,0.475
BTN,2015,2,0.479
BTN,2016,2,0.471
BTN,2017,2,0.480
BTN,2018,2,0.489
BTN,2019,2,0.517
BTN,2020,2,0.515
BTN,2021,3,0.482
BTN,2022,3,0.466
BTN,2023,3,0.447
BTN,2024,2,0.457
BTN,2025,2,0.457
BWA,1946,0,0.101
BWA,1947,0,0.101
BWA,1948,0,0.101
BWA,1949,0,0.102
BWA,1950,0,0.102
BWA,1951,0,0.102
BWA,1952,0,0.102
BWA,1953,0,0.102
BWA,1954,0,0.102
BWA,1955,0,0.102
BWA,1956,0,0.102
BWA,1957,0,0.102
BWA,1958,0,0.102
BWA,1959,0,0.104
BWA,1960,0,0.109
BWA,1961,0,0.153
BWA,1962,0,0.172
BWA,1963,0,0.173
BWA,1964,0,0.173
BWA,1965,1,0.192
BWA,1966,1,0.355
BWA,1967,2,0.483
BWA,1968,2,0.483
BWA,1969,2,0.488
BWA,1970,2,0.507
BWA,1971,2,0.508
BWA,1972,2,0.508
BWA,1973,2,0.508
BWA,1974,2,0.509
BWA,1975,2,0.511
BWA,1976,2,0.515
BWA,1977,2,0.515
BWA,1978,2,0.515
BWA,1979,2,0.516
BWA,1980,2,0.515
BWA,1981,2,0.522
BWA,1982,2,0.529
BWA,1983,2,0.529
BWA,1984,2,0.544
BWA,1985,2,0.547
BWA,1986,2,0.550
BWA,1987,2,0.550
BWA,1988,2,0.558
BWA,1989,2,0.563
BWA,1990,2,0.577
BWA,1991,2,0.577
BWA,1992,2,0.577
BWA,1993,2,0.577
BWA,1994,2,0.580
BWA,1995,2,0.587
BWA,1996,2,0.587
BWA,1997,2,0.601
BWA,1998,2,0.604
BWA,1999,3,0.607
BWA,2000,3,0.607
BWA,2001,3,0.607
BWA,2002,3,0.607
BWA,2003,3,0.607
BWA,2004,3,0.615
BWA,2005,3,0.619
BWA,2006,3,0.623
BWA,2007,3,0.623
BWA,2008,3,0.617
BWA,2009,3,0.614
BWA,2010,3,0.622
BWA,2011,3,0.624
BWA,2012,3,0.617
BWA,2013,3,0.609
BWA,2014,3,0.610
BWA,2015,3,0.587
BWA,2016,3,0.582
BWA,2017,3,0.568
BWA,2018,3,0.573
BWA,2019,3,0.560
BWA,2020,3,0.484
BWA,2021,2,0.477
BWA,2022,2,0.459
BWA,2023,2,0.444
BWA,2024,2,0.470
BWA,2025,2,0.520
CAF,1946,0,0.052
CAF,1947,0,0.106
CAF,1948,0,0.106
CAF,1949,0,0.106
CAF,1950,0,0.109
CAF,1951,0,0.111
CAF,1952,0,0.114
CAF,1953,0,0.115
CAF,1954,0,0.117
CAF,1955,0,0.117
CAF,1956,0,0.118
CAF,1957,0,0.140
CAF,1958,0,0.143
CAF,1959,0,0.137
CAF,1960,1,0.104
CAF,1961,1,0.117
CAF,1962,1,0.116
CAF,1963,1,0.106
CAF,1964,0,
CAF,1965,0,
CAF,1966,0,0.038
CAF,1967,0,0.038
CAF,1968,0,0.038
CAF,1969,0,0.036
CAF,1970,0,0.036
CAF,1971,0,0.036
CAF,1972,0,0.034
CAF,1973,0,0.034
CAF,1974,0,0.034
CAF,1975,0,0.034
CAF,1976,0,0.034
CAF,1977,0,0.027
CAF,1978,0,0.026
CAF,1979,0,0.033
CAF,1980,0,0.074
CAF,1981,,0.084
CAF,1982,0,0.064
CAF,1983,0,0.065
CAF,1984,0,0.065
CAF,1985,0,0.065
CAF,1986,,0.069
CAF,1987,1,0.094
CAF,1988,1,0.116
CAF,1989,1,0.116
CAF,1990,1,0.123
CAF,1991,1,0.131
CAF,1992,1,0.152
CAF,1993,1,0.212
CAF,1994,1,0.223
CAF,1995,1,0.220
CAF,1996,1,0.220
CAF,1997,1,0.220
CAF,1998,1,0.220
CAF,1999,1,0.217
CAF,2000,1,0.217
CAF,2001,1,0.217
CAF,2002,1,0.217
CAF,2003,0,0.118
CAF,2004,0,0.091
CAF,2005,1,0.174
CAF,2006,1,0.191
CAF,2007,1,0.191
CAF,2008,1,0.191
CAF,2009,1,0.191
CAF,2010,1,0.193
CAF,2011,1,0.183
CAF,2012,1,0.182
CAF,2013,1,0.150
CAF,2014,,0.170
CAF,2015,1,0.179
CAF,2016,1,0.231
CAF,2017,1,0.231
CAF,2018,1,0.249
CAF,2019,1,0.214
CAF,2020,1,0.201
CAF,2021,1,0.176
CAF,2022,1,0.169
CAF,2023,1,0.102
CAF,2024,1,0.097
CAF,2025,1,0.102
CAN,1946,2,0.612
CAN,1947,2,0.612
CAN,1948,2,0.613
CAN,1949,2,0.628
CAN,1950,2,0.654
CAN,1951,2,0.654
CAN,1952,2,0.654
CAN,1953,2,0.658
CAN,1954,2,0.662
CAN,1955,2,0.662
CAN,1956,2,0.662
CAN,1957,2,0.663
CAN,1958,2,0.666
CAN,1959,2,0.664
CAN,1960,2,0.688
CAN,1961,2,0.710
CAN,1962,2,0.721
CAN,1963,2,0.733
CAN,1964,2,0.733
CAN,1965,2,0.732
CAN,1966,2,0.734
CAN,1967,2,0.734
CAN,1968,2,0.729
CAN,1969,2,0.726
CAN,1970,2,0.735
CAN,1971,2,0.743
CAN,1972,2,0.744
CAN,1973,2,0.750
CAN,1974,2,0.741
CAN,1975,2,0.740
CAN,1976,3,0.741
CAN,1977,3,0.741
CAN,1978,3,0.741
CAN,1979,3,0.746
CAN,1980,3,0.747
CAN,1981,3,0.748
CAN,1982,3,0.747
CAN,1983,3,0.751
CAN,1984,3,0.757
CAN,1985,3,0.757
CAN,1986,3,0.757
CAN,1987,3,0.757
CAN,1988,3,0.757
CAN,1989,3,0.746
CAN,1990,3,0.754
CAN,1991,3,0.754
CAN,1992,3,0.750
CAN,1993,3,0.752
CAN,1994,3,0.762
CAN,1995,3,0.762
CAN,1996,3,0.765
CAN,1997,3,0.760
CAN,1998,3,0.756
CAN,1999,3,0.756
CAN,2000,3,0.756
CAN,2001,3,0.752
CAN,2002,3,0.746
CAN,2003,3,0.746
CAN,2004,3,0.751
CAN,2005,3,0.751
CAN,2006,3,0.757
CAN,2007,3,0.759
CAN,2008,3,0.753
CAN,2009,3,0.753
CAN,2010,3,0.755
CAN,2011,3,0.740
CAN,2012,3,0.738
CAN,2013,3,0.742
CAN,2014,3,0.742
CAN,2015,3,0.735
CAN,2016,3,0.762
CAN,2017,3,0.769
CAN,2018,3,0.763
CAN,2019,3,0.763
CAN,2020,2,0.745
CAN,2021,3,0.749
CAN,2022,2,0.745
CAN,2023,2,0.742
CAN,2024,2,0.744
CAN,2025,2,0.736
CHE,1946,3,0.562
CHE,1947,3,0.562
CHE,1948,3,0.561
CHE,1949,3,0.561
CHE,1950,3,0.562
CHE,1951,3,0.562
CHE,1952,3,0.561
CHE,1953,3,0.561
CHE,1954,3,0.561
CHE,1955,3,0.561
CHE,1956,3,0.561
CHE,1957,3,0.561
CHE,1958,3,0.561
CHE,1959,3,0.562
CHE,1960,3,0.565
CHE,1961,3,0.565
CHE,1962,3,0.565
CHE,1963,3,0.565
CHE,1964,3,0.568
CHE,1965,3,0.568
CHE,1966,3,0.568
CHE,1967,3,0.569
CHE,1968,3,0.568
CHE,1969,3,0.568
CHE,1970,3,0.571
CHE,1971,3,0.574
CHE,1972,3,0.789
CHE,1973,3,0.789
CHE,1974,3,0.793
CHE,1975,3,0.798
CHE,1976,3,0.797
CHE,1977,3,0.802
CHE,1978,3,0.802
CHE,1979,3,0.803
CHE,1980,3,0.809
CHE,1981,3,0.812
CHE,1982,3,0.812
CHE,1983,3,0.813
CHE,1984,3,0.815
CHE,1985,3,0.815
CHE,1986,3,0.815
CHE,1987,3,0.814
CHE,1988,3,0.812
CHE,1989,3,0.817
CHE,1990,3,0.829
CHE,1991,3,0.832
CHE,1992,3,0.830
CHE,1993,3,0.834
CHE,1994,3,0.834
CHE,1995,3,0.835
CHE,1996,3,0.839
CHE,1997,3,0.839
CHE,1998,3,0.839
CHE,1999,3,0.838
CHE,2000,3,0.836
CHE,2001,3,0.836
CHE,2002,3,0.837
CHE,2003,3,0.841
CHE,2004,3,0.841
CHE,2005,3,0.841
CHE,2006,3,0.841
CHE,2007,3,0.842
CHE,2008,3,0.850
CHE,2009,3,0.850
CHE,2010,3,0.850
CHE,2011,3,0.852
CHE,2012,3,0.862
CHE,2013,3,0.861
CHE,2014,3,0.861
CHE,2015,3,0.858
CHE,2016,3,0.857
CHE,2017,3,0.860
CHE,2018,3,0.860
CHE,2019,3,0.860
CHE,2020,3,0.856
CHE,2021,3,0.851
CHE,2022,3,0.848
CHE,2023,3,0.838
CHE,2024,3,0.843
CHE,2025,3,0.843
CHL,1946,1,0.274
CHL,1947,1,0.268
CHL,1948,1,0.269
CHL,1949,1,0.258
CHL,1950,1,0.292
CHL,1951,1,0.294
CHL,1952,1,0.291
CHL,1953,1,0.295
CHL,1954,1,0.294
CHL,1955,1,0.294
CHL,1956,1,0.294
CHL,1957,1,0.297
CHL,1958,1,0.316
CHL,1959,2,0.374
CHL,1960,2,0.391
CHL,1961,2,0.395
CHL,1962,2,0.396
CHL,1963,2,0.403
CHL,1964,2,0.427
CHL,1965,2,0.431
CHL,1966,2,0.432
CHL,1967,2,0.433
CHL,1968,2,0.439
CHL,1969,2,0.439
CHL,1970,2,0.453
CHL,1971,2,0.530
CHL,1972,2,0.520
CHL,1973,0,0.191
CHL,1974,0,0.032
CHL,1975,0,0.032
CHL,1976,0,0.032
CHL,1977,0,0.032
CHL,1978,0,0.032
CHL,1979,0,0.032
CHL,1980,0,0.044
CHL,1981,0,0.044
CHL,1982,0,0.045
CHL,1983,0,0.047
CHL,1984,0,0.048
CHL,1985,0,0.048
CHL,1986,0,0.049
CHL,1987,0,0.052
CHL,1988,0,0.060
CHL,1989,0,0.075
CHL,1990,2,0.630
CHL,1991,2,0.750
CHL,1992,2,0.750
CHL,1993,2,0.746
CHL,1994,2,0.783
CHL,1995,2,0.783
CHL,1996,3,0.784
CHL,1997,3,0.784
CHL,1998,3,0.786
CHL,1999,3,0.785
CHL,2000,3,0.810
CHL,2001,3,0.811
CHL,2002,3,0.817
CHL,2003,3,0.817
CHL,2004,3,0.817
CHL,2005,3,0.821
CHL,2006,3,0.839
CHL,2007,3,0.842
CHL,2008,3,0.841
CHL,2009,3,0.836
CHL,2010,3,0.837
CHL,2011,3,0.839
CHL,2012,3,0.844
CHL,2013,3,0.846
CHL,2014,3,0.850
CHL,2015,3,0.839
CHL,2016,3,0.839
CHL,2017,3,0.842
CHL,2018,3,0.803
CHL,2019,2,0.761
CHL,2020,2,0.766
CHL,2021,3,0.777
CHL,2022,3,0.776
CHL,2023,3,0.779
CHL,2024,3,0.786
CHL,2025,3,0.781
CHN,1946,0,0.049
CHN,1947,0,0.059
CHN,1948,0,0.090
CHN,1949,0,0.059
CHN,1950,0,0.029
CHN,1951,0,0.029
CHN,1952,0,0.029
CHN,1953,0,0.029
CHN,1954,0,0.040
CHN,1955,0,0.040
CHN,1956,0,0.040
CHN,1957,0,0.038
CHN,1958,0,0.037
CHN,1959,0,0.037
CHN,1960,0,0.037
CHN,1961,0,0.037
CHN,1962,0,0.037
CHN,1963,0,0.037
CHN,1964,0,0.037
CHN,1965,0,0.037
CHN,1966,0,0.036
CHN,1967,0,0.036
CHN,1968,0,0.036
CHN,1969,0,0.035
CHN,1970,0,0.036
CHN,1971,0,0.036
CHN,1972,0,0.036
CHN,1973,0,0.036
CHN,1974,0,0.036
CHN,1975,0,0.036
CHN,1976,0,0.036
CHN,1977,0,0.037
CHN,1978,0,0.043
CHN,1979,0,0.060
CHN,1980,0,0.066
CHN,1981,0,0.067
CHN,1982,0,0.067
CHN,1983,0,0.067
CHN,1984,0,0.067
CHN,1985,0,0.067
CHN,1986,0,0.067
CHN,1987,0,0.067
CHN,1988,0,0.067
CHN,1989,0,0.066
CHN,1990,0,0.065
CHN,1991,0,0.065
CHN,1992,0,0.065
CHN,1993,0,0.067
CHN,1994,0,0.067
CHN,1995,0,0.069
CHN,1996,0,0.068
CHN,1997,0,0.068
CHN,1998,0,0.069
CHN,1999,0,0.070
CHN,2000,0,0.070
CHN,2001,0,0.071
CHN,2002,0,0.073
CHN,2003,0,0.074
CHN,2004,0,0.073
CHN,2005,0,0.057
CHN,2006,0,0.057
CHN,2007,0,0.057
CHN,2008,0,0.057
CHN,2009,0,0.057
CHN,2010,0,0.057
CHN,2011,0,0.056
CHN,2012,0,0.056
CHN,2013,0,0.053
CHN,2014,0,0.052
CHN,2015,0,0.052
CHN,2016,0,0.052
CHN,2017,0,0.052
CHN,2018,0,0.048
CHN,2019,0,0.047
CHN,2020,0,0.042
CHN,2021,0,0.044
CHN,2022,0,0.042
CHN,2023,0,0.037
CHN,2024,0,0.037
CHN,2025,0,0.039
CIV,1946,0,0.066
CIV,1947,0,0.081
CIV,1948,0,0.081
CIV,1949,0,0.081
CIV,1950,0,0.081
CIV,1951,0,0.081
CIV,1952,0,0.082
CIV,1953,0,0.083
CIV,1954,0,0.083
CIV,1955,0,0.083
CIV,1956,0,0.083
CIV,1957,0,0.089
CIV,1958,0,0.088
CIV,1959,0,0.088
CIV,1960,1,0.131
CIV,1961,1,0.142
CIV,1962,1,0.143
CIV,1963,1,0.143
CIV,1964,1,0.143
CIV,1965,0,0.143
CIV,1966,0,0.140
CIV,1967,0,0.140
CIV,1968,0,0.140
CIV,1969,0,0.140
CIV,1970,0,0.141
CIV,1971,0,0.140
CIV,1972,0,0.140
CIV,1973,0,0.140
CIV,1974,0,0.140
CIV,1975,0,0.140
CIV,1976,0,0.140
CIV,1977,0,0.140
CIV,1978,0,0.140
CIV,1979,0,0.140
CIV,1980,0,0.140
CIV,1981,0,0.141
CIV,1982,0,0.141
CIV,1983,0,0.141
CIV,1984,0,0.141
CIV,1985,1,0.141
CIV,1986,1,0.141
CIV,1987,1,0.141
CIV,1988,1,0.141
CIV,1989,1,0.141
CIV,1990,1,0.188
CIV,1991,1,0.191
CIV,1992,1,0.192
CIV,1993,1,0.204
CIV,1994,0,0.218
CIV,1995,1,0.179
CIV,1996,1,0.239
CIV,1997,1,0.239
CIV,1998,1,0.241
CIV,1999,0,0.244
CIV,2000,1,0.174
CIV,2001,1,0.286
CIV,2002,1,0.285
CIV,2003,1,0.283
CIV,2004,1,0.285
CIV,2005,1,0.280
CIV,2006,1,0.281
CIV,2007,1,0.283
CIV,2008,1,0.282
CIV,2009,1,0.280
CIV,2010,1,0.284
CIV,2011,1,0.275
CIV,2012,1,0.303
CIV,2013,1,0.295
CIV,2014,1,0.299
CIV,2015,1,0.304
CIV,2016,2,0.335
CIV,2017,2,0.326
CIV,2018,2,0.326
CIV,2019,2,0.314
CIV,2020,1,0.261
CIV,2021,1,0.233
CIV,2022,1,0.236
CIV,2023,1,0.240
CIV,2024,1,0.248
CIV,2025,1,0.228
CMR,1961,1,0.071
CMR,1962,1,0.071
CMR,1963,1,0.071
CMR,1964,1,0.071
CMR,1965,1,0.071
CMR,1966,1,0.070
CMR,1967,1,0.070
CMR,1968,1,0.070
CMR,1969,1,0.070
CMR,1970,1,0.071
CMR,1971,1,0.069
CMR,1972,1,0.071
CMR,1973,1,0.070
CMR,1974,1,0.071
CMR,1975,1,0.071
CMR,1976,1,0.071
CMR,1977,1,0.070
CMR,1978,1,0.070
CMR,1979,1,0.070
CMR,1980,1,0.080
CMR,1981,1,0.080
CMR,1982,1,0.090
CMR,1983,1,0.097
CMR,1984,1,0.101
CMR,1985,1,0.100
CMR,1986,1,0.100
CMR,1987,1,0.100
CMR,1988,1,0.101
CMR,1989,1,0.101
CMR,1990,1,0.127
CMR,1991,1,0.137
CMR,1992,1,0.144
CMR,1993,1,0.148
CMR,1994,1,0.146
CMR,1995,1,0.146
CMR,1996,1,0.144
CMR,1997,1,0.144
CMR,1998,1,0.147
CMR,1999,1,0.147
CMR,2000,1,0.157
CMR,2001,1,0.156
CMR,2002,1,0.156
CMR,2003,1,0.157
CMR,2004,1,0.158
CMR,2005,1,0.155
CMR,2006,1,0.155
CMR,2007,1,0.153
CMR,2008,1,0.153
CMR,2009,1,0.154
CMR,2010,1,0.154
CMR,2011,1,0.155
CMR,2012,1,0.159
CMR,2013,1,0.150
CMR,2014,1,0.152
CMR,2015,1,0.152
CMR,2016,1,0.139
CMR,2017,1,0.131
CMR,2018,1,0.120
CMR,2019,1,0.116
CMR,2020,1,0.123
CMR,2021,1,0.121
CMR,2022,1,0.138
CMR,2023,1,0.122
CMR,2024,1,0.126
CMR,2025,1,0.114
COD,1946,0,0.033
COD,1947,0,0.033
COD,1948,0,0.033
COD,1949,0,0.033
COD,1950,0,0.033
COD,1951,0,0.033
COD,1952,0,0.033
COD,1953,0,0.033
COD,1954,0,0.033
COD,1955,0,0.034
COD,1956,0,0.034
COD,1957,0,0.034
COD,1958,0,0.034
COD,1959,0,0.035
COD,1960,1,0.102
COD,1961,1,0.148
COD,1962,1,0.148
COD,1963,1,0.135
COD,1964,1,0.126
COD,1965,0,0.095
COD,1966,0,0.049
COD,1967,0,0.039
COD,1968,0,0.038
COD,1969,0,0.038
COD,1970,0,0.027
COD,1971,0,0.032
COD,1972,0,0.032
COD,1973,0,0.032
COD,1974,0,0.031
COD,1975,0,0.031
COD,1976,0,0.031
COD,1977,0,0.030
COD,1978,0,0.033
COD,1979,0,0.033
COD,1980,0,0.035
COD,1981,0,0.035
COD,1982,0,0.033
COD,1983,0,0.033
COD,1984,0,0.033
COD,1985,0,0.033
COD,1986,0,0.033
COD,1987,0,0.033
COD,1988,1,0.034
COD,1989,1,0.033
COD,1990,1,0.051
COD,1991,1,0.055
COD,1992,1,0.054
COD,1993,,0.035
COD,1994,,0.035
COD,1995,,0.036
COD,1996,,0.036
COD,1997,0,0.026
COD,1998,0,0.039
COD,1999,0,0.043
COD,2000,0,0.053
COD,2001,0,0.055
COD,2002,0,0.056
COD,2003,0,0.085
COD,2004,0,0.096
COD,2005,0,0.098
COD,2006,1,0.116
COD,2007,1,0.149
COD,2008,1,0.149
COD,2009,1,0.153
COD,2010,1,0.152
COD,2011,1,0.150
COD,2012,1,0.141
COD,2013,1,0.124
COD,2014,1,0.126
COD,2015,1,0.122
COD,2016,1,0.119
COD,2017,1,0.110
COD,2018,1,0.117
COD,2019,1,0.141
COD,2020,1,0.152
COD,2021,1,0.140
COD,2022,1,0.150
COD,2023,1,0.123
COD,2024,1,0.123
COD,2025,1,0.115
COG,1946,0,0.051
COG,1947,0,0.102
COG,1948,0,0.102
COG,1949,0,0.102
COG,1950,0,0.102
COG,1951,0,0.103
COG,1952,0,0.103
COG,1953,0,0.103
COG,1954,0,0.103
COG,1955,0,0.103
COG,1956,0,0.103
COG,1957,1,0.120
COG,1958,1,0.115
COG,1959,1,0.114
COG,1960,1,0.179
COG,1961,1,0.195
COG,1962,1,0.188
COG,1963,0,0.170
COG,1964,0,0.091
COG,1965,0,0.091
COG,1966,0,0.091
COG,1967,0,0.092
COG,1968,0,0.058
COG,1969,0,0.057
COG,1970,0,0.024
COG,1971,0,0.024
COG,1972,0,0.024
COG,1973,0,0.031
COG,1974,0,0.036
COG,1975,0,0.035
COG,1976,0,0.035
COG,1977,0,0.024
COG,1978,0,0.022
COG,1979,0,0.029
COG,1980,0,0.032
COG,1981,0,0.032
COG,1982,0,0.032
COG,1983,0,0.032
COG,1984,0,0.032
COG,1985,0,0.032
COG,1986,0,0.032
COG,1987,0,0.032
COG,1988,0,0.032
COG,1989,0,0.032
COG,1990,0,0.065
COG,1991,0,0.175
COG,1992,1,0.196
COG,1993,1,0.301
COG,1994,1,0.291
COG,1995,1,0.291
COG,1996,1,0.297
COG,1997,0,0.066
COG,1998,0,0.079
COG,1999,0,0.075
COG,2000,0,0.075
COG,2001,0,0.075
COG,2002,1,0.085
COG,2003,1,0.097
COG,2004,1,0.097
COG,2005,1,0.097
COG,2006,1,0.097
COG,2007,1,0.096
COG,2008,1,0.095
COG,2009,1,0.095
COG,2010,1,0.095
COG,2011,1,0.095
COG,2012,1,0.095
COG,2013,1,0.101
COG,2014,1,0.101
COG,2015,1,0.102
COG,2016,1,0.101
COG,2017,1,0.103
COG,2018,1,0.109
COG,2019,1,0.100
COG,2020,1,0.118
COG,2021,1,0.116
COG,2022,1,0.114
COG,2023,1,0.121
COG,2024,1,0.119
COG,2025,1,0.115
COL,1946,1,0.181
COL,1947,1,0.178
COL,1948,1,0.152
COL,1949,1,0.078
COL,1950,1,0.059
COL,1951,1,0.124
COL,1952,1,0.124
COL,1953,0,0.109
COL,1954,0,0.098
COL,1955,0,0.099
COL,1956,0,0.099
COL,1957,0,0.102
COL,1958,1,0.178
COL,1959,1,0.239
COL,1960,1,0.247
COL,1961,1,0.249
COL,1962,1,0.251
COL,1963,1,0.251
COL,1964,1,0.250
COL,1965,1,0.251
COL,1966,1,0.250
COL,1967,1,0.250
COL,1968,1,0.253
COL,1969,1,0.253
COL,1970,1,0.251
COL,1971,1,0.258
COL,1972,1,0.261
COL,1973,1,0.261
COL,1974,1,0.277
COL,1975,1,0.300
COL,1976,1,0.304
COL,1977,1,0.305
COL,1978,1,0.280
COL,1979,1,0.270
COL,1980,1,0.270
COL,1981,1,0.270
COL,1982,1,0.276
COL,1983,1,0.316
COL,1984,1,0.317
COL,1985,1,0.314
COL,1986,1,0.308
COL,1987,1,0.308
COL,1988,1,0.301
COL,1989,1,0.301
COL,1990,1,0.316
COL,1991,2,0.390
COL,1992,2,0.428
COL,1993,2,0.427
COL,1994,2,0.426
COL,1995,2,0.428
COL,1996,2,0.426
COL,1997,2,0.429
COL,1998,2,0.423
COL,1999,2,0.417
COL,2000,2,0.426
COL,2001,2,0.422
COL,2002,2,0.414
COL,2003,2,0.421
COL,2004,2,0.424
COL,2005,2,0.428
COL,2006,2,0.449
COL,2007,2,0.461
COL,2008,2,0.462
COL,2009,2,0.465
COL,2010,2,0.498
COL,2011,2,0.539
COL,2012,2,0.540
COL,2013,2,0.537
COL,2014,2,0.545
COL,2015,2,0.551
COL,2016,2,0.547
COL,2017,2,0.548
COL,2018,2,0.533
COL,2019,2,0.511
COL,2020,2,0.496
COL,2021,2,0.499
COL,2022,2,0.561
COL,2023,2,0.570
COL,2024,2,0.554
COL,2025,2,0.555
COM,1946,0,0.041
COM,1947,0,0.042
COM,1948,0,0.047
COM,1949,0,0.048
COM,1950,0,0.048
COM,1951,0,0.049
COM,1952,0,0.049
COM,1953,0,0.049
COM,1954,0,0.049
COM,1955,0,0.049
COM,1956,0,0.049
COM,1957,0,0.056
COM,1958,0,0.056
COM,1959,0,0.056
COM,1960,0,0.058
COM,1961,0,0.058
COM,1962,0,0.058
COM,1963,0,0.058
COM,1964,0,0.058
COM,1965,0,0.059
COM,1966,0,0.059
COM,1967,0,0.059
COM,1968,0,0.059
COM,1969,0,0.059
COM,1970,0,0.060
COM,1971,0,0.060
COM,1972,0,0.073
COM,1973,0,0.078
COM,1974,0,0.075
COM,1975,0,0.075
COM,1976,1,0.098
COM,1977,1,0.100
COM,1978,0,0.096
COM,1979,0,0.101
COM,1980,0,0.098
COM,1981,0,0.098
COM,1982,0,0.093
COM,1983,0,0.093
COM,1984,0,0.092
COM,1985,0,0.092
COM,1986,0,0.093
COM,1987,0,0.095
COM,1988,1,0.095
COM,1989,1,0.096
COM,1990,1,0.178
COM,1991,1,0.197
COM,1992,1,0.201
COM,1993,1,0.158
COM,1994,1,0.198
COM,1995,1,0.194
COM,1996,1,0.142
COM,1997,1,0.208
COM,1998,1,0.209
COM,1999,0,0.135
COM,2000,0,0.101
COM,2001,0,0.096
COM,2002,,0.135
COM,2003,1,0.156
COM,2004,1,0.215
COM,2005,1,0.241
COM,2006,1,0.237
COM,2007,1,0.235
COM,2008,1,0.235
COM,2009,1,0.232
COM,2010,1,0.243
COM,2011,1,0.256
COM,2012,1,0.256
COM,2013,1,0.278
COM,2014,1,0.277
COM,2015,1,0.240
COM,2016,1,0.239
COM,2017,1,0.194
COM,2018,1,0.176
COM,2019,1,0.129
COM,2020,1,0.124
COM,2021,1,0.124
COM,2022,1,0.124
COM,2023,1,0.118
COM,2024,1,0.122
COM,2025,1,0.132
CPV,1946,0,0.033
CPV,1947,0,0.033
CPV,1948,0,0.033
CPV,1949,0,0.033
CPV,1950,0,0.034
CPV,1951,0,0.034
CPV,1952,0,0.034
CPV,1953,0,0.034
CPV,1954,0,0.034
CPV,1955,0,0.034
CPV,1956,0,0.034
CPV,1957,0,0.034
CPV,1958,0,0.034
CPV,1959,0,0.034
CPV,1960,0,0.034
CPV,1961,0,0.034
CPV,1962,0,0.034
CPV,1963,0,0.034
CPV,1964,0,0.034
CPV,1965,0,0.034
CPV,1966,0,0.034
CPV,1967,0,0.034
CPV,1968,0,0.034
CPV,1969,0,0.034
CPV,1970,0,0.034
CPV,1971,0,0.034
CPV,1972,0,0.035
CPV,1973,0,0.086
CPV,1974,0,0.081
CPV,1975,1,0.184
CPV,1976,0,0.157
CPV,1977,0,0.157
CPV,1978,0,0.157
CPV,1979,0,0.157
CPV,1980,1,0.167
CPV,1981,1,0.261
CPV,1982,1,0.261
CPV,1983,1,0.261
CPV,1984,1,0.262
CPV,1985,1,0.262
CPV,1986,1,0.267
CPV,1987,1,0.267
CPV,1988,1,0.278
CPV,1989,1,0.278
CPV,1990,1,0.289
CPV,1991,2,0.569
CPV,1992,2,0.635
CPV,1993,2,0.635
CPV,1994,2,0.635
CPV,1995,2,0.649
CPV,1996,2,0.690
CPV,1997,2,0.692
CPV,1998,2,0.692
CPV,1999,2,0.692
CPV,2000,2,0.685
CPV,2001,2,0.677
CPV,2002,2,0.682
CPV,2003,2,0.682
CPV,2004,2,0.682
CPV,2005,2,0.682
CPV,2006,2,0.693
CPV,2007,2,0.696
CPV,2008,2,0.697
CPV,2009,2,0.697
CPV,2010,2,0.695
CPV,2011,2,0.702
CPV,2012,2,0.702
CPV,2013,2,0.708
CPV,2014,2,0.707
CPV,2015,2,0.707
CPV,2016,2,0.713
CPV,2017,2,0.707
CPV,2018,2,0.701
CPV,2019,2,0.707
CPV,2020,2,0.701
CPV,2021,2,0.676
CPV,2022,2,0.651
CPV,2023,2,0.646
CPV,2024,2,0.642
CPV,2025,2,0.631
CRI,1946,1,0.254
CRI,1947,1,0.254
CRI,1948,0,0.161
CRI,1949,0,0.211
CRI,1950,2,0.489
CRI,1951,2,0.501
CRI,1952,2,0.503
CRI,1953,2,0.562
CRI,1954,2,0.624
CRI,1955,2,0.624
CRI,1956,2,0.624
CRI,1957,2,0.624
CRI,1958,2,0.625
CRI,1959,2,0.637
CRI,1960,2,0.629
CRI,1961,2,0.629
CRI,1962,2,0.632
CRI,1963,2,0.632
CRI,1964,2,0.632
CRI,1965,2,0.632
CRI,1966,2,0.643
CRI,1967,2,0.644
CRI,1968,2,0.644
CRI,1969,2,0.644
CRI,1970,2,0.653
CRI,1971,2,0.655
CRI,1972,2,0.655
CRI,1973,2,0.655
CRI,1974,2,0.657
CRI,1975,2,0.702
CRI,1976,2,0.714
CRI,1977,2,0.717
CRI,1978,2,0.732
CRI,1979,2,0.738
CRI,1980,2,0.767
CRI,1981,2,0.764
CRI,1982,2,0.786
CRI,1983,2,0.787
CRI,1984,2,0.787
CRI,1985,2,0.787
CRI,1986,2,0.789
CRI,1987,2,0.795
CRI,1988,2,0.804
CRI,1989,3,0.812
CRI,1990,3,0.838
CRI,1991,3,0.841
CRI,1992,3,0.841
CRI,1993,3,0.841
CRI,1994,3,0.841
CRI,1995,3,0.841
CRI,1996,3,0.840
CRI,1997,3,0.835
CRI,1998,3,0.841
CRI,1999,3,0.841
CRI,2000,3,0.840
CRI,2001,3,0.841
CRI,2002,3,0.843
CRI,2003,3,0.843
CRI,2004,3,0.843
CRI,2005,3,0.839
CRI,2006,3,0.851
CRI,2007,3,0.854
CRI,2008,3,0.854
CRI,2009,3,0.855
CRI,2010,3,0.857
CRI,2011,3,0.856
CRI,2012,3,0.857
CRI,2013,3,0.853
CRI,2014,3,0.854
CRI,2015,3,0.854
CRI,2016,3,0.852
CRI,2017,3,0.850
CRI,2018,3,0.834
CRI,2019,3,0.842
CRI,2020,3,0.844
CRI,2021,3,0.843
CRI,2022,3,0.813
CRI,2023,3,0.809
CRI,2024,3,0.809
CRI,2025,3,0.809
CSK,1946,1,0.123
CSK,1947,1,0.131
CSK,1948,0,0.048
CSK,1949,0,0.036
CSK,1950,0,0.034
CSK,1951,0,0.034
CSK,1952,0,0.033
CSK,1953,0,0.026
CSK,1954,0,0.030
CSK,1955,0,0.030
CSK,1956,0,0.033
CSK,1957,0,0.035
CSK,1958,0,0.044
CSK,1959,0,0.044
CSK,1960,0,0.051
CSK,1961,0,0.054
CSK,1962,0,0.054
CSK,1963,0,0.055
CSK,1964,0,0.055
CSK,1965,0,0.055
CSK,1966,0,0.055
CSK,1967,0,0.057
CSK,1968,0,0.059
CSK,1969,0,0.054
CSK,1970,0,0.046
CSK,1971,0,0.046
CSK,1972,0,0.044
CSK,1973,0,0.045
CSK,1974,0,0.045
CSK,1975,0,0.051
CSK,1976,0,0.055
CSK,1977,0,0.055
CSK,1978,0,0.055
CSK,1979,0,0.055
CSK,1980,0,0.056
CSK,1981,0,0.057
CSK,1982,0,0.057
CSK,1983,0,0.057
CSK,1984,0,0.057
CSK,1985,0,0.058
CSK,1986,0,0.058
CSK,1987,0,0.058
CSK,1988,0,0.047
CSK,1989,0,0.056
CSK,1990,3,0.710
CSK,1991,3,0.796
CSK,1992,3,0.805
CUB,1946,1,0.311
CUB,1947,1,0.312
CUB,1948,1,0.311
CUB,1949,1,0.309
CUB,1950,1,0.305
CUB,1951,1,0.291
CUB,1952,0,0.193
CUB,1953,0,0.114
CUB,1954,0,0.115
CUB,1955,1,0.137
CUB,1956,1,0.140
CUB,1957,1,0.138
CUB,1958,1,0.139
CUB,1959,0,0.063
CUB,1960,0,0.030
CUB,1961,0,0.027
CUB,1962,0,0.025
CUB,1963,0,0.026
CUB,1964,0,0.026
CUB,1965,0,0.024
CUB,1966,0,0.024
CUB,1967,0,0.024
CUB,1968,0,0.023
CUB,1969,0,0.025
CUB,1970,0,0.025
CUB,1971,0,0.025
CUB,1972,0,0.025
CUB,1973,0,0.025
CUB,1974,0,0.025
CUB,1975,0,0.025
CUB,1976,0,0.027
CUB,1977,0,0.033
CUB,1978,0,0.033
CUB,1979,0,0.034
CUB,1980,0,0.032
CUB,1981,0,0.032
CUB,1982,0,0.032
CUB,1983,0,0.032
CUB,1984,0,0.032
CUB,1985,0,0.032
CUB,1986,0,0.033
CUB,1987,0,0.033
CUB,1988,0,0.033
CUB,1989,0,0.033
CUB,1990,0,0.033
CUB,1991,0,0.033
CUB,1992,0,0.034
CUB,1993,0,0.037
CUB,1994,0,0.037
CUB,1995,0,0.037
CUB,1996,0,0.038
CUB,1997,0,0.038
CUB,1998,0,0.039
CUB,1999,0,0.040
CUB,2000,0,0.040
CUB,2001,0,0.041
CUB,2002,0,0.041
CUB,2003,0,0.040
CUB,2004,0,0.040
CUB,2005,0,0.041
CUB,2006,0,0.041
CUB,2007,0,0.041
CUB,2008,0,0.039
CUB,2009,0,0.050
CUB,2010,0,0.050
CUB,2011,0,0.051
CUB,2012,0,0.052
CUB,2013,0,0.057
CUB,2014,0,0.057
CUB,2015,0,0.057
CUB,2016,0,0.055
CUB,2017,0,0.058
CUB,2018,0,0.061
CUB,2019,0,0.062
CUB,2020,0,0.060
CUB,2021,0,0.056
CUB,2022,0,0.056
CUB,2023,0,0.055
CUB,2024,0,0.056
CUB,2025,0,0.057
CYP,1946,0,0.096
CYP,1947,0,0.096
CYP,1948,0,0.096
CYP,1949,0,0.096
CYP,1950,0,0.094
CYP,1951,0,0.095
CYP,1952,0,0.095
CYP,1953,0,0.094
CYP,1954,0,0.094
CYP,1955,0,0.087
CYP,1956,0,0.085
CYP,1957,0,0.084
CYP,1958,0,0.083
CYP,1959,0,0.089
CYP,1960,1,0.212
CYP,1961,1,0.332
CYP,1962,1,0.335
CYP,1963,1,0.333
CYP,1964,1,0.331
CYP,1965,1,0.332
CYP,1966,1,0.332
CYP,1967,1,0.332
CYP,1968,1,0.333
CYP,1969,1,0.333
CYP,1970,1,0.346
CYP,1971,1,0.356
CYP,1972,1,0.359
CYP,1973,1,0.363
CYP,1974,1,0.358
CYP,1975,2,0.419
CYP,1976,2,0.444
CYP,1977,2,0.458
CYP,1978,2,0.460
CYP,1979,2,0.460
CYP,1980,2,0.476
CYP,1981,2,0.503
CYP,1982,2,0.525
CYP,1983,2,0.548
CYP,1984,2,0.552
CYP,1985,2,0.553
CYP,1986,2,0.556
CYP,1987,2,0.556
CYP,1988,2,0.564
CYP,1989,2,0.577
CYP,1990,2,0.608
CYP,1991,2,0.624
CYP,1992,2,0.632
CYP,1993,2,0.633
CYP,1994,2,0.635
CYP,1995,2,0.634
CYP,1996,2,0.635
CYP,1997,2,0.636
CYP,1998,2,0.629
CYP,1999,2,0.632
CYP,2000,2,0.668
CYP,2001,2,0.678
CYP,2002,2,0.684
CYP,2003,2,0.668
CYP,2004,3,0.704
CYP,2005,3,0.704
CYP,2006,3,0.713
CYP,2007,3,0.724
CYP,2008,3,0.723
CYP,2009,3,0.722
CYP,2010,3,0.734
CYP,2011,3,0.734
CYP,2012,3,0.733
CYP,2013,3,0.732
CYP,2014,3,0.733
CYP,2015,3,0.737
CYP,2016,3,0.739
CYP,2017,3,0.731
CYP,2018,3,0.722
CYP,2019,3,0.710
CYP,2020,3,0.691
CYP,2021,3,0.653
CYP,2022,3,0.645
CYP,2023,3,0.643
CYP,2024,3,0.653
CYP,2025,3,0.664
CZE,1946,1,0.123
CZE,1947,1,0.131
CZE,1948,0,0.048
CZE,1949,0,0.036
CZE,1950,0,0.034
CZE,1951,0,0.034
CZE,1952,0,0.033
CZE,1953,0,0.026
CZE,1954,0,0.030
CZE,1955,0,0.030
CZE,1956,0,0.033
CZE,1957,0,0.035
CZE,1958,0,0.044
CZE,1959,0,0.044
CZE,1960,0,0.051
CZE,1961,0,0.054
CZE,1962,0,0.054
CZE,1963,0,0.055
CZE,1964,0,0.055
CZE,1965,0,0.055
CZE,1966,0,0.055
CZE,1967,0,0.057
CZE,1968,0,0.059
CZE,1969,0,0.054
CZE,1970,0,0.046
CZE,1971,0,0.046
CZE,1972,0,0.044
CZE,1973,0,0.045
CZE,1974,0,0.045
CZE,1975,0,0.051
CZE,1976,0,0.055
CZE,1977,0,0.055
CZE,1978,0,0.055
CZE,1979,0,0.055
CZE,1980,0,0.056
CZE,1981,0,0.057
CZE,1982,0,0.057
CZE,1983,0,0.057
CZE,1984,0,0.057
CZE,1985,0,0.058
CZE,1986,0,0.058
CZE,1987,0,0.058
CZE,1988,0,0.047
CZE,1989,0,0.056
CZE,1990,3,0.710
CZE,1991,3,0.796
CZE,1992,3,0.805
CZE,1993,3,0.819
CZE,1994,3,0.819
CZE,1995,3,0.819
CZE,1996,3,0.817
CZE,1997,3,0.816
CZE,1998,3,0.808
CZE,1999,3,0.801
CZE,2000,3,0.801
CZE,2001,3,0.801
CZE,2002,3,0.808
CZE,2003,3,0.814
CZE,2004,3,0.815
CZE,2005,3,0.816
CZE,2006,3,0.821
CZE,2007,3,0.824
CZE,2008,3,0.821
CZE,2009,3,0.813
CZE,2010,3,0.805
CZE,2011,3,0.808
CZE,2012,3,0.814
CZE,2013,3,0.779
CZE,2014,3,0.766
CZE,2015,3,0.766
CZE,2016,3,0.763
CZE,2017,3,0.726
CZE,2018,3,0.708
CZE,2019,3,0.699
CZE,2020,2,0.709
CZE,2021,2,0.698
CZE,2022,3,0.784
CZE,2023,3,0.796
CZE,2024,3,0.811
CZE,2025,3,0.794
DDR,1949,0,
DDR,1950,0,0.062
DDR,1951,0,0.062
DDR,1952,0,0.062
DDR,1953,0,0.062
DDR,1954,0,0.063
DDR,1955,0,0.063
DDR,1956,0,0.063
DDR,1957,0,0.064
DDR,1958,0,0.066
DDR,1959,0,0.066
DDR,1960,0,0.066
DDR,1961,0,0.060
DDR,1962,0,0.060
DDR,1963,0,0.060
DDR,1964,0,0.060
DDR,1965,0,0.060
DDR,1966,0,0.060
DDR,1967,0,0.060
DDR,1968,0,0.060
DDR,1969,0,0.060
DDR,1970,0,0.062
DDR,1971,0,0.062
DDR,1972,0,0.061
DDR,1973,0,0.063
DDR,1974,0,0.063
DDR,1975,0,0.063
DDR,1976,0,0.063
DDR,1977,0,0.063
DDR,1978,0,0.063
DDR,1979,0,0.063
DDR,1980,0,0.062
DDR,1981,0,0.062
DDR,1982,0,0.062
DDR,1983,0,0.062
DDR,1984,0,0.062
DDR,1985,0,0.062
DDR,1986,0,0.062
DDR,1987,0,0.063
DDR,1988,0,0.063
DDR,1989,0,0.065
DDR,1990,2,0.538
DEU,1991,3,0.853
DEU,1992,3,0.853
DEU,1993,3,0.853
DEU,1994,3,0.853
DEU,1995,3,0.853
DEU,1996,3,0.854
DEU,1997,3,0.854
DEU,1998,3,0.856
DEU,1999,3,0.860
DEU,2000,3,0.860
DEU,2001,3,0.860
DEU,2002,3,0.859
DEU,2003,3,0.857
DEU,2004,3,0.857
DEU,2005,3,0.859
DEU,2006,3,0.864
DEU,2007,3,0.864
DEU,2008,3,0.864
DEU,2009,3,0.862
DEU,2010,3,0.862
DEU,2011,3,0.864
DEU,2012,3,0.863
DEU,2013,3,0.853
DEU,2014,3,0.845
DEU,2015,3,0.845
DEU,2016,3,0.848
DEU,2017,3,0.842
DEU,2018,3,0.834
DEU,2019,3,0.831
DEU,2020,3,0.821
DEU,2021,3,0.814
DEU,2022,3,0.806
DEU,2023,3,0.812
DEU,2024,3,0.778
DEU,2025,3,0.782
DJI,1946,0,0.027
DJI,1947,0,0.028
DJI,1948,0,0.028
DJI,1949,0,0.028
DJI,1950,0,0.028
DJI,1951,0,0.028
DJI,1952,0,0.028
DJI,1953,0,0.028
DJI,1954,0,0.028
DJI,1955,0,0.028
DJI,1956,0,0.028
DJI,1957,0,0.034
DJI,1958,0,0.034
DJI,1959,0,0.034
DJI,1960,0,0.034
DJI,1961,0,0.034
DJI,1962,0,0.034
DJI,1963,0,0.034
DJI,1964,0,0.034
DJI,1965,0,0.034
DJI,1966,0,0.034
DJI,1967,0,0.033
DJI,1968,0,0.036
DJI,1969,0,0.036
DJI,1970,0,0.035
DJI,1971,0,0.032
DJI,1972,0,0.032
DJI,1973,0,0.032
DJI,1974,0,0.033
DJI,1975,0,0.033
DJI,1976,0,0.033
DJI,1977,1,0.046
DJI,1978,1,0.080
DJI,1979,1,0.082
DJI,1980,1,0.082
DJI,1981,0,0.082
DJI,1982,0,0.082
DJI,1983,0,0.082
DJI,1984,0,0.082
DJI,1985,0,0.082
DJI,1986,0,0.082
DJI,1987,1,0.082
DJI,1988,1,0.082
DJI,1989,1,0.082
DJI,1990,1,0.084
DJI,1991,1,0.081
DJI,1992,1,0.105
DJI,1993,1,0.110
DJI,1994,1,0.110
DJI,1995,1,0.110
DJI,1996,1,0.110
DJI,1997,1,0.110
DJI,1998,1,0.114
DJI,1999,1,0.114
DJI,2000,1,0.116
DJI,2001,1,0.117
DJI,2002,1,0.122
DJI,2003,1,0.120
DJI,2004,1,0.121
DJI,2005,1,0.116
DJI,2006,1,0.115
DJI,2007,1,0.115
DJI,2008,1,0.114
DJI,2009,1,0.114
DJI,2010,1,0.113
DJI,2011,1,0.114
DJI,2012,1,0.115
DJI,2013,1,0.114
DJI,2014,1,0.114
DJI,2015,1,0.114
DJI,2016,1,0.114
DJI,2017,1,0.110
DJI,2018,1,0.113
DJI,2019,1,0.119
DJI,2020,1,0.119
DJI,2021,1,0.120
DJI,2022,1,0.119
DJI,2023,1,0.118
DJI,2024,1,0.118
DJI,2025,1,0.118
DNK,1946,3,0.859
DNK,1947,3,0.863
DNK,1948,3,0.865
DNK,1949,3,0.865
DNK,1950,3,0.866
DNK,1951,3,0.864
DNK,1952,3,0.864
DNK,1953,3,0.865
DNK,1954,3,0.868
DNK,1955,3,0.870
DNK,1956,3,0.870
DNK,1957,3,0.872
DNK,1958,3,0.873
DNK,1959,3,0.873
DNK,1960,3,0.873
DNK,1961,3,0.875
DNK,1962,3,0.875
DNK,1963,3,0.876
DNK,1964,3,0.874
DNK,1965,3,0.869
DNK,1966,3,0.869
DNK,1967,3,0.872
DNK,1968,3,0.874
DNK,1969,3,0.876
DNK,1970,3,0.876
DNK,1971,3,0.877
DNK,1972,3,0.879
DNK,1973,3,0.880
DNK,1974,3,0.880
DNK,1975,3,0.880
DNK,1976,3,0.880
DNK,1977,3,0.880
DNK,1978,3,0.880
DNK,1979,3,0.880
DNK,1980,3,0.880
DNK,1981,3,0.880
DNK,1982,3,0.881
DNK,1983,3,0.881
DNK,1984,3,0.878
DNK,1985,3,0.878
DNK,1986,3,0.878
DNK,1987,3,0.879
DNK,1988,3,0.880
DNK,1989,3,0.880
DNK,1990,3,0.880
DNK,1991,3,0.881
DNK,1992,3,0.881
DNK,1993,3,0.881
DNK,1994,3,0.881
DNK,1995,3,0.880
DNK,1996,3,0.880
DNK,1997,3,0.880
DNK,1998,3,0.879
DNK,1999,3,0.878
DNK,2000,3,0.878
DNK,2001,3,0.879
DNK,2002,3,0.880
DNK,2003,3,0.880
DNK,2004,3,0.880
DNK,2005,3,0.895
DNK,2006,3,0.896
DNK,2007,3,0.896
DNK,2008,3,0.895
DNK,2009,3,0.895
DNK,2010,3,0.895
DNK,2011,3,0.894
DNK,2012,3,0.895
DNK,2013,3,0.895
DNK,2014,3,0.895
DNK,2015,3,0.894
DNK,2016,3,0.892
DNK,2017,3,0.891
DNK,2018,3,0.890
DNK,2019,3,0.886
DNK,2020,3,0.882
DNK,2021,3,0.882
DNK,2022,3,0.887
DNK,2023,3,0.884
DNK,2024,3,0.885
DNK,2025,3,0.884
DOM,1946,0,0.030
DOM,1947,0,0.030
DOM,1948,0,0.030
DOM,1949,0,0.030
DOM,1950,0,0.030
DOM,1951,0,0.030
DOM,1952,0,0.030
DOM,1953,0,0.030
DOM,1954,0,0.030
DOM,1955,0,0.030
DOM,1956,0,0.030
DOM,1957,0,0.030
DOM,1958,0,0.030
DOM,1959,0,0.030
DOM,1960,0,0.030
DOM,1961,0,0.039
DOM,1962,0,0.063
DOM,1963,1,0.202
DOM,1964,0,0.062
DOM,1965,0,0.074
DOM,1966,1,0.060
DOM,1967,1,0.078
DOM,1968,1,0.082
DOM,1969,1,0.082
DOM,1970,1,0.081
DOM,1971,1,0.082
DOM,1972,1,0.082
DOM,1973,1,0.082
DOM,1974,1,0.082
DOM,1975,1,0.083
DOM,1976,1,0.083
DOM,1977,1,0.083
DOM,1978,1,0.140
DOM,1979,1,0.261
DOM,1980,1,0.252
DOM,1981,1,0.252
DOM,1982,2,0.271
DOM,1983,2,0.267
DOM,1984,2,0.263
DOM,1985,2,0.263
DOM,1986,2,0.253
DOM,1987,2,0.240
DOM,1988,2,0.237
DOM,1989,2,0.238
DOM,1990,1,0.216
DOM,1991,1,0.203
DOM,1992,1,0.203
DOM,1993,1,0.201
DOM,1994,1,0.196
DOM,1995,1,0.205
DOM,1996,2,0.281
DOM,1997,2,0.357
DOM,1998,2,0.372
DOM,1999,2,0.378
DOM,2000,2,0.391
DOM,2001,2,0.391
DOM,2002,2,0.388
DOM,2003,2,0.385
DOM,2004,2,0.379
DOM,2005,2,0.383
DOM,2006,2,0.378
DOM,2007,2,0.376
DOM,2008,2,0.376
DOM,2009,2,0.377
DOM,2010,2,0.371
DOM,2011,2,0.364
DOM,2012,2,0.366
DOM,2013,2,0.354
DOM,2014,2,0.352
DOM,2015,2,0.344
DOM,2016,2,0.333
DOM,2017,2,0.328
DOM,2018,2,0.339
DOM,2019,2,0.340
DOM,2020,2,0.449
DOM,2021,2,0.484
DOM,2022,2,0.478
DOM,2023,2,0.471
DOM,2024,2,0.495
DOM,2025,2,0.505
DZA,1946,0,0.092
DZA,1947,0,0.092
DZA,1948,0,0.094
DZA,1949,0,0.095
DZA,1950,0,0.095
DZA,1951,0,0.095
DZA,1952,0,0.096
DZA,1953,0,0.093
DZA,1954,0,0.091
DZA,1955,0,0.092
DZA,1956,0,0.051
DZA,1957,0,0.035
DZA,1958,0,0.035
DZA,1959,0,0.035
DZA,1960,0,0.035
DZA,1961,0,0.035
DZA,1962,1,0.042
DZA,1963,1,0.092
DZA,1964,1,0.091
DZA,1965,0,0.077
DZA,1966,0,0.063
DZA,1967,0,0.063
DZA,1968,0,0.063
DZA,1969,0,0.063
DZA,1970,0,0.063
DZA,1971,0,0.063
DZA,1972,0,0.063
DZA,1973,0,0.063
DZA,1974,0,0.063
DZA,1975,0,0.063
DZA,1976,0,0.064
DZA,1977,0,0.112
DZA,1978,0,0.105
DZA,1979,0,0.108
DZA,1980,0,0.111
DZA,1981,0,0.111
DZA,1982,0,0.114
DZA,1983,0,0.114
DZA,1984,0,0.114
DZA,1985,0,0.116
DZA,1986,0,0.116
DZA,1987,0,0.116
DZA,1988,0,0.118
DZA,1989,0,0.125
DZA,1990,0,0.164
DZA,1991,0,0.157
DZA,1992,0,0.081
DZA,1993,0,0.079
DZA,1994,0,0.101
DZA,1995,,0.113
DZA,1996,1,0.157
DZA,1997,1,0.153
DZA,1998,1,0.150
DZA,1999,1,0.161
DZA,2000,1,0.161
DZA,2001,1,0.161
DZA,2002,1,0.161
DZA,2003,1,0.163
DZA,2004,1,0.163
DZA,2005,1,0.168
DZA,2006,1,0.168
DZA,2007,1,0.166
DZA,2008,1,0.165
DZA,2009,1,0.164
DZA,2010,1,0.164
DZA,2011,1,0.165
DZA,2012,1,0.167
DZA,2013,1,0.171
DZA,2014,1,0.173
DZA,2015,1,0.175
DZA,2016,1,0.165
DZA,2017,1,0.160
DZA,2018,1,0.161
DZA,2019,1,0.153
DZA,2020,1,0.152
DZA,2021,1,0.139
DZA,2022,1,0.126
DZA,2023,1,0.123
DZA,2024,1,0.123
DZA,2025,1,0.126
EAZ,1946,0,0.103
EAZ,1947,0,0.103
EAZ,1948,0,0.103
EAZ,1949,0,0.103
EAZ,1950,0,0.103
EAZ,1951,0,0.103
EAZ,1952,0,0.103
EAZ,1953,0,0.105
EAZ,1954,0,0.105
EAZ,1955,0,0.095
EAZ,1956,0,0.096
EAZ,1957,0,0.101
EAZ,1958,0,0.107
EAZ,1959,0,0.107
EAZ,1960,0,0.110
EAZ,1961,0,0.119
EAZ,1962,0,0.118
EAZ,1963,0,0.155
EAZ,1964,0,0.034
EAZ,1965,0,0.040
EAZ,1966,0,0.040
EAZ,1967,0,0.040
EAZ,1968,0,0.040
EAZ,1969,0,0.040
EAZ,1970,0,0.040
EAZ,1971,0,0.040
EAZ,1972,0,0.040
EAZ,1973,0,0.062
EAZ,1974,0,0.062
EAZ,1975,0,0.062
EAZ,1976,0,0.062
EAZ,1977,0,0.085
EAZ,1978,0,0.093
EAZ,1979,0,0.093
EAZ,1980,0,0.100
EAZ,1981,0,0.111
EAZ,1982,0,0.111
EAZ,1983,0,0.111
EAZ,1984,0,0.130
EAZ,1985,0,0.131
EAZ,1986,0,0.130
EAZ,1987,0,0.130
EAZ,1988,0,0.124
EAZ,1989,0,0.117
EAZ,1990,0,0.122
EAZ,1991,0,0.123
EAZ,1992,0,0.122
EAZ,1993,0,0.126
EAZ,1994,0,0.127
EAZ,1995,1,0.188
EAZ,1996,1,0.201
EAZ,1997,1,0.202
EAZ,1998,1,0.202
EAZ,1999,1,0.204
EAZ,2000,1,0.217
EAZ,2001,1,0.217
EAZ,2002,1,0.224
EAZ,2003,1,0.225
EAZ,2004,1,0.221
EAZ,2005,1,0.225
EAZ,2006,1,0.227
EAZ,2007,1,0.228
EAZ,2008,1,0.231
EAZ,2009,1,0.232
EAZ,2010,1,0.241
EAZ,2011,1,0.250
EAZ,2012,1,0.251
EAZ,2013,1,0.253
EAZ,2014,1,0.251
EAZ,2015,0,0.234
EAZ,2016,1,0.209
EAZ,2017,1,0.218
EAZ,2018,1,0.222
EAZ,2019,1,0.216
EAZ,2020,1,0.213
EAZ,2021,1,0.227
EAZ,2022,1,0.236
EAZ,2023,1,0.235
EAZ,2024,1,0.247
EAZ,2025,1,0.253
ECU,1946,0,0.098
ECU,1947,1,0.117
ECU,1948,1,0.174
ECU,1949,1,0.185
ECU,1950,1,0.188
ECU,1951,1,0.188
ECU,1952,1,0.183
ECU,1953,1,0.179
ECU,1954,1,0.181
ECU,1955,1,0.186
ECU,1956,1,0.185
ECU,1957,1,0.187
ECU,1958,1,0.190
ECU,1959,1,0.191
ECU,1960,1,0.184
ECU,1961,1,0.181
ECU,1962,1,0.185
ECU,1963,0,0.057
ECU,1964,0,0.058
ECU,1965,0,0.061
ECU,1966,0,0.065
ECU,1967,0,0.122
ECU,1968,1,0.152
ECU,1969,1,0.193
ECU,1970,1,0.090
ECU,1971,,0.088
ECU,1972,0,0.073
ECU,1973,0,0.063
ECU,1974,0,0.065
ECU,1975,0,0.065
ECU,1976,0,0.066
ECU,1977,0,0.070
ECU,1978,0,0.084
ECU,1979,1,0.134
ECU,1980,2,0.437
ECU,1981,2,0.438
ECU,1982,2,0.440
ECU,1983,2,0.439
ECU,1984,2,0.423
ECU,1985,2,0.400
ECU,1986,2,0.403
ECU,1987,2,0.402
ECU,1988,2,0.430
ECU,1989,2,0.468
ECU,1990,2,0.467
ECU,1991,2,0.467
ECU,1992,2,0.466
ECU,1993,2,0.456
ECU,1994,2,0.450
ECU,1995,2,0.450
ECU,1996,2,0.441
ECU,1997,2,0.450
ECU,1998,2,0.459
ECU,1999,2,0.454
ECU,2000,2,0.445
ECU,2001,2,0.445
ECU,2002,2,0.446
ECU,2003,2,0.454
ECU,2004,2,0.452
ECU,2005,2,0.454
ECU,2006,2,0.451
ECU,2007,2,0.407
ECU,2008,2,0.343
ECU,2009,2,0.329
ECU,2010,2,0.309
ECU,2011,2,0.304
ECU,2012,2,0.306
ECU,2013,2,0.265
ECU,2014,2,0.262
ECU,2015,2,0.263
ECU,2016,2,0.264
ECU,2017,2,0.338
ECU,2018,2,0.458
ECU,2019,2,0.446
ECU,2020,2,0.481
ECU,2021,2,0.454
ECU,2022,2,0.504
ECU,2023,2,0.463
ECU,2024,2,0.443
ECU,2025,2,0.386
EGY,1946,1,0.179
EGY,1947,1,0.179
EGY,1948,1,0.179
EGY,1949,1,0.180
EGY,1950,1,0.188
EGY,1951,1,0.188
EGY,1952,1,0.173
EGY,1953,0,0.096
EGY,1954,0,0.088
EGY,1955,0,0.087
EGY,1956,0,0.092
EGY,1957,0,0.132
EGY,1958,0,0.106
EGY,1959,0,0.103
EGY,1960,0,0.117
EGY,1961,0,0.110
EGY,1962,0,0.096
EGY,1963,0,0.101
EGY,1964,0,0.134
EGY,1965,0,0.142
EGY,1966,0,0.142
EGY,1967,0,0.140
EGY,1968,0,0.139
EGY,1969,0,0.139
EGY,1970,0,0.144
EGY,1971,0,0.162
EGY,1972,0,0.160
EGY,1973,0,0.160
EGY,1974,0,0.160
EGY,1975,0,0.160
EGY,1976,1,0.163
EGY,1977,1,0.161
EGY,1978,1,0.161
EGY,1979,1,0.159
EGY,1980,1,0.120
EGY,1981,,0.161
EGY,1982,1,0.171
EGY,1983,1,0.170
EGY,1984,1,0.170
EGY,1985,1,0.170
EGY,1986,1,0.173
EGY,1987,1,0.171
EGY,1988,1,0.172
EGY,1989,1,0.172
EGY,1990,1,0.161
EGY,1991,1,0.157
EGY,1992,1,0.157
EGY,1993,1,0.158
EGY,1994,1,0.156
EGY,1995,1,0.157
EGY,1996,1,0.156
EGY,1997,1,0.155
EGY,1998,1,0.155
EGY,1999,1,0.155
EGY,2000,1,0.154
EGY,2001,1,0.151
EGY,2002,1,0.151
EGY,2003,1,0.151
EGY,2004,1,0.151
EGY,2005,1,0.152
EGY,2006,1,0.153
EGY,2007,1,0.152
EGY,2008,1,0.152
EGY,2009,1,0.152
EGY,2010,1,0.152
EGY,2011,0,0.122
EGY,2012,1,0.157
EGY,2013,0,0.097
EGY,2014,,0.085
EGY,2015,1,0.093
EGY,2016,1,0.122
EGY,2017,1,0.113
EGY,2018,1,0.112
EGY,2019,1,0.116
EGY,2020,1,0.117
EGY,2021,1,0.116
EGY,2022,1,0.123
EGY,2023,1,0.123
EGY,2024,1,0.123
EGY,2025,1,0.115
ERI,1946,0,0.090
ERI,1947,0,0.090
ERI,1948,0,0.090
ERI,1949,0,0.090
ERI,1950,0,0.085
ERI,1951,0,0.085
ERI,1952,0,0.075
ERI,1953,0,0.084
ERI,1954,0,0.084
ERI,1955,0,0.084
ERI,1956,0,0.094
ERI,1957,0,0.092
ERI,1958,0,0.091
ERI,1959,0,0.091
ERI,1960,0,0.072
ERI,1961,0,0.069
ERI,1962,0,0.042
ERI,1963,0,0.025
ERI,1964,0,0.025
ERI,1965,0,0.025
ERI,1966,0,0.025
ERI,1967,0,0.025
ERI,1968,0,0.025
ERI,1969,0,0.025
ERI,1970,0,0.024
ERI,1971,0,0.024
ERI,1972,0,0.024
ERI,1973,0,0.023
ERI,1974,0,0.013
ERI,1975,0,0.011
ERI,1976,0,0.010
ERI,1977,0,0.010
ERI,1978,0,0.010
ERI,1979,0,0.010
ERI,1980,0,0.009
ERI,1981,0,0.009
ERI,1982,0,0.009
ERI,1983,0,0.009
ERI,1984,0,0.009
ERI,1985,0,0.009
ERI,1986,0,0.009
ERI,1987,0,0.009
ERI,1988,0,0.009
ERI,1989,0,0.010
ERI,1990,0,0.015
ERI,1991,0,0.028
ERI,1992,0,0.040
ERI,1993,0,0.035
ERI,1994,0,0.036
ERI,1995,0,0.036
ERI,1996,0,0.035
ERI,1997,0,0.039
ERI,1998,0,0.033
ERI,1999,0,0.031
ERI,2000,0,0.027
ERI,2001,0,0.016
ERI,2002,0,0.011
ERI,2003,0,0.006
ERI,2004,0,0.006
ERI,2005,0,0.006
ERI,2006,0,0.006
ERI,2007,0,0.006
ERI,2008,0,0.006
ERI,2009,0,0.005
ERI,2010,0,0.005
ERI,2011,0,0.005
ERI,2012,0,0.005
ERI,2013,0,0.006
ERI,2014,0,0.007
ERI,2015,0,0.006
ERI,2016,0,0.006
ERI,2017,0,0.007
ERI,2018,0,0.007
ERI,2019,0,0.009
ERI,2020,0,0.010
ERI,2021,0,0.010
ERI,2022,0,0.012
ERI,2023,0,0.010
ERI,2024,0,0.009
ERI,2025,0,0.009
ESP,1946,0,0.059
ESP,1947,0,0.059
ESP,1948,0,0.059
ESP,1949,0,0.059
ESP,1950,0,0.061
ESP,1951,0,0.061
ESP,1952,0,0.061
ESP,1953,0,0.061
ESP,1954,0,0.061
ESP,1955,0,0.061
ESP,1956,0,0.060
ESP,1957,0,0.060
ESP,1958,0,0.062
ESP,1959,0,0.062
ESP,1960,0,0.066
ESP,1961,0,0.066
ESP,1962,0,0.066
ESP,1963,0,0.066
ESP,1964,0,0.066
ESP,1965,0,0.066
ESP,1966,0,0.067
ESP,1967,0,0.068
ESP,1968,0,0.071
ESP,1969,0,0.071
ESP,1970,0,0.072
ESP,1971,0,0.072
ESP,1972,0,0.073
ESP,1973,0,0.073
ESP,1974,0,0.073
ESP,1975,1,0.095
ESP,1976,1,0.109
ESP,1977,1,0.276
ESP,1978,2,0.657
ESP,1979,2,0.780
ESP,1980,2,0.788
ESP,1981,2,0.788
ESP,1982,2,0.791
ESP,1983,3,0.804
ESP,1984,3,0.804
ESP,1985,3,0.804
ESP,1986,3,0.805
ESP,1987,3,0.810
ESP,1988,3,0.810
ESP,1989,3,0.810
ESP,1990,3,0.811
ESP,1991,3,0.811
ESP,1992,3,0.811
ESP,1993,3,0.818
ESP,1994,3,0.818
ESP,1995,3,0.818
ESP,1996,3,0.820
ESP,1997,3,0.820
ESP,1998,3,0.820
ESP,1999,3,0.820
ESP,2000,3,0.817
ESP,2001,3,0.817
ESP,2002,3,0.817
ESP,2003,3,0.796
ESP,2004,3,0.808
ESP,2005,3,0.811
ESP,2006,3,0.812
ESP,2007,3,0.808
ESP,2008,3,0.819
ESP,2009,3,0.821
ESP,2010,3,0.825
ESP,2011,3,0.821
ESP,2012,3,0.799
ESP,2013,3,0.778
ESP,2014,3,0.774
ESP,2015,3,0.759
ESP,2016,3,0.766
ESP,2017,3,0.757
ESP,2018,3,0.776
ESP,2019,3,0.804
ESP,2020,3,0.786
ESP,2021,3,0.775
ESP,2022,3,0.782
ESP,2023,3,0.759
ESP,2024,3,0.743
ESP,2025,3,0.741
EST,1946,0,0.015
EST,1947,0,0.015
EST,1948,0,0.015
EST,1949,0,0.015
EST,1950,0,0.015
EST,1951,0,0.015
EST,1952,0,0.015
EST,1953,0,0.015
EST,1954,0,0.021
EST,1955,0,0.021
EST,1956,0,0.022
EST,1957,0,0.024
EST,1958,0,0.024
EST,1959,0,0.024
EST,1960,0,0.024
EST,1961,0,0.024
EST,1962,0,0.023
EST,1963,0,0.023
EST,1964,0,0.023
EST,1965,0,0.023
EST,1966,0,0.023
EST,1967,0,0.023
EST,1968,0,0.023
EST,1969,0,0.023
EST,1970,0,0.024
EST,1971,0,0.025
EST,1972,0,0.025
EST,1973,0,0.025
EST,1974,0,0.025
EST,1975,0,0.025
EST,1976,0,0.025
EST,1977,0,0.024
EST,1978,0,0.024
EST,1979,0,0.025
EST,1980,0,0.028
EST,1981,0,0.028
EST,1982,0,0.028
EST,1983,0,0.027
EST,1984,0,0.027
EST,1985,0,0.029
EST,1986,0,0.037
EST,1987,0,0.041
EST,1988,0,0.043
EST,1989,0,0.064
EST,1990,2,0.681
EST,1991,2,0.520
EST,1992,1,0.384
EST,1993,2,0.809
EST,1994,2,0.797
EST,1995,2,0.802
EST,1996,3,0.804
EST,1997,3,0.806
EST,1998,3,0.805
EST,1999,3,0.807
EST,2000,3,0.808
EST,2001,3,0.808
EST,2002,3,0.811
EST,2003,3,0.808
EST,2004,3,0.811
EST,2005,3,0.811
EST,2006,3,0.811
EST,2007,3,0.811
EST,2008,3,0.811
EST,2009,3,0.814
EST,2010,3,0.829
EST,2011,3,0.832
EST,2012,3,0.832
EST,2013,3,0.834
EST,2014,3,0.838
EST,2015,3,0.845
EST,2016,3,0.859
EST,2017,3,0.861
EST,2018,3,0.863
EST,2019,3,0.848
EST,2020,3,0.842
EST,2021,3,0.853
EST,2022,3,0.853
EST,2023,3,0.845
EST,2024,3,0.848
EST,2025,3,0.837
ETH,1946,0,0.024
ETH,1947,0,0.024
ETH,1948,0,0.024
ETH,1949,0,0.024
ETH,1950,0,0.024
ETH,1951,0,0.024
ETH,1952,0,0.024
ETH,1953,0,0.024
ETH,1954,0,0.024
ETH,1955,0,0.028
ETH,1956,0,0.033
ETH,1957,0,0.033
ETH,1958,0,0.033
ETH,1959,0,0.033
ETH,1960,0,0.034
ETH,1961,0,0.035
ETH,1962,0,0.035
ETH,1963,0,0.035
ETH,1964,0,0.035
ETH,1965,0,0.035
ETH,1966,0,0.035
ETH,1967,0,0.035
ETH,1968,0,0.035
ETH,1969,0,0.035
ETH,1970,0,0.036
ETH,1971,0,0.036
ETH,1972,0,0.036
ETH,1973,0,0.036
ETH,1974,0,0.028
ETH,1975,0,0.015
ETH,1976,0,0.015
ETH,1977,0,0.015
ETH,1978,0,0.015
ETH,1979,0,0.015
ETH,1980,0,0.015
ETH,1981,0,0.016
ETH,1982,0,0.016
ETH,1983,0,0.016
ETH,1984,0,0.016
ETH,1985,0,0.016
ETH,1986,0,0.016
ETH,1987,0,0.017
ETH,1988,0,0.031
ETH,1989,0,0.031
ETH,1990,0,0.032
ETH,1991,0,0.076
ETH,1992,0,0.094
ETH,1993,0,0.097
ETH,1994,1,0.084
ETH,1995,1,0.097
ETH,1996,1,0.111
ETH,1997,1,0.111
ETH,1998,1,0.111
ETH,1999,1,0.111
ETH,2000,1,0.110
ETH,2001,1,0.110
ETH,2002,1,0.110
ETH,2003,1,0.111
ETH,2004,1,0.110
ETH,2005,1,0.115
ETH,2006,1,0.111
ETH,2007,1,0.113
ETH,2008,1,0.113
ETH,2009,1,0.113
ETH,2010,1,0.109
ETH,2011,1,0.105
ETH,2012,1,0.106
ETH,2013,1,0.104
ETH,2014,1,0.104
ETH,2015,1,0.102
ETH,2016,1,0.099
ETH,2017,1,0.098
ETH,2018,1,0.131
ETH,2019,1,0.158
ETH,2020,1,0.152
ETH,2021,1,0.136
ETH,2022,1,0.134
ETH,2023,1,0.106
ETH,2024,1,0.093
ETH,2025,1,0.100
FIN,1946,2,0.650
FIN,1947,2,0.643
FIN,1948,2,0.659
FIN,1949,3,0.747
FIN,1950,3,0.761
FIN,1951,3,0.762
FIN,1952,3,0.762
FIN,1953,3,0.767
FIN,1954,3,0.767
FIN,1955,3,0.767
FIN,1956,3,0.757
FIN,1957,3,0.756
FIN,1958,3,0.761
FIN,1959,3,0.765
FIN,1960,3,0.766
FIN,1961,3,0.766
FIN,1962,3,0.758
FIN,1963,3,0.758
FIN,1964,3,0.757
FIN,1965,3,0.762
FIN,1966,3,0.758
FIN,1967,3,0.768
FIN,1968,3,0.770
FIN,1969,3,0.763
FIN,1970,3,0.764
FIN,1971,3,0.764
FIN,1972,3,0.761
FIN,1973,3,0.758
FIN,1974,3,0.760
FIN,1975,3,0.762
FIN,1976,3,0.769
FIN,1977,3,0.769
FIN,1978,3,0.768
FIN,1979,3,0.767
FIN,1980,3,0.769
FIN,1981,3,0.773
FIN,1982,3,0.787
FIN,1983,3,0.796
FIN,1984,3,0.797
FIN,1985,3,0.797
FIN,1986,3,0.799
FIN,1987,3,0.804
FIN,1988,3,0.804
FIN,1989,3,0.804
FIN,1990,3,0.819
FIN,1991,3,0.823
FIN,1992,3,0.822
FIN,1993,3,0.831
FIN,1994,3,0.831
FIN,1995,3,0.832
FIN,1996,3,0.832
FIN,1997,3,0.832
FIN,1998,3,0.832
FIN,1999,3,0.833
FIN,2000,3,0.834
FIN,2001,3,0.834
FIN,2002,3,0.834
FIN,2003,3,0.831
FIN,2004,3,0.830
FIN,2005,3,0.830
FIN,2006,3,0.842
FIN,2007,3,0.842
FIN,2008,3,0.842
FIN,2009,3,0.842
FIN,2010,3,0.842
FIN,2011,3,0.843
FIN,2012,3,0.844
FIN,2013,3,0.858
FIN,2014,3,0.858
FIN,2015,3,0.827
FIN,2016,3,0.827
FIN,2017,3,0.836
FIN,2018,3,0.849
FIN,2019,3,0.842
FIN,2020,3,0.844
FIN,2021,3,0.835
FIN,2022,3,0.827
FIN,2023,3,0.812
FIN,2024,3,0.782
FIN,2025,3,0.808
FJI,1946,0,0.187
FJI,1947,0,0.187
FJI,1948,0,0.187
FJI,1949,0,0.187
FJI,1950,0,0.190
FJI,1951,0,0.190
FJI,1952,0,0.190
FJI,1953,0,0.190
FJI,1954,0,0.190
FJI,1955,0,0.190
FJI,1956,0,0.189
FJI,1957,0,0.190
FJI,1958,0,0.190
FJI,1959,0,0.190
FJI,1960,0,0.191
FJI,1961,0,0.192
FJI,1962,0,0.192
FJI,1963,0,0.214
FJI,1964,0,0.217
FJI,1965,0,0.217
FJI,1966,0,0.222
FJI,1967,1,0.227
FJI,1968,1,0.312
FJI,1969,1,0.312
FJI,1970,2,0.379
FJI,1971,2,0.383
FJI,1972,2,0.398
FJI,1973,2,0.420
FJI,1974,2,0.420
FJI,1975,2,0.420
FJI,1976,2,0.420
FJI,1977,2,0.421
FJI,1978,2,0.421
FJI,1979,2,0.421
FJI,1980,2,0.421
FJI,1981,2,0.421
FJI,1982,2,0.420
FJI,1983,2,0.419
FJI,1984,2,0.419
FJI,1985,2,0.419
FJI,1986,2,0.419
FJI,1987,0,0.178
FJI,1988,0,0.144
FJI,1989,0,0.144
FJI,1990,0,0.147
FJI,1991,0,0.148
FJI,1992,1,0.276
FJI,1993,2,0.395
FJI,1994,2,0.383
FJI,1995,2,0.381
FJI,1996,2,0.382
FJI,1997,2,0.404
FJI,1998,2,0.404
FJI,1999,2,0.403
FJI,2000,0,0.208
FJI,2001,0,0.184
FJI,2002,1,0.253
FJI,2003,2,0.371
FJI,2004,2,0.371
FJI,2005,2,0.371
FJI,2006,1,0.267
FJI,2007,0,0.105
FJI,2008,0,0.105
FJI,2009,0,0.097
FJI,2010,0,0.105
FJI,2011,0,0.105
FJI,2012,0,0.106
FJI,2013,0,0.114
FJI,2014,1,0.145
FJI,2015,1,0.270
FJI,2016,1,0.275
FJI,2017,1,0.283
FJI,2018,1,0.280
FJI,2019,1,0.264
FJI,2020,1,0.276
FJI,2021,1,0.269
FJI,2022,1,0.263
FJI,2023,2,0.411
FJI,2024,2,0.410
FJI,2025,2,0.398
FRA,1946,0,0.267
FRA,1947,3,0.596
FRA,1948,3,0.621
FRA,1949,3,0.621
FRA,1950,3,0.629
FRA,1951,3,0.630
FRA,1952,3,0.630
FRA,1953,3,0.630
FRA,1954,3,0.601
FRA,1955,3,0.614
FRA,1956,3,0.620
FRA,1957,3,0.628
FRA,1958,3,0.630
FRA,1959,3,0.630
FRA,1960,3,0.633
FRA,1961,3,0.633
FRA,1962,3,0.636
FRA,1963,3,0.666
FRA,1964,3,0.666
FRA,1965,3,0.666
FRA,1966,3,0.666
FRA,1967,3,0.672
FRA,1968,3,0.672
FRA,1969,3,0.719
FRA,1970,3,0.750
FRA,1971,3,0.755
FRA,1972,3,0.748
FRA,1973,3,0.760
FRA,1974,3,0.763
FRA,1975,3,0.772
FRA,1976,3,0.772
FRA,1977,3,0.772
FRA,1978,3,0.773
FRA,1979,3,0.773
FRA,1980,3,0.773
FRA,1981,3,0.788
FRA,1982,3,0.793
FRA,1983,3,0.793
FRA,1984,3,0.793
FRA,1985,3,0.793
FRA,1986,3,0.790
FRA,1987,3,0.789
FRA,1988,3,0.800
FRA,1989,3,0.802
FRA,1990,3,0.802
FRA,1991,3,0.802
FRA,1992,3,0.803
FRA,1993,3,0.798
FRA,1994,3,0.801
FRA,1995,3,0.798
FRA,1996,3,0.802
FRA,1997,3,0.800
FRA,1998,3,0.798
FRA,1999,3,0.798
FRA,2000,3,0.798
FRA,2001,3,0.798
FRA,2002,3,0.801
FRA,2003,3,0.802
FRA,2004,3,0.802
FRA,2005,3,0.802
FRA,2006,3,0.802
FRA,2007,3,0.807
FRA,2008,3,0.816
FRA,2009,3,0.816
FRA,2010,3,0.816
FRA,2011,3,0.818
FRA,2012,3,0.820
FRA,2013,3,0.822
FRA,2014,3,0.821
FRA,2015,3,0.812
FRA,2016,3,0.812
FRA,2017,3,0.817
FRA,2018,3,0.802
FRA,2019,3,0.793
FRA,2020,3,0.789
FRA,2021,3,0.789
FRA,2022,3,0.807
FRA,2023,3,0.807
FRA,2024,3,0.800
FRA,2025,3,0.800
GAB,1946,0,0.048
GAB,1947,0,0.048
GAB,1948,0,0.048
GAB,1949,0,0.049
GAB,1950,0,0.062
GAB,1951,0,0.062
GAB,1952,0,0.062
GAB,1953,0,0.062
GAB,1954,0,0.062
GAB,1955,0,0.062
GAB,1956,0,0.062
GAB,1957,0,0.071
GAB,1958,0,0.080
GAB,1959,0,0.080
GAB,1960,1,0.106
GAB,1961,1,0.114
GAB,1962,1,0.114
GAB,1963,1,0.114
GAB,1964,0,0.076
GAB,1965,0,0.093
GAB,1966,0,0.091
GAB,1967,0,0.091
GAB,1968,0,0.101
GAB,1969,0,0.101
GAB,1970,0,0.102
GAB,1971,0,0.101
GAB,1972,0,0.101
GAB,1973,0,0.101
GAB,1974,0,0.101
GAB,1975,0,0.101
GAB,1976,0,0.101
GAB,1977,0,0.101
GAB,1978,0,0.101
GAB,1979,0,0.101
GAB,1980,0,0.102
GAB,1981,0,0.102
GAB,1982,0,0.102
GAB,1983,0,0.102
GAB,1984,0,0.102
GAB,1985,0,0.102
GAB,1986,0,0.102
GAB,1987,0,0.102
GAB,1988,0,0.102
GAB,1989,0,0.102
GAB,1990,0,0.152
GAB,1991,1,0.189
GAB,1992,1,0.197
GAB,1993,1,0.197
GAB,1994,1,0.199
GAB,1995,1,0.199
GAB,1996,1,0.198
GAB,1997,1,0.203
GAB,1998,1,0.203
GAB,1999,1,0.203
GAB,2000,1,0.199
GAB,2001,1,0.200
GAB,2002,1,0.202
GAB,2003,1,0.202
GAB,2004,1,0.202
GAB,2005,1,0.203
GAB,2006,1,0.204
GAB,2007,1,0.204
GAB,2008,1,0.204
GAB,2009,1,0.204
GAB,2010,1,0.206
GAB,2011,1,0.206
GAB,2012,1,0.210
GAB,2013,1,0.223
GAB,2014,1,0.223
GAB,2015,1,0.223
GAB,2016,1,0.224
GAB,2017,1,0.233
GAB,2018,1,0.212
GAB,2019,1,0.201
GAB,2020,1,0.196
GAB,2021,1,0.199
GAB,2022,1,0.199
GAB,2023,0,0.185
GAB,2024,0,0.151
GAB,2025,1,0.178
GBR,1946,3,0.679
GBR,1947,3,0.682
GBR,1948,3,0.682
GBR,1949,3,0.682
GBR,1950,3,0.699
GBR,1951,3,0.699
GBR,1952,3,0.698
GBR,1953,3,0.698
GBR,1954,3,0.698
GBR,1955,3,0.695
GBR,1956,3,0.693
GBR,1957,3,0.693
GBR,1958,3,0.693
GBR,1959,3,0.694
GBR,1960,3,0.698
GBR,1961,3,0.699
GBR,1962,3,0.699
GBR,1963,3,0.699
GBR,1964,3,0.714
GBR,1965,3,0.729
GBR,1966,3,0.728
GBR,1967,3,0.731
GBR,1968,3,0.721
GBR,1969,3,0.722
GBR,1970,3,0.729
GBR,1971,3,0.734
GBR,1972,3,0.734
GBR,1973,3,0.734
GBR,1974,3,0.741
GBR,1975,3,0.742
GBR,1976,3,0.742
GBR,1977,3,0.742
GBR,1978,3,0.742
GBR,1979,3,0.732
GBR,1980,3,0.719
GBR,1981,3,0.726
GBR,1982,3,0.726
GBR,1983,3,0.724
GBR,1984,3,0.723
GBR,1985,3,0.723
GBR,1986,3,0.723
GBR,1987,3,0.724
GBR,1988,3,0.726
GBR,1989,3,0.726
GBR,1990,3,0.742
GBR,1991,3,0.742
GBR,1992,3,0.742
GBR,1993,3,0.747
GBR,1994,3,0.751
GBR,1995,3,0.751
GBR,1996,3,0.751
GBR,1997,3,0.746
GBR,1998,3,0.749
GBR,1999,3,0.770
GBR,2000,3,0.785
GBR,2001,3,0.792
GBR,2002,3,0.793
GBR,2003,3,0.793
GBR,2004,3,0.793
GBR,2005,3,0.800
GBR,2006,3,0.807
GBR,2007,3,0.807
GBR,2008,3,0.807
GBR,2009,3,0.807
GBR,2010,3,0.802
GBR,2011,3,0.801
GBR,2012,3,0.804
GBR,2013,3,0.796
GBR,2014,3,0.794
GBR,2015,3,0.788
GBR,2016,3,0.787
GBR,2017,3,0.801
GBR,2018,3,0.811
GBR,2019,3,0.787
GBR,2020,3,0.800
GBR,2021,3,0.781
GBR,2022,3,0.768
GBR,2023,3,0.771
GBR,2024,2,0.750
GBR,2025,2,0.689
GEO,1946,0,0.015
GEO,1947,0,0.015
GEO,1948,0,0.015
GEO,1949,0,0.015
GEO,1950,0,0.015
GEO,1951,0,0.015
GEO,1952,0,0.015
GEO,1953,0,0.015
GEO,1954,0,0.021
GEO,1955,0,0.021
GEO,1956,0,0.022
GEO,1957,0,0.024
GEO,1958,0,0.024
GEO,1959,0,0.024
GEO,1960,0,0.024
GEO,1961,0,0.024
GEO,1962,0,0.023
GEO,1963,0,0.023
GEO,1964,0,0.023
GEO,1965,0,0.023
GEO,1966,0,0.023
GEO,1967,0,0.023
GEO,1968,0,0.023
GEO,1969,0,0.023
GEO,1970,0,0.024
GEO,1971,0,0.025
GEO,1972,0,0.025
GEO,1973,0,0.025
GEO,1974,0,0.025
GEO,1975,0,0.025
GEO,1976,0,0.025
GEO,1977,0,0.024
GEO,1978,0,0.024
GEO,1979,0,0.025
GEO,1980,0,0.028
GEO,1981,0,0.028
GEO,1982,0,0.028
GEO,1983,0,0.027
GEO,1984,0,0.027
GEO,1985,0,0.029
GEO,1986,0,0.037
GEO,1987,0,0.041
GEO,1988,0,0.043
GEO,1989,0,0.064
GEO,1990,1,0.131
GEO,1991,1,0.140
GEO,1992,1,0.098
GEO,1993,1,0.158
GEO,1994,1,0.165
GEO,1995,1,0.182
GEO,1996,1,0.208
GEO,1997,1,0.207
GEO,1998,1,0.213
GEO,1999,1,0.214
GEO,2000,1,0.205
GEO,2001,1,0.209
GEO,2002,1,0.208
GEO,2003,1,0.220
GEO,2004,2,0.357
GEO,2005,2,0.373
GEO,2006,2,0.378
GEO,2007,2,0.369
GEO,2008,1,0.339
GEO,2009,1,0.340
GEO,2010,1,0.340
GEO,2011,1,0.344
GEO,2012,2,0.361
GEO,2013,2,0.456
GEO,2014,2,0.500
GEO,2015,2,0.504
GEO,2016,2,0.518
GEO,2017,2,0.498
GEO,2018,2,0.514
GEO,2019,2,0.480
GEO,2020,2,0.470
GEO,2021,2,0.454
GEO,2022,2,0.464
GEO,2023,2,0.456
GEO,2024,1,0.327
GEO,2025,1,0.275
GER,1949,3,0.742
GER,1950,3,0.765
GER,1951,3,0.765
GER,1952,3,0.752
GER,1953,3,0.765
GER,1954,3,0.781
GER,1955,3,0.781
GER,1956,3,0.778
GER,1957,3,0.786
GER,1958,3,0.785
GER,1959,3,0.785
GER,1960,3,0.785
GER,1961,3,0.789
GER,1962,3,0.794
GER,1963,3,0.799
GER,1964,3,0.799
GER,1965,3,0.800
GER,1966,3,0.796
GER,1967,3,0.796
GER,1968,3,0.796
GER,1969,3,0.795
GER,1970,3,0.811
GER,1971,3,0.810
GER,1972,3,0.810
GER,1973,3,0.808
GER,1974,3,0.808
GER,1975,3,0.808
GER,1976,3,0.809
GER,1977,3,0.809
GER,1978,3,0.814
GER,1979,3,0.816
GER,1980,3,0.822
GER,1981,3,0.824
GER,1982,3,0.824
GER,1983,3,0.820
GER,1984,3,0.819
GER,1985,3,0.819
GER,1986,3,0.819
GER,1987,3,0.823
GER,1988,3,0.824
GER,1989,3,0.824
GER,1990,3,0.853
GHA,1946,0,0.105
GHA,1947,0,0.107
GHA,1948,0,0.107
GHA,1949,0,0.108
GHA,1950,0,0.113
GHA,1951,0,0.202
GHA,1952,0,0.206
GHA,1953,0,0.206
GHA,1954,0,0.214
GHA,1955,0,0.213
GHA,1956,0,0.213
GHA,1957,1,0.311
GHA,1958,1,0.293
GHA,1959,1,0.288
GHA,1960,1,0.269
GHA,1961,1,0.249
GHA,1962,1,0.227
GHA,1963,1,0.225
GHA,1964,1,0.217
GHA,1965,1,0.205
GHA,1966,0,0.110
GHA,1967,0,0.101
GHA,1968,0,0.101
GHA,1969,1,0.189
GHA,1970,1,0.322
GHA,1971,1,0.349
GHA,1972,0,0.111
GHA,1973,0,0.088
GHA,1974,0,0.088
GHA,1975,0,0.088
GHA,1976,0,0.088
GHA,1977,0,0.088
GHA,1978,0,0.088
GHA,1979,1,0.222
GHA,1980,2,0.405
GHA,1981,0,0.221
GHA,1982,0,0.076
GHA,1983,0,0.077
GHA,1984,0,0.077
GHA,1985,0,0.078
GHA,1986,0,0.078
GHA,1987,0,0.082
GHA,1988,0,0.088
GHA,1989,0,0.087
GHA,1990,0,0.097
GHA,1991,0,0.097
GHA,1992,0,0.114
GHA,1993,1,0.334
GHA,1994,1,0.388
GHA,1995,1,0.396
GHA,1996,2,0.425
GHA,1997,2,0.505
GHA,1998,2,0.505
GHA,1999,2,0.504
GHA,2000,2,0.570
GHA,2001,2,0.622
GHA,2002,2,0.629
GHA,2003,3,0.631
GHA,2004,3,0.635
GHA,2005,3,0.634
GHA,2006,3,0.634
GHA,2007,3,0.636
GHA,2008,3,0.632
GHA,2009,3,0.652
GHA,2010,3,0.663
GHA,2011,3,0.663
GHA,2012,3,0.661
GHA,2013,3,0.635
GHA,2014,3,0.630
GHA,2015,2,0.631
GHA,2016,2,0.610
GHA,2017,2,0.628
GHA,2018,2,0.623
GHA,2019,2,0.606
GHA,2020,2,0.604
GHA,2021,2,0.554
GHA,2022,2,0.559
GHA,2023,2,0.555
GHA,2024,2,0.560
GHA,2025,2,0.606
GIN,1946,0,0.035
GIN,1947,0,0.049
GIN,1948,0,0.049
GIN,1949,0,0.049
GIN,1950,0,0.049
GIN,1951,0,0.049
GIN,1952,0,0.041
GIN,1953,0,0.046
GIN,1954,0,0.045
GIN,1955,0,0.045
GIN,1956,0,0.045
GIN,1957,0,0.057
GIN,1958,1,0.054
GIN,1959,1,0.057
GIN,1960,1,0.047
GIN,1961,0,0.040
GIN,1962,0,0.040
GIN,1963,0,0.038
GIN,1964,0,0.038
GIN,1965,0,0.037
GIN,1966,0,0.037
GIN,1967,0,0.037
GIN,1968,0,0.037
GIN,1969,0,0.036
GIN,1970,0,0.035
GIN,1971,0,0.035
GIN,1972,0,0.035
GIN,1973,0,0.035
GIN,1974,0,0.035
GIN,1975,0,0.036
GIN,1976,0,0.036
GIN,1977,0,0.036
GIN,1978,0,0.036
GIN,1979,0,0.036
GIN,1980,0,0.036
GIN,1981,0,0.036
GIN,1982,0,0.037
GIN,1983,0,0.037
GIN,1984,0,0.031
GIN,1985,0,0.040
GIN,1986,0,0.040
GIN,1987,0,0.039
GIN,1988,0,0.039
GIN,1989,0,0.039
GIN,1990,0,0.047
GIN,1991,0,0.074
GIN,1992,0,0.079
GIN,1993,0,0.081
GIN,1994,1,0.085
GIN,1995,1,0.102
GIN,1996,1,0.109
GIN,1997,1,0.107
GIN,1998,1,0.108
GIN,1999,1,0.110
GIN,2000,1,0.110
GIN,2001,1,0.111
GIN,2002,1,0.110
GIN,2003,1,0.117
GIN,2004,1,0.116
GIN,2005,1,0.117
GIN,2006,1,0.118
GIN,2007,1,0.123
GIN,2008,0,0.096
GIN,2009,0,0.056
GIN,2010,,0.092
GIN,2011,1,0.115
GIN,2012,1,0.115
GIN,2013,1,0.117
GIN,2014,1,0.161
GIN,2015,1,0.161
GIN,2016,1,0.166
GIN,2017,1,0.161
GIN,2018,1,0.158
GIN,2019,1,0.141
GIN,2020,1,0.113
GIN,2021,0,0.098
GIN,2022,0,0.082
GIN,2023,0,0.079
GIN,2024,0,0.075
GIN,2025,0,0.095
GMB,1946,0,0.121
GMB,1947,0,0.125
GMB,1948,0,0.137
GMB,1949,0,0.137
GMB,1950,0,0.139
GMB,1951,0,0.140
GMB,1952,0,0.139
GMB,1953,0,0.139
GMB,1954,0,0.139
GMB,1955,0,0.140
GMB,1956,0,0.140
GMB,1957,0,0.140
GMB,1958,0,0.140
GMB,1959,0,0.140
GMB,1960,0,0.163
GMB,1961,0,0.174
GMB,1962,1,0.203
GMB,1963,1,0.219
GMB,1964,1,0.219
GMB,1965,1,0.234
GMB,1966,1,0.292
GMB,1967,1,0.299
GMB,1968,1,0.299
GMB,1969,1,0.299
GMB,1970,1,0.348
GMB,1971,1,0.350
GMB,1972,1,0.339
GMB,1973,1,0.336
GMB,1974,1,0.336
GMB,1975,1,0.336
GMB,1976,1,0.336
GMB,1977,1,0.327
GMB,1978,1,0.325
GMB,1979,1,0.325
GMB,1980,1,0.325
GMB,1981,1,0.316
GMB,1982,1,0.317
GMB,1983,1,0.322
GMB,1984,1,0.321
GMB,1985,1,0.327
GMB,1986,1,0.327
GMB,1987,1,0.331
GMB,1988,1,0.332
GMB,1989,1,0.332
GMB,1990,1,0.332
GMB,1991,1,0.332
GMB,1992,1,0.330
GMB,1993,1,0.318
GMB,1994,1,0.139
GMB,1995,0,0.074
GMB,1996,,0.080
GMB,1997,1,0.126
GMB,1998,1,0.129
GMB,1999,1,0.127
GMB,2000,1,0.123
GMB,2001,1,0.123
GMB,2002,1,0.121
GMB,2003,1,0.119
GMB,2004,1,0.116
GMB,2005,1,0.116
GMB,2006,1,0.114
GMB,2007,1,0.112
GMB,2008,1,0.111
GMB,2009,1,0.111
GMB,2010,1,0.112
GMB,2011,1,0.112
GMB,2012,1,0.113
GMB,2013,1,0.105
GMB,2014,1,0.105
GMB,2015,1,0.106
GMB,2016,1,0.110
GMB,2017,1,0.393
GMB,2018,2,0.422
GMB,2019,2,0.421
GMB,2020,1,0.403
GMB,2021,2,0.417
GMB,2022,2,0.500
GMB,2023,2,0.516
GMB,2024,2,0.510
GMB,2025,2,0.522
GNB,1946,0,0.012
GNB,1947,0,0.012
GNB,1948,0,0.012
GNB,1949,0,0.012
GNB,1950,0,0.012
GNB,1951,0,0.012
GNB,1952,0,0.012
GNB,1953,0,0.012
GNB,1954,0,0.012
GNB,1955,0,0.012
GNB,1956,0,0.013
GNB,1957,0,0.013
GNB,1958,0,0.013
GNB,1959,0,0.013
GNB,1960,0,0.012
GNB,1961,0,0.012
GNB,1962,0,0.013
GNB,1963,0,0.012
GNB,1964,0,0.013
GNB,1965,0,0.013
GNB,1966,0,0.013
GNB,1967,0,0.013
GNB,1968,0,0.013
GNB,1969,0,0.013
GNB,1970,0,0.012
GNB,1971,0,0.012
GNB,1972,0,0.023
GNB,1973,0,0.025
GNB,1974,0,0.049
GNB,1975,0,0.054
GNB,1976,0,0.054
GNB,1977,0,0.056
GNB,1978,0,0.056
GNB,1979,0,0.056
GNB,1980,0,0.053
GNB,1981,0,0.045
GNB,1982,0,0.045
GNB,1983,0,0.045
GNB,1984,0,0.045
GNB,1985,0,0.045
GNB,1986,0,0.045
GNB,1987,0,0.045
GNB,1988,0,0.045
GNB,1989,0,0.045
GNB,1990,0,0.048
GNB,1991,0,0.048
GNB,1992,0,0.054
GNB,1993,0,0.078
GNB,1994,1,0.135
GNB,1995,1,0.203
GNB,1996,1,0.203
GNB,1997,1,0.201
GNB,1998,1,0.201
GNB,1999,1,0.201
GNB,2000,1,0.228
GNB,2001,1,0.232
GNB,2002,1,0.239
GNB,2003,0,0.202
GNB,2004,1,0.218
GNB,2005,1,0.263
GNB,2006,1,0.260
GNB,2007,1,0.259
GNB,2008,1,0.228
GNB,2009,1,0.261
GNB,2010,1,0.262
GNB,2011,1,0.260
GNB,2012,1,0.171
GNB,2013,0,0.195
GNB,2014,1,0.270
GNB,2015,2,0.290
GNB,2016,2,0.289
GNB,2017,1,0.286
GNB,2018,2,0.307
GNB,2019,2,0.327
GNB,2020,2,0.328
GNB,2021,2,0.321
GNB,2022,1,0.147
GNB,2023,1,0.231
GNB,2024,1,0.140
GNB,2025,0,0.095
GNQ,1946,0,0.012
GNQ,1947,0,0.012
GNQ,1948,0,0.012
GNQ,1949,0,0.012
GNQ,1950,0,0.015
GNQ,1951,0,0.015
GNQ,1952,0,0.015
GNQ,1953,0,0.015
GNQ,1954,0,0.015
GNQ,1955,0,0.015
GNQ,1956,0,0.015
GNQ,1957,0,0.015
GNQ,1958,0,0.015
GNQ,1959,0,0.019
GNQ,1960,0,0.036
GNQ,1961,0,0.036
GNQ,1962,0,0.036
GNQ,1963,0,0.037
GNQ,1964,0,0.045
GNQ,1965,0,0.046
GNQ,1966,0,0.046
GNQ,1967,0,0.046
GNQ,1968,1,0.064
GNQ,1969,1,0.045
GNQ,1970,1,0.020
GNQ,1971,1,0.010
GNQ,1972,,0.008
GNQ,1973,,0.008
GNQ,1974,,0.008
GNQ,1975,,0.008
GNQ,1976,,0.008
GNQ,1977,,0.008
GNQ,1978,,0.008
GNQ,1979,0,0.007
GNQ,1980,0,0.021
GNQ,1981,0,0.022
GNQ,1982,0,0.028
GNQ,1983,0,0.038
GNQ,1984,0,0.045
GNQ,1985,0,0.045
GNQ,1986,0,0.045
GNQ,1987,0,0.044
GNQ,1988,0,0.046
GNQ,1989,0,0.046
GNQ,1990,0,0.049
GNQ,1991,0,0.049
GNQ,1992,0,0.048
GNQ,1993,0,0.051
GNQ,1994,1,0.052
GNQ,1995,1,0.052
GNQ,1996,1,0.052
GNQ,1997,1,0.051
GNQ,1998,1,0.051
GNQ,1999,1,0.051
GNQ,2000,1,0.052
GNQ,2001,1,0.052
GNQ,2002,1,0.053
GNQ,2003,1,0.053
GNQ,2004,1,0.053
GNQ,2005,1,0.053
GNQ,2006,1,0.054
GNQ,2007,1,0.053
GNQ,2008,1,0.053
GNQ,2009,1,0.053
GNQ,2010,1,0.049
GNQ,2011,1,0.049
GNQ,2012,1,0.049
GNQ,2013,1,0.052
GNQ,2014,1,0.053
GNQ,2015,1,0.050
GNQ,2016,1,0.051
GNQ,2017,1,0.049
GNQ,2018,1,0.052
GNQ,2019,1,0.051
GNQ,2020,1,0.051
GNQ,2021,1,0.051
GNQ,2022,1,0.049
GNQ,2023,1,0.054
GNQ,2024,1,0.049
GNQ,2025,1,0.047
GRC,1946,0,0.147
GRC,1947,1,0.196
GRC,1948,1,0.198
GRC,1949,1,0.199
GRC,1950,1,0.238
GRC,1951,1,0.244
GRC,1952,1,0.255
GRC,1953,1,0.279
GRC,1954,1,0.296
GRC,1955,1,0.306
GRC,1956,1,0.309
GRC,1957,1,0.310
GRC,1958,1,0.309
GRC,1959,1,0.308
GRC,1960,1,0.308
GRC,1961,1,0.307
GRC,1962,1,0.304
GRC,1963,1,0.307
GRC,1964,1,0.317
GRC,1965,1,0.314
GRC,1966,1,0.284
GRC,1967,0,0.096
GRC,1968,0,0.066
GRC,1969,0,0.066
GRC,1970,0,0.066
GRC,1971,0,0.066
GRC,1972,0,0.066
GRC,1973,0,0.066
GRC,1974,1,0.093
GRC,1975,2,0.601
GRC,1976,3,0.700
GRC,1977,3,0.730
GRC,1978,3,0.730
GRC,1979,3,0.730
GRC,1980,3,0.730
GRC,1981,3,0.738
GRC,1982,3,0.751
GRC,1983,3,0.751
GRC,1984,3,0.762
GRC,1985,3,0.763
GRC,1986,3,0.764
GRC,1987,3,0.768
GRC,1988,3,0.768
GRC,1989,3,0.773
GRC,1990,3,0.788
GRC,1991,3,0.788
GRC,1992,3,0.789
GRC,1993,3,0.790
GRC,1994,3,0.792
GRC,1995,3,0.793
GRC,1996,3,0.797
GRC,1997,3,0.798
GRC,1998,3,0.798
GRC,1999,3,0.798
GRC,2000,3,0.798
GRC,2001,3,0.802
GRC,2002,3,0.802
GRC,2003,3,0.802
GRC,2004,3,0.803
GRC,2005,3,0.804
GRC,2006,3,0.803
GRC,2007,3,0.805
GRC,2008,3,0.811
GRC,2009,3,0.812
GRC,2010,3,0.812
GRC,2011,3,0.814
GRC,2012,3,0.810
GRC,2013,3,0.801
GRC,2014,3,0.804
GRC,2015,3,0.785
GRC,2016,3,0.776
GRC,2017,3,0.775
GRC,2018,3,0.767
GRC,2019,3,0.763
GRC,2020,2,0.669
GRC,2021,2,0.630
GRC,2022,2,0.607
GRC,2023,2,0.573
GRC,2024,2,0.565
GRC,2025,2,0.568
GTM,1946,1,0.224
GTM,1947,1,0.235
GTM,1948,1,0.231
GTM,1949,1,0.226
GTM,1950,1,0.225
GTM,1951,1,0.224
GTM,1952,1,0.222
GTM,1953,1,0.188
GTM,1954,0,0.118
GTM,1955,0,0.055
GTM,1956,0,0.065
GTM,1957,0,0.068
GTM,1958,0,0.079
GTM,1959,0,0.079
GTM,1960,0,0.078
GTM,1961,0,0.079
GTM,1962,0,0.077
GTM,1963,0,0.060
GTM,1964,0,0.056
GTM,1965,0,0.055
GTM,1966,1,0.078
GTM,1967,1,0.089
GTM,1968,1,0.087
GTM,1969,1,0.087
GTM,1970,1,0.080
GTM,1971,1,0.079
GTM,1972,1,0.079
GTM,1973,1,0.079
GTM,1974,1,0.079
GTM,1975,1,0.080
GTM,1976,1,0.079
GTM,1977,1,0.077
GTM,1978,1,0.067
GTM,1979,1,0.066
GTM,1980,1,0.066
GTM,1981,1,0.066
GTM,1982,0,0.050
GTM,1983,0,0.050
GTM,1984,0,0.055
GTM,1985,0,0.067
GTM,1986,1,0.165
GTM,1987,1,0.195
GTM,1988,1,0.195
GTM,1989,1,0.195
GTM,1990,1,0.205
GTM,1991,1,0.208
GTM,1992,1,0.208
GTM,1993,1,0.216
GTM,1994,1,0.229
GTM,1995,1,0.240
GTM,1996,1,0.261
GTM,1997,1,0.282
GTM,1998,1,0.284
GTM,1999,1,0.291
GTM,2000,2,0.362
GTM,2001,2,0.362
GTM,2002,2,0.362
GTM,2003,2,0.363
GTM,2004,2,0.372
GTM,2005,2,0.373
GTM,2006,2,0.374
GTM,2007,2,0.386
GTM,2008,2,0.395
GTM,2009,2,0.396
GTM,2010,2,0.397
GTM,2011,2,0.393
GTM,2012,2,0.391
GTM,2013,2,0.410
GTM,2014,2,0.412
GTM,2015,2,0.425
GTM,2016,2,0.451
GTM,2017,2,0.444
GTM,2018,2,0.415
GTM,2019,2,0.415
GTM,2020,2,0.402
GTM,2021,2,0.359
GTM,2022,2,0.314
GTM,2023,2,0.338
GTM,2024,2,0.492
GTM,2025,2,0.523
GUY,1946,0,0.185
GUY,1947,0,0.186
GUY,1948,0,0.185
GUY,1949,0,0.185
GUY,1950,0,0.189
GUY,1951,0,0.189
GUY,1952,0,0.203
GUY,1953,0,0.192
GUY,1954,0,0.157
GUY,1955,0,0.157
GUY,1956,0,0.157
GUY,1957,0,0.178
GUY,1958,0,0.218
GUY,1959,0,0.218
GUY,1960,0,0.216
GUY,1961,0,0.215
GUY,1962,0,0.210
GUY,1963,0,0.210
GUY,1964,0,0.210
GUY,1965,0,0.206
GUY,1966,1,0.197
GUY,1967,1,0.257
GUY,1968,1,0.252
GUY,1969,1,0.220
GUY,1970,1,0.213
GUY,1971,1,0.213
GUY,1972,1,0.210
GUY,1973,1,0.206
GUY,1974,1,0.200
GUY,1975,1,0.200
GUY,1976,1,0.199
GUY,1977,1,0.197
GUY,1978,1,0.196
GUY,1979,1,0.196
GUY,1980,1,0.181
GUY,1981,1,0.174
GUY,1982,1,0.174
GUY,1983,1,0.174
GUY,1984,1,0.176
GUY,1985,1,0.176
GUY,1986,1,0.201
GUY,1987,1,0.204
GUY,1988,1,0.209
GUY,1989,1,0.209
GUY,1990,1,0.218
GUY,1991,1,0.216
GUY,1992,1,0.256
GUY,1993,1,0.296
GUY,1994,1,0.298
GUY,1995,1,0.298
GUY,1996,1,0.298
GUY,1997,1,0.304
GUY,1998,2,0.336
GUY,1999,2,0.337
GUY,2000,2,0.334
GUY,2001,2,0.353
GUY,2002,2,0.362
GUY,2003,2,0.372
GUY,2004,2,0.372
GUY,2005,2,0.372
GUY,2006,2,0.369
GUY,2007,2,0.366
GUY,2008,2,0.366
GUY,2009,2,0.369
GUY,2010,2,0.369
GUY,2011,2,0.369
GUY,2012,2,0.369
GUY,2013,2,0.386
GUY,2014,2,0.385
GUY,2015,2,0.444
GUY,2016,2,0.456
GUY,2017,2,0.457
GUY,2018,2,0.450
GUY,2019,2,0.426
GUY,2020,2,0.386
GUY,2021,1,0.335
GUY,2022,1,0.329
GUY,2023,1,0.313
GUY,2024,1,0.314
GUY,2025,2,0.328
HKG,1946,0,0.173
HKG,1947,0,0.173
HKG,1948,0,0.173
HKG,1949,0,0.173
HKG,1950,0,0.174
HKG,1951,0,0.174
HKG,1952,0,0.174
HKG,1953,0,0.174
HKG,1954,0,0.174
HKG,1955,0,0.174
HKG,1956,0,0.174
HKG,1957,0,0.174
HKG,1958,0,0.174
HKG,1959,0,0.174
HKG,1960,0,0.181
HKG,1961,0,0.181
HKG,1962,0,0.181
HKG,1963,0,0.181
HKG,1964,0,0.181
HKG,1965,0,0.180
HKG,1966,0,0.180
HKG,1967,0,0.179
HKG,1968,0,0.182
HKG,1969,0,0.182
HKG,1970,0,0.188
HKG,1971,0,0.188
HKG,1972,0,0.188
HKG,1973,0,0.188
HKG,1974,0,0.194
HKG,1975,0,0.194
HKG,1976,0,0.195
HKG,1977,0,0.195
HKG,1978,0,0.196
HKG,1979,0,0.196
HKG,1980,0,0.204
HKG,1981,0,0.204
HKG,1982,0,0.204
HKG,1983,0,0.204
HKG,1984,0,0.205
HKG,1985,0,0.211
HKG,1986,0,0.215
HKG,1987,0,0.215
HKG,1988,0,0.216
HKG,1989,0,0.216
HKG,1990,0,0.252
HKG,1991,0,0.275
HKG,1992,0,0.317
HKG,1993,0,0.318
HKG,1994,0,0.318
HKG,1995,0,0.320
HKG,1996,0,0.320
HKG,1997,0,0.322
HKG,1998,0,0.325
HKG,1999,0,0.325
HKG,2000,0,0.325
HKG,2001,0,0.325
HKG,2002,0,0.325
HKG,2003,0,0.325
HKG,2004,0,0.325
HKG,2005,0,0.324
HKG,2006,0,0.324
HKG,2007,0,0.324
HKG,2008,0,0.324
HKG,2009,0,0.324
HKG,2010,0,0.323
HKG,2011,0,0.322
HKG,2012,0,0.316
HKG,2013,0,0.314
HKG,2014,0,0.311
HKG,2015,0,0.303
HKG,2016,0,0.294
HKG,2017,0,0.289
HKG,2018,0,0.281
HKG,2019,0,0.267
HKG,2020,0,0.204
HKG,2021,0,0.168
HKG,2022,0,0.149
HKG,2023,0,0.139
HKG,2024,0,0.142
HKG,2025,0,0.142
HND,1946,1,0.070
HND,1947,1,0.071
HND,1948,1,0.073
HND,1949,1,0.079
HND,1950,1,0.121
HND,1951,1,0.121
HND,1952,1,0.121
HND,1953,1,0.121
HND,1954,1,0.127
HND,1955,0,0.080
HND,1956,1,0.087
HND,1957,1,0.086
HND,1958,0,0.089
HND,1959,0,0.088
HND,1960,0,0.088
HND,1961,0,0.087
HND,1962,0,0.089
HND,1963,0,0.078
HND,1964,0,0.058
HND,1965,1,0.057
HND,1966,0,0.055
HND,1967,0,0.055
HND,1968,0,0.054
HND,1969,0,0.054
HND,1970,0,0.054
HND,1971,1,0.095
HND,1972,0,0.108
HND,1973,0,0.062
HND,1974,0,0.062
HND,1975,0,0.062
HND,1976,0,0.063
HND,1977,0,0.062
HND,1978,0,0.055
HND,1979,0,0.055
HND,1980,0,0.074
HND,1981,0,0.097
HND,1982,1,0.172
HND,1983,1,0.186
HND,1984,1,0.186
HND,1985,1,0.188
HND,1986,1,0.191
HND,1987,1,0.192
HND,1988,1,0.196
HND,1989,1,0.197
HND,1990,1,0.257
HND,1991,1,0.263
HND,1992,1,0.267
HND,1993,1,0.264
HND,1994,2,0.286
HND,1995,2,0.300
HND,1996,2,0.305
HND,1997,2,0.307
HND,1998,2,0.309
HND,1999,2,0.316
HND,2000,2,0.326
HND,2001,2,0.326
HND,2002,2,0.327
HND,2003,2,0.333
HND,2004,2,0.333
HND,2005,2,0.331
HND,2006,2,0.312
HND,2007,2,0.315
HND,2008,2,0.323
HND,2009,1,0.283
HND,2010,1,0.239
HND,2011,1,0.248
HND,2012,1,0.240
HND,2013,1,0.255
HND,2014,1,0.270
HND,2015,1,0.245
HND,2016,1,0.254
HND,2017,1,0.244
HND,2018,1,0.233
HND,2019,1,0.229
HND,2020,1,0.233
HND,2021,1,0.248
HND,2022,2,0.389
HND,2023,2,0.398
HND,2024,2,0.383
HND,2025,2,0.380
HRV,1946,0,0.073
HRV,1947,0,0.071
HRV,1948,0,0.071
HRV,1949,0,0.081
HRV,1950,0,0.088
HRV,1951,0,0.092
HRV,1952,0,0.093
HRV,1953,0,0.097
HRV,1954,0,0.097
HRV,1955,0,0.098
HRV,1956,0,0.098
HRV,1957,0,0.098
HRV,1958,0,0.097
HRV,1959,0,0.097
HRV,1960,0,0.097
HRV,1961,0,0.097
HRV,1962,0,0.097
HRV,1963,0,0.113
HRV,1964,0,0.113
HRV,1965,0,0.116
HRV,1966,0,0.116
HRV,1967,0,0.117
HRV,1968,0,0.117
HRV,1969,0,0.117
HRV,1970,0,0.117
HRV,1971,0,0.117
HRV,1972,0,0.117
HRV,1973,0,0.117
HRV,1974,0,0.120
HRV,1975,0,0.122
HRV,1976,0,0.122
HRV,1977,0,0.122
HRV,1978,0,0.122
HRV,1979,0,0.120
HRV,1980,0,0.125
HRV,1981,0,0.133
HRV,1982,0,0.135
HRV,1983,0,0.135
HRV,1984,0,0.135
HRV,1985,0,0.135
HRV,1986,0,0.135
HRV,1987,0,0.135
HRV,1988,0,0.138
HRV,1989,0,0.129
HRV,1990,0,0.150
HRV,1991,0,0.160
HRV,1992,1,0.180
HRV,1993,1,0.213
HRV,1994,1,0.214
HRV,1995,1,0.219
HRV,1996,1,0.242
HRV,1997,1,0.259
HRV,1998,1,0.261
HRV,1999,1,0.272
HRV,2000,2,0.610
HRV,2001,2,0.622
HRV,2002,2,0.622
HRV,2003,2,0.624
HRV,2004,2,0.606
HRV,2005,2,0.635
HRV,2006,2,0.630
HRV,2007,2,0.642
HRV,2008,2,0.638
HRV,2009,2,0.653
HRV,2010,2,0.730
HRV,2011,2,0.744
HRV,2012,2,0.744
HRV,2013,2,0.710
HRV,2014,2,0.704
HRV,2015,2,0.703
HRV,2016,2,0.651
HRV,2017,2,0.623
HRV,2018,2,0.615
HRV,2019,2,0.617
HRV,2020,2,0.647
HRV,2021,2,0.641
HRV,2022,2,0.636
HRV,2023,2,0.628
HRV,2024,2,0.607
HRV,2025,2,0.593
HTI,1946,1,0.079
HTI,1947,1,0.098
HTI,1948,1,0.098
HTI,1949,1,0.098
HTI,1950,1,0.057
HTI,1951,1,0.109
HTI,1952,1,0.109
HTI,1953,1,0.109
HTI,1954,1,0.109
HTI,1955,1,0.109
HTI,1956,1,0.058
HTI,1957,1,0.033
HTI,1958,1,0.031
HTI,1959,1,0.030
HTI,1960,1,0.030
HTI,1961,0,0.030
HTI,1962,0,0.030
HTI,1963,0,0.030
HTI,1964,0,0.030
HTI,1965,0,0.030
HTI,1966,0,0.030
HTI,1967,0,0.030
HTI,1968,0,0.030
HTI,1969,0,0.030
HTI,1970,0,0.030
HTI,1971,0,0.033
HTI,1972,0,0.035
HTI,1973,1,0.035
HTI,1974,1,0.035
HTI,1975,1,0.035
HTI,1976,1,0.035
HTI,1977,1,0.035
HTI,1978,1,0.035
HTI,1979,1,0.035
HTI,1980,1,0.035
HTI,1981,1,0.034
HTI,1982,1,0.035
HTI,1983,1,0.023
HTI,1984,1,0.033
HTI,1985,1,0.035
HTI,1986,1,0.029
HTI,1987,1,0.076
HTI,1988,1,0.103
HTI,1989,0,0.076
HTI,1990,0,0.080
HTI,1991,1,0.166
HTI,1992,0,0.083
HTI,1993,0,0.089
HTI,1994,1,0.107
HTI,1995,1,0.238
HTI,1996,1,0.275
HTI,1997,1,0.287
HTI,1998,1,0.288
HTI,1999,1,0.282
HTI,2000,1,0.280
HTI,2001,1,0.270
HTI,2002,1,0.265
HTI,2003,1,0.259
HTI,2004,1,0.108
HTI,2005,0,0.097
HTI,2006,1,0.211
HTI,2007,1,0.299
HTI,2008,1,0.301
HTI,2009,1,0.296
HTI,2010,1,0.275
HTI,2011,1,0.262
HTI,2012,1,0.268
HTI,2013,1,0.262
HTI,2014,1,0.262
HTI,2015,1,0.243
HTI,2016,1,0.255
HTI,2017,1,0.251
HTI,2018,1,0.257
HTI,2019,1,0.247
HTI,2020,1,0.237
HTI,2021,0,0.204
HTI,2022,0,0.154
HTI,2023,0,0.084
HTI,2024,0,0.101
HTI,2025,0,0.098
HUN,1946,1,0.144
HUN,1947,1,0.144
HUN,1948,1,0.121
HUN,1949,1,0.082
HUN,1950,0,0.068
HUN,1951,0,0.069
HUN,1952,0,0.069
HUN,1953,0,0.075
HUN,1954,0,0.083
HUN,1955,0,0.075
HUN,1956,0,0.069
HUN,1957,0,0.071
HUN,1958,0,0.075
HUN,1959,0,0.078
HUN,1960,0,0.081
HUN,1961,0,0.082
HUN,1962,0,0.085
HUN,1963,0,0.083
HUN,1964,0,0.090
HUN,1965,0,0.091
HUN,1966,0,0.092
HUN,1967,0,0.091
HUN,1968,0,0.092
HUN,1969,0,0.095
HUN,1970,0,0.097
HUN,1971,0,0.098
HUN,1972,0,0.098
HUN,1973,0,0.098
HUN,1974,0,0.098
HUN,1975,0,0.098
HUN,1976,0,0.098
HUN,1977,0,0.098
HUN,1978,0,0.098
HUN,1979,0,0.098
HUN,1980,0,0.100
HUN,1981,0,0.100
HUN,1982,0,0.100
HUN,1983,0,0.100
HUN,1984,0,0.100
HUN,1985,0,0.104
HUN,1986,0,0.106
HUN,1987,0,0.109
HUN,1988,0,0.122
HUN,1989,1,0.186
HUN,1990,2,0.715
HUN,1991,3,0.757
HUN,1992,3,0.757
HUN,1993,3,0.757
HUN,1994,3,0.755
HUN,1995,3,0.756
HUN,1996,3,0.756
HUN,1997,3,0.757
HUN,1998,3,0.754
HUN,1999,3,0.750
HUN,2000,3,0.750
HUN,2001,3,0.750
HUN,2002,3,0.755
HUN,2003,3,0.759
HUN,2004,3,0.759
HUN,2005,3,0.754
HUN,2006,3,0.742
HUN,2007,3,0.765
HUN,2008,3,0.766
HUN,2009,3,0.766
HUN,2010,2,0.677
HUN,2011,2,0.639
HUN,2012,2,0.621
HUN,2013,2,0.575
HUN,2014,2,0.521
HUN,2015,2,0.477
HUN,2016,2,0.474
HUN,2017,2,0.432
HUN,2018,1,0.373
HUN,2019,1,0.364
HUN,2020,1,0.351
HUN,2021,1,0.346
HUN,2022,1,0.335
HUN,2023,1,0.323
HUN,2024,1,0.325
HUN,2025,1,0.315
IDN,1946,0,0.125
IDN,1947,0,0.125
IDN,1948,0,0.128
IDN,1949,0,0.145
IDN,1950,0,0.182
IDN,1951,0,0.195
IDN,1952,0,0.195
IDN,1953,0,0.197
IDN,1954,0,0.197
IDN,1955,1,0.207
IDN,1956,2,0.369
IDN,1957,2,0.316
IDN,1958,1,0.224
IDN,1959,1,0.178
IDN,1960,1,0.109
IDN,1961,0,0.105
IDN,1962,0,0.105
IDN,1963,0,0.103
IDN,1964,0,0.103
IDN,1965,0,0.089
IDN,1966,0,0.075
IDN,1967,0,0.069
IDN,1968,0,0.066
IDN,1969,0,0.067
IDN,1970,0,0.060
IDN,1971,1,0.062
IDN,1972,1,0.068
IDN,1973,1,0.068
IDN,1974,1,0.070
IDN,1975,1,0.068
IDN,1976,1,0.068
IDN,1977,1,0.060
IDN,1978,1,0.060
IDN,1979,1,0.058
IDN,1980,1,0.058
IDN,1981,1,0.058
IDN,1982,1,0.058
IDN,1983,1,0.058
IDN,1984,1,0.058
IDN,1985,1,0.057
IDN,1986,1,0.057
IDN,1987,1,0.057
IDN,1988,1,0.056
IDN,1989,1,0.056
IDN,1990,1,0.057
IDN,1991,1,0.057
IDN,1992,1,0.052
IDN,1993,1,0.052
IDN,1994,1,0.052
IDN,1995,1,0.052
IDN,1996,1,0.051
IDN,1997,1,0.052
IDN,1998,1,0.117
IDN,1999,2,0.417
IDN,2000,2,0.505
IDN,2001,2,0.505
IDN,2002,2,0.512
IDN,2003,2,0.512
IDN,2004,2,0.528
IDN,2005,2,0.534
IDN,2006,2,0.534
IDN,2007,2,0.537
IDN,2008,2,0.545
IDN,2009,2,0.526
IDN,2010,2,0.539
IDN,2011,2,0.538
IDN,2012,2,0.534
IDN,2013,2,0.520
IDN,2014,2,0.512
IDN,2015,2,0.511
IDN,2016,2,0.496
IDN,2017,2,0.484
IDN,2018,2,0.463
IDN,2019,2,0.459
IDN,2020,2,0.411
IDN,2021,2,0.398
IDN,2022,2,0.390
IDN,2023,2,0.348
IDN,2024,1,0.332
IDN,2025,1,0.296
IND,1946,1,0.165
IND,1947,1,0.142
IND,1948,0,0.153
IND,1949,0,0.154
IND,1950,0,0.262
IND,1951,1,0.286
IND,1952,2,0.461
IND,1953,2,0.506
IND,1954,2,0.506
IND,1955,2,0.506
IND,1956,2,0.506
IND,1957,2,0.513
IND,1958,2,0.514
IND,1959,2,0.514
IND,1960,2,0.514
IND,1961,2,0.514
IND,1962,2,0.501
IND,1963,2,0.499
IND,1964,2,0.499
IND,1965,2,0.489
IND,1966,2,0.488
IND,1967,2,0.502
IND,1968,2,0.506
IND,1969,2,0.506
IND,1970,2,0.493
IND,1971,2,0.458
IND,1972,2,0.455
IND,1973,2,0.455
IND,1974,2,0.425
IND,1975,1,0.286
IND,1976,1,0.265
IND,1977,1,0.345
IND,1978,2,0.514
IND,1979,2,0.515
IND,1980,2,0.503
IND,1981,2,0.499
IND,1982,2,0.497
IND,1983,2,0.498
IND,1984,2,0.494
IND,1985,2,0.517
IND,1986,2,0.521
IND,1987,2,0.521
IND,1988,2,0.517
IND,1989,2,0.517
IND,1990,2,0.540
IND,1991,2,0.561
IND,1992,2,0.572
IND,1993,2,0.576
IND,1994,2,0.582
IND,1995,2,0.582
IND,1996,2,0.588
IND,1997,2,0.591
IND,1998,2,0.593
IND,1999,2,0.586
IND,2000,2,0.584
IND,2001,2,0.584
IND,2002,2,0.587
IND,2003,2,0.583
IND,2004,2,0.578
IND,2005,2,0.573
IND,2006,2,0.569
IND,2007,2,0.569
IND,2008,2,0.569
IND,2009,2,0.539
IND,2010,2,0.532
IND,2011,2,0.532
IND,2012,2,0.525
IND,2013,2,0.522
IND,2014,2,0.488
IND,2015,2,0.417
IND,2016,2,0.406
IND,2017,1,0.371
IND,2018,1,0.363
IND,2019,1,0.324
IND,2020,1,0.292
IND,2021,1,0.307
IND,2022,1,0.291
IND,2023,1,0.273
IND,2024,1,0.281
IND,2025,1,0.260
IRL,1946,3,0.657
IRL,1947,3,0.657
IRL,1948,3,0.655
IRL,1949,3,0.663
IRL,1950,3,0.666
IRL,1951,3,0.666
IRL,1952,3,0.670
IRL,1953,3,0.670
IRL,1954,3,0.669
IRL,1955,3,0.669
IRL,1956,3,0.669
IRL,1957,3,0.670
IRL,1958,3,0.672
IRL,1959,3,0.673
IRL,1960,3,0.677
IRL,1961,3,0.683
IRL,1962,3,0.695
IRL,1963,3,0.696
IRL,1964,3,0.706
IRL,1965,3,0.703
IRL,1966,3,0.704
IRL,1967,3,0.706
IRL,1968,3,0.706
IRL,1969,3,0.703
IRL,1970,3,0.711
IRL,1971,3,0.711
IRL,1972,3,0.711
IRL,1973,3,0.711
IRL,1974,3,0.728
IRL,1975,3,0.728
IRL,1976,3,0.728
IRL,1977,3,0.728
IRL,1978,3,0.728
IRL,1979,3,0.728
IRL,1980,3,0.728
IRL,1981,3,0.734
IRL,1982,3,0.730
IRL,1983,3,0.734
IRL,1984,3,0.738
IRL,1985,3,0.742
IRL,1986,3,0.746
IRL,1987,3,0.754
IRL,1988,3,0.755
IRL,1989,3,0.752
IRL,1990,3,0.760
IRL,1991,3,0.779
IRL,1992,3,0.782
IRL,1993,3,0.788
IRL,1994,3,0.788
IRL,1995,3,0.789
IRL,1996,3,0.793
IRL,1997,3,0.802
IRL,1998,3,0.804
IRL,1999,3,0.804
IRL,2000,3,0.809
IRL,2001,3,0.809
IRL,2002,3,0.807
IRL,2003,3,0.806
IRL,2004,3,0.806
IRL,2005,3,0.806
IRL,2006,3,0.806
IRL,2007,3,0.815
IRL,2008,3,0.820
IRL,2009,3,0.820
IRL,2010,3,0.820
IRL,2011,3,0.821
IRL,2012,3,0.822
IRL,2013,3,0.823
IRL,2014,3,0.824
IRL,2015,3,0.825
IRL,2016,3,0.815
IRL,2017,3,0.821
IRL,2018,3,0.821
IRL,2019,3,0.822
IRL,2020,3,0.824
IRL,2021,3,0.833
IRL,2022,3,0.827
IRL,2023,3,0.829
IRL,2024,3,0.830
IRL,2025,3,0.822
IRN,1946,0,0.100
IRN,1947,0,0.100
IRN,1948,0,0.100
IRN,1949,0,0.100
IRN,1950,0,0.116
IRN,1951,0,0.125
IRN,1952,0,0.130
IRN,1953,0,0.090
IRN,1954,0,0.062
IRN,1955,0,0.073
IRN,1956,0,0.064
IRN,1957,0,0.064
IRN,1958,0,0.064
IRN,1959,0,0.065
IRN,1960,0,0.066
IRN,1961,0,0.068
IRN,1962,0,0.071
IRN,1963,0,0.072
IRN,1964,0,0.081
IRN,1965,0,0.081
IRN,1966,0,0.081
IRN,1967,0,0.081
IRN,1968,0,0.083
IRN,1969,0,0.083
IRN,1970,0,0.083
IRN,1971,0,0.083
IRN,1972,0,0.083
IRN,1973,0,0.083
IRN,1974,0,0.083
IRN,1975,0,0.081
IRN,1976,0,0.081
IRN,1977,0,0.081
IRN,1978,0,0.082
IRN,1979,0,0.077
IRN,1980,0,0.088
IRN,1981,0,0.094
IRN,1982,0,0.090
IRN,1983,0,0.085
IRN,1984,0,0.089
IRN,1985,0,0.090
IRN,1986,1,0.090
IRN,1987,1,0.103
IRN,1988,1,0.104
IRN,1989,1,0.108
IRN,1990,1,0.111
IRN,1991,1,0.111
IRN,1992,1,0.108
IRN,1993,1,0.118
IRN,1994,1,0.120
IRN,1995,1,0.120
IRN,1996,1,0.123
IRN,1997,1,0.149
IRN,1998,1,0.159
IRN,1999,1,0.160
IRN,2000,1,0.162
IRN,2001,1,0.154
IRN,2002,1,0.153
IRN,2003,1,0.153
IRN,2004,1,0.143
IRN,2005,1,0.128
IRN,2006,1,0.126
IRN,2007,1,0.127
IRN,2008,1,0.125
IRN,2009,1,0.122
IRN,2010,1,0.117
IRN,2011,1,0.118
IRN,2012,1,0.121
IRN,2013,1,0.129
IRN,2014,1,0.131
IRN,2015,1,0.136
IRN,2016,1,0.137
IRN,2017,1,0.134
IRN,2018,1,0.131
IRN,2019,1,0.126
IRN,2020,1,0.119
IRN,2021,1,0.091
IRN,2022,0,0.078
IRN,2023,0,0.077
IRN,2024,1,0.088
IRN,2025,1,0.103
IRQ,1946,0,0.161
IRQ,1947,0,0.162
IRQ,1948,0,0.162
IRQ,1949,0,0.162
IRQ,1950,0,0.164
IRQ,1951,0,0.164
IRQ,1952,0,0.164
IRQ,1953,1,0.174
IRQ,1954,1,0.169
IRQ,1955,1,0.185
IRQ,1956,1,0.185
IRQ,1957,1,0.185
IRQ,1958,1,0.128
IRQ,1959,0,0.079
IRQ,1960,0,0.079
IRQ,1961,0,0.077
IRQ,1962,0,0.076
IRQ,1963,0,0.054
IRQ,1964,0,0.065
IRQ,1965,0,0.068
IRQ,1966,0,0.068
IRQ,1967,0,0.070
IRQ,1968,0,0.070
IRQ,1969,0,0.065
IRQ,1970,0,0.062
IRQ,1971,0,0.062
IRQ,1972,0,0.062
IRQ,1973,0,0.062
IRQ,1974,0,0.062
IRQ,1975,0,0.062
IRQ,1976,0,0.062
IRQ,1977,0,0.062
IRQ,1978,0,0.062
IRQ,1979,0,0.058
IRQ,1980,0,0.056
IRQ,1981,0,0.067
IRQ,1982,0,0.066
IRQ,1983,0,0.066
IRQ,1984,0,0.066
IRQ,1985,0,0.066
IRQ,1986,0,0.066
IRQ,1987,0,0.066
IRQ,1988,0,0.066
IRQ,1989,0,0.066
IRQ,1990,0,0.062
IRQ,1991,0,0.060
IRQ,1992,0,0.060
IRQ,1993,0,0.060
IRQ,1994,0,0.060
IRQ,1995,1,0.062
IRQ,1996,1,0.070
IRQ,1997,1,0.070
IRQ,1998,1,0.070
IRQ,1999,1,0.070
IRQ,2000,0,0.069
IRQ,2001,0,0.069
IRQ,2002,0,0.095
IRQ,2003,0,0.118
IRQ,2004,0,0.107
IRQ,2005,1,0.107
IRQ,2006,1,0.233
IRQ,2007,1,0.261
IRQ,2008,1,0.261
IRQ,2009,1,0.257
IRQ,2010,1,0.251
IRQ,2011,1,0.251
IRQ,2012,1,0.250
IRQ,2013,1,0.238
IRQ,2014,1,0.237
IRQ,2015,1,0.236
IRQ,2016,1,0.238
IRQ,2017,1,0.233
IRQ,2018,1,0.238
IRQ,2019,1,0.226
IRQ,2020,1,0.212
IRQ,2021,1,0.218
IRQ,2022,1,0.204
IRQ,2023,1,0.208
IRQ,2024,1,0.210
IRQ,2025,1,0.220
ISL,1946,3,0.689
ISL,1947,3,0.688
ISL,1948,3,0.688
ISL,1949,3,0.688
ISL,1950,3,0.692
ISL,1951,3,0.692
ISL,1952,3,0.694
ISL,1953,3,0.698
ISL,1954,3,0.701
ISL,1955,3,0.701
ISL,1956,3,0.701
ISL,1957,3,0.700
ISL,1958,3,0.700
ISL,1959,3,0.701
ISL,1960,3,0.701
ISL,1961,3,0.703
ISL,1962,3,0.703
ISL,1963,3,0.702
ISL,1964,3,0.701
ISL,1965,3,0.701
ISL,1966,3,0.713
ISL,1967,3,0.719
ISL,1968,3,0.719
ISL,1969,3,0.717
ISL,1970,3,0.716
ISL,1971,3,0.717
ISL,1972,3,0.719
ISL,1973,3,0.719
ISL,1974,3,0.719
ISL,1975,3,0.720
ISL,1976,3,0.720
ISL,1977,3,0.720
ISL,1978,3,0.722
ISL,1979,3,0.722
ISL,1980,3,0.744
ISL,1981,3,0.744
ISL,1982,3,0.744
ISL,1983,3,0.741
ISL,1984,3,0.739
ISL,1985,3,0.739
ISL,1986,3,0.748
ISL,1987,3,0.769
ISL,1988,3,0.770
ISL,1989,3,0.768
ISL,1990,3,0.775
ISL,1991,3,0.776
ISL,1992,3,0.776
ISL,1993,3,0.776
ISL,1994,3,0.776
ISL,1995,3,0.778
ISL,1996,3,0.783
ISL,1997,3,0.783
ISL,1998,3,0.783
ISL,1999,3,0.781
ISL,2000,3,0.780
ISL,2001,3,0.780
ISL,2002,3,0.780
ISL,2003,3,0.781
ISL,2004,3,0.782
ISL,2005,3,0.781
ISL,2006,3,0.781
ISL,2007,3,0.787
ISL,2008,3,0.795
ISL,2009,3,0.796
ISL,2010,3,0.799
ISL,2011,3,0.795
ISL,2012,3,0.794
ISL,2013,3,0.775
ISL,2014,3,0.773
ISL,2015,3,0.777
ISL,2016,3,0.776
ISL,2017,3,0.779
ISL,2018,3,0.793
ISL,2019,3,0.784
ISL,2020,3,0.784
ISL,2021,3,0.745
ISL,2022,3,0.742
ISL,2023,3,0.751
ISL,2024,3,0.757
ISL,2025,3,0.720
ISR,1948,0,0.294
ISR,1949,2,0.479
ISR,1950,2,0.494
ISR,1951,2,0.496
ISR,1952,2,0.499
ISR,1953,2,0.490
ISR,1954,2,0.502
ISR,1955,2,0.504
ISR,1956,2,0.503
ISR,1957,2,0.511
ISR,1958,2,0.511
ISR,1959,2,0.502
ISR,1960,2,0.528
ISR,1961,2,0.534
ISR,1962,2,0.537
ISR,1963,2,0.537
ISR,1964,2,0.544
ISR,1965,2,0.533
ISR,1966,3,0.550
ISR,1967,3,0.571
ISR,1968,3,0.579
ISR,1969,3,0.583
ISR,1970,3,0.594
ISR,1971,3,0.594
ISR,1972,3,0.612
ISR,1973,3,0.616
ISR,1974,3,0.664
ISR,1975,3,0.664
ISR,1976,3,0.666
ISR,1977,3,0.668
ISR,1978,3,0.677
ISR,1979,3,0.677
ISR,1980,3,0.677
ISR,1981,3,0.678
ISR,1982,3,0.680
ISR,1983,3,0.680
ISR,1984,3,0.674
ISR,1985,3,0.670
ISR,1986,3,0.679
ISR,1987,3,0.687
ISR,1988,3,0.676
ISR,1989,3,0.689
ISR,1990,3,0.689
ISR,1991,3,0.690
ISR,1992,3,0.683
ISR,1993,3,0.683
ISR,1994,3,0.694
ISR,1995,3,0.694
ISR,1996,3,0.695
ISR,1997,3,0.696
ISR,1998,3,0.696
ISR,1999,3,0.696
ISR,2000,3,0.693
ISR,2001,3,0.688
ISR,2002,3,0.689
ISR,2003,3,0.683
ISR,2004,3,0.683
ISR,2005,3,0.683
ISR,2006,3,0.687
ISR,2007,3,0.684
ISR,2008,3,0.684
ISR,2009,3,0.680
ISR,2010,3,0.675
ISR,2011,3,0.675
ISR,2012,3,0.675
ISR,2013,3,0.655
ISR,2014,3,0.654
ISR,2015,3,0.654
ISR,2016,3,0.646
ISR,2017,3,0.632
ISR,2018,3,0.626
ISR,2019,3,0.623
ISR,2020,3,0.639
ISR,2021,3,0.639
ISR,2022,3,0.640
ISR,2023,2,0.616
ISR,2024,2,0.597
ISR,2025,2,0.588
ITA,1946,1,0.347
ITA,1947,2,0.492
ITA,1948,2,0.506
ITA,1949,2,0.548
ITA,1950,2,0.548
ITA,1951,2,0.548
ITA,1952,2,0.548
ITA,1953,2,0.552
ITA,1954,2,0.556
ITA,1955,2,0.556
ITA,1956,2,0.591
ITA,1957,2,0.591
ITA,1958,2,0.593
ITA,1959,2,0.595
ITA,1960,2,0.610
ITA,1961,2,0.609
ITA,1962,2,0.611
ITA,1963,2,0.618
ITA,1964,2,0.619
ITA,1965,2,0.619
ITA,1966,2,0.619
ITA,1967,2,0.619
ITA,1968,2,0.620
ITA,1969,2,0.624
ITA,1970,3,0.642
ITA,1971,3,0.641
ITA,1972,3,0.640
ITA,1973,3,0.645
ITA,1974,3,0.645
ITA,1975,3,0.651
ITA,1976,3,0.661
ITA,1977,3,0.665
ITA,1978,3,0.665
ITA,1979,3,0.664
ITA,1980,3,0.696
ITA,1981,3,0.709
ITA,1982,3,0.708
ITA,1983,3,0.712
ITA,1984,3,0.724
ITA,1985,3,0.724
ITA,1986,3,0.724
ITA,1987,3,0.725
ITA,1988,3,0.725
ITA,1989,3,0.725
ITA,1990,3,0.732
ITA,1991,3,0.738
ITA,1992,3,0.747
ITA,1993,3,0.749
ITA,1994,3,0.743
ITA,1995,3,0.744
ITA,1996,3,0.750
ITA,1997,3,0.758
ITA,1998,3,0.758
ITA,1999,3,0.758
ITA,2000,3,0.756
ITA,2001,3,0.746
ITA,2002,3,0.751
ITA,2003,3,0.753
ITA,2004,3,0.753
ITA,2005,3,0.761
ITA,2006,3,0.775
ITA,2007,3,0.782
ITA,2008,3,0.768
ITA,2009,3,0.775
ITA,2010,3,0.775
ITA,2011,3,0.786
ITA,2012,3,0.793
ITA,2013,3,0.786
ITA,2014,3,0.786
ITA,2015,3,0.786
ITA,2016,3,0.791
ITA,2017,3,0.797
ITA,2018,3,0.787
ITA,2019,3,0.777
ITA,2020,3,0.774
ITA,2021,3,0.774
ITA,2022,3,0.763
ITA,2023,3,0.727
ITA,2024,3,0.687
ITA,2025,3,0.642
JAM,1946,0,0.231
JAM,1947,0,0.235
JAM,1948,0,0.235
JAM,1949,0,0.235
JAM,1950,0,0.235
JAM,1951,0,0.235
JAM,1952,0,0.236
JAM,1953,1,0.300
JAM,1954,1,0.337
JAM,1955,1,0.345
JAM,1956,2,0.361
JAM,1957,2,0.361
JAM,1958,2,0.361
JAM,1959,2,0.355
JAM,1960,2,0.362
JAM,1961,2,0.362
JAM,1962,2,0.403
JAM,1963,2,0.412
JAM,1964,2,0.412
JAM,1965,2,0.406
JAM,1966,2,0.406
JAM,1967,2,0.383
JAM,1968,2,0.381
JAM,1969,2,0.386
JAM,1970,2,0.394
JAM,1971,2,0.394
JAM,1972,2,0.395
JAM,1973,2,0.398
JAM,1974,2,0.395
JAM,1975,2,0.396
JAM,1976,2,0.397
JAM,1977,1,0.372
JAM,1978,1,0.367
JAM,1979,1,0.375
JAM,1980,1,0.389
JAM,1981,1,0.370
JAM,1982,1,0.370
JAM,1983,1,0.372
JAM,1984,2,0.412
JAM,1985,2,0.414
JAM,1986,2,0.414
JAM,1987,2,0.414
JAM,1988,2,0.418
JAM,1989,2,0.431
JAM,1990,2,0.448
JAM,1991,2,0.448
JAM,1992,2,0.451
JAM,1993,2,0.473
JAM,1994,2,0.486
JAM,1995,2,0.489
JAM,1996,2,0.490
JAM,1997,2,0.499
JAM,1998,2,0.522
JAM,1999,2,0.522
JAM,2000,2,0.549
JAM,2001,2,0.549
JAM,2002,2,0.566
JAM,2003,2,0.617
JAM,2004,2,0.617
JAM,2005,2,0.629
JAM,2006,2,0.633
JAM,2007,2,0.644
JAM,2008,2,0.654
JAM,2009,2,0.654
JAM,2010,2,0.656
JAM,2011,2,0.651
JAM,2012,2,0.667
JAM,2013,2,0.679
JAM,2014,2,0.679
JAM,2015,2,0.679
JAM,2016,2,0.685
JAM,2017,2,0.696
JAM,2018,2,0.688
JAM,2019,3,0.703
JAM,2020,2,0.702
JAM,2021,2,0.691
JAM,2022,2,0.692
JAM,2023,2,0.677
JAM,2024,2,0.676
JAM,2025,2,0.679
JOR,1946,0,0.155
JOR,1947,0,0.157
JOR,1948,0,0.164
JOR,1949,0,0.164
JOR,1950,0,0.165
JOR,1951,0,0.164
JOR,1952,1,0.176
JOR,1953,0,0.178
JOR,1954,0,0.174
JOR,1955,0,0.176
JOR,1956,0,0.179
JOR,1957,0,0.168
JOR,1958,0,0.161
JOR,1959,0,0.161
JOR,1960,0,0.160
JOR,1961,0,0.160
JOR,1962,0,0.163
JOR,1963,0,0.163
JOR,1964,0,0.162
JOR,1965,0,0.162
JOR,1966,0,0.162
JOR,1967,0,0.159
JOR,1968,0,0.159
JOR,1969,0,0.159
JOR,1970,0,0.160
JOR,1971,0,0.161
JOR,1972,0,0.158
JOR,1973,0,0.158
JOR,1974,0,0.158
JOR,1975,0,0.111
JOR,1976,0,0.111
JOR,1977,0,0.111
JOR,1978,0,0.111
JOR,1979,0,0.111
JOR,1980,0,0.118
JOR,1981,0,0.118
JOR,1982,0,0.118
JOR,1983,0,0.118
JOR,1984,0,0.165
JOR,1985,0,0.171
JOR,1986,0,0.171
JOR,1987,0,0.171
JOR,1988,0,0.172
JOR,1989,0,0.177
JOR,1990,0,0.197
JOR,1991,0,0.197
JOR,1992,0,0.196
JOR,1993,0,0.198
JOR,1994,0,0.196
JOR,1995,0,0.196
JOR,1996,0,0.196
JOR,1997,0,0.195
JOR,1998,0,0.195
JOR,1999,0,0.196
JOR,2000,0,0.132
JOR,2001,0,0.131
JOR,2002,0,0.131
JOR,2003,0,0.152
JOR,2004,0,0.202
JOR,2005,0,0.203
JOR,2006,0,0.204
JOR,2007,0,0.204
JOR,2008,0,0.205
JOR,2009,0,0.205
JOR,2010,0,0.210
JOR,2011,0,0.215
JOR,2012,0,0.217
JOR,2013,0,0.220
JOR,2014,0,0.221
JOR,2015,0,0.221
JOR,2016,0,0.195
JOR,2017,0,0.230
JOR,2018,0,0.242
JOR,2019,0,0.240
JOR,2020,0,0.240
JOR,2021,0,0.249
JOR,2022,0,0.244
JOR,2023,0,0.250
JOR,2024,0,0.270
JOR,2025,0,0.274
JPN,1946,0,0.275
JPN,1947,0,0.354
JPN,1948,0,0.364
JPN,1949,0,0.364
JPN,1950,0,0.365
JPN,1951,0,0.366
JPN,1952,3,0.549
JPN,1953,3,0.698
JPN,1954,3,0.698
JPN,1955,3,0.731
JPN,1956,3,0.736
JPN,1957,3,0.736
JPN,1958,3,0.743
JPN,1959,3,0.748
JPN,1960,3,0.749
JPN,1961,3,0.751
JPN,1962,3,0.751
JPN,1963,3,0.751
JPN,1964,3,0.749
JPN,1965,3,0.749
JPN,1966,3,0.749
JPN,1967,3,0.750
JPN,1968,3,0.750
JPN,1969,3,0.750
JPN,1970,3,0.749
JPN,1971,3,0.751
JPN,1972,3,0.753
JPN,1973,3,0.749
JPN,1974,3,0.749
JPN,1975,3,0.749
JPN,1976,3,0.749
JPN,1977,3,0.752
JPN,1978,3,0.752
JPN,1979,3,0.752
JPN,1980,3,0.752
JPN,1981,3,0.752
JPN,1982,3,0.752
JPN,1983,3,0.752
JPN,1984,3,0.754
JPN,1985,3,0.754
JPN,1986,3,0.752
JPN,1987,3,0.751
JPN,1988,3,0.751
JPN,1989,3,0.751
JPN,1990,3,0.754
JPN,1991,3,0.754
JPN,1992,3,0.754
JPN,1993,3,0.755
JPN,1994,3,0.760
JPN,1995,3,0.760
JPN,1996,3,0.759
JPN,1997,3,0.757
JPN,1998,3,0.757
JPN,1999,3,0.757
JPN,2000,3,0.762
JPN,2001,3,0.762
JPN,2002,3,0.762
JPN,2003,3,0.762
JPN,2004,3,0.763
JPN,2005,3,0.766
JPN,2006,3,0.773
JPN,2007,3,0.773
JPN,2008,3,0.772
JPN,2009,3,0.779
JPN,2010,3,0.778
JPN,2011,3,0.778
JPN,2012,3,0.774
JPN,2013,3,0.741
JPN,2014,3,0.739
JPN,2015,3,0.740
JPN,2016,3,0.740
JPN,2017,3,0.744
JPN,2018,3,0.755
JPN,2019,3,0.753
JPN,2020,3,0.742
JPN,2021,3,0.736
JPN,2022,3,0.738
JPN,2023,3,0.745
JPN,2024,3,0.737
JPN,2025,3,0.734
KAZ,1946,0,0.015
KAZ,1947,0,0.015
KAZ,1948,0,0.015
KAZ,1949,0,0.015
KAZ,1950,0,0.015
KAZ,1951,0,0.015
KAZ,1952,0,0.015
KAZ,1953,0,0.015
KAZ,1954,0,0.021
KAZ,1955,0,0.021
KAZ,1956,0,0.022
KAZ,1957,0,0.024
KAZ,1958,0,0.024
KAZ,1959,0,0.024
KAZ,1960,0,0.024
KAZ,1961,0,0.024
KAZ,1962,0,0.023
KAZ,1963,0,0.023
KAZ,1964,0,0.023
KAZ,1965,0,0.023
KAZ,1966,0,0.023
KAZ,1967,0,0.023
KAZ,1968,0,0.023
KAZ,1969,0,0.023
KAZ,1970,0,0.024
KAZ,1971,0,0.025
KAZ,1972,0,0.025
KAZ,1973,0,0.025
KAZ,1974,0,0.025
KAZ,1975,0,0.025
KAZ,1976,0,0.025
KAZ,1977,0,0.024
KAZ,1978,0,0.024
KAZ,1979,0,0.025
KAZ,1980,0,0.028
KAZ,1981,0,0.028
KAZ,1982,0,0.028
KAZ,1983,0,0.027
KAZ,1984,0,0.027
KAZ,1985,0,0.029
KAZ,1986,0,0.037
KAZ,1987,0,0.041
KAZ,1988,0,0.043
KAZ,1989,0,0.064
KAZ,1990,1,0.150
KAZ,1991,1,0.171
KAZ,1992,1,0.179
KAZ,1993,1,0.181
KAZ,1994,1,0.176
KAZ,1995,1,0.147
KAZ,1996,1,0.132
KAZ,1997,1,0.136
KAZ,1998,1,0.134
KAZ,1999,1,0.128
KAZ,2000,1,0.129
KAZ,2001,1,0.125
KAZ,2002,1,0.125
KAZ,2003,1,0.121
KAZ,2004,1,0.122
KAZ,2005,1,0.120
KAZ,2006,1,0.121
KAZ,2007,1,0.122
KAZ,2008,1,0.122
KAZ,2009,1,0.122
KAZ,2010,1,0.120
KAZ,2011,1,0.119
KAZ,2012,1,0.113
KAZ,2013,1,0.109
KAZ,2014,1,0.110
KAZ,2015,1,0.110
KAZ,2016,1,0.114
KAZ,2017,1,0.112
KAZ,2018,1,0.108
KAZ,2019,1,0.113
KAZ,2020,1,0.117
KAZ,2021,1,0.121
KAZ,2022,1,0.134
KAZ,2023,1,0.139
KAZ,2024,1,0.133
KAZ,2025,1,0.131
KEN,1946,0,0.052
KEN,1947,0,0.052
KEN,1948,0,0.053
KEN,1949,0,0.053
KEN,1950,0,0.053
KEN,1951,0,0.053
KEN,1952,0,0.051
KEN,1953,0,0.051
KEN,1954,0,0.051
KEN,1955,0,0.051
KEN,1956,0,0.053
KEN,1957,0,0.065
KEN,1958,0,0.065
KEN,1959,0,0.065
KEN,1960,0,0.070
KEN,1961,0,0.073
KEN,1962,0,0.072
KEN,1963,1,0.118
KEN,1964,1,0.146
KEN,1965,1,0.158
KEN,1966,1,0.149
KEN,1967,1,0.141
KEN,1968,1,0.139
KEN,1969,1,0.127
KEN,1970,1,0.114
KEN,1971,1,0.114
KEN,1972,1,0.114
KEN,1973,1,0.114
KEN,1974,1,0.117
KEN,1975,1,0.117
KEN,1976,1,0.118
KEN,1977,1,0.118
KEN,1978,1,0.114
KEN,1979,1,0.117
KEN,1980,1,0.115
KEN,1981,1,0.115
KEN,1982,1,0.106
KEN,1983,1,0.103
KEN,1984,1,0.101
KEN,1985,1,0.101
KEN,1986,1,0.100
KEN,1987,1,0.100
KEN,1988,1,0.096
KEN,1989,1,0.097
KEN,1990,1,0.123
KEN,1991,1,0.132
KEN,1992,1,0.186
KEN,1993,1,0.207
KEN,1994,1,0.208
KEN,1995,1,0.211
KEN,1996,1,0.211
KEN,1997,1,0.209
KEN,1998,1,0.225
KEN,1999,1,0.225
KEN,2000,1,0.253
KEN,2001,1,0.254
KEN,2002,1,0.291
KEN,2003,2,0.355
KEN,2004,2,0.355
KEN,2005,2,0.358
KEN,2006,2,0.358
KEN,2007,1,0.356
KEN,2008,1,0.305
KEN,2009,1,0.305
KEN,2010,1,0.361
KEN,2011,1,0.362
KEN,2012,1,0.358
KEN,2013,2,0.413
KEN,2014,2,0.426
KEN,2015,2,0.426
KEN,2016,2,0.421
KEN,2017,1,0.408
KEN,2018,1,0.394
KEN,2019,1,0.402
KEN,2020,1,0.404
KEN,2021,1,0.423
KEN,2022,2,0.450
KEN,2023,2,0.463
KEN,2024,2,0.437
KEN,2025,2,0.446
KGZ,1946,0,0.015
KGZ,1947,0,0.015
KGZ,1948,0,0.015
KGZ,1949,0,0.015
KGZ,1950,0,0.015
KGZ,1951,0,0.015
KGZ,1952,0,0.015
KGZ,1953,0,0.015
KGZ,1954,0,0.021
KGZ,1955,0,0.021
KGZ,1956,0,0.022
KGZ,1957,0,0.024
KGZ,1958,0,0.024
KGZ,1959,0,0.024
KGZ,1960,0,0.024
KGZ,1961,0,0.024
KGZ,1962,0,0.023
KGZ,1963,0,0.023
KGZ,1964,0,0.023
KGZ,1965,0,0.023
KGZ,1966,0,0.023
KGZ,1967,0,0.023
KGZ,1968,0,0.023
KGZ,1969,0,0.023
KGZ,1970,0,0.024
KGZ,1971,0,0.025
KGZ,1972,0,0.025
KGZ,1973,0,0.025
KGZ,1974,0,0.025
KGZ,1975,0,0.025
KGZ,1976,0,0.025
KGZ,1977,0,0.024
KGZ,1978,0,0.024
KGZ,1979,0,0.025
KGZ,1980,0,0.028
KGZ,1981,0,0.028
KGZ,1982,0,0.028
KGZ,1983,0,0.027
KGZ,1984,0,0.027
KGZ,1985,0,0.029
KGZ,1986,0,0.037
KGZ,1987,0,0.041
KGZ,1988,0,0.043
KGZ,1989,0,0.064
KGZ,1990,0,0.141
KGZ,1991,0,0.170
KGZ,1992,1,0.206
KGZ,1993,1,0.204
KGZ,1994,1,0.194
KGZ,1995,1,0.182
KGZ,1996,1,0.179
KGZ,1997,1,0.172
KGZ,1998,1,0.177
KGZ,1999,1,0.177
KGZ,2000,1,0.174
KGZ,2001,1,0.171
KGZ,2002,1,0.170
KGZ,2003,1,0.168
KGZ,2004,1,0.168
KGZ,2005,1,0.190
KGZ,2006,1,0.198
KGZ,2007,1,0.181
KGZ,2008,1,0.169
KGZ,2009,1,0.165
KGZ,2010,1,0.260
KGZ,2011,1,0.333
KGZ,2012,1,0.328
KGZ,2013,1,0.316
KGZ,2014,1,0.314
KGZ,2015,1,0.317
KGZ,2016,1,0.303
KGZ,2017,1,0.303
KGZ,2018,1,0.327
KGZ,2019,1,0.309
KGZ,2020,1,0.255
KGZ,2021,1,0.256
KGZ,2022,1,0.237
KGZ,2023,1,0.197
KGZ,2024,1,0.185
KGZ,2025,1,0.178
KHM,1946,0,0.044
KHM,1947,0,0.050
KHM,1948,0,0.094
KHM,1949,0,0.069
KHM,1950,0,0.044
KHM,1951,0,0.056
KHM,1952,0,0.060
KHM,1953,0,0.045
KHM,1954,0,0.071
KHM,1955,1,0.096
KHM,1956,1,0.151
KHM,1957,1,0.152
KHM,1958,1,0.151
KHM,1959,1,0.151
KHM,1960,1,0.153
KHM,1961,1,0.153
KHM,1962,1,0.152
KHM,1963,1,0.151
KHM,1964,1,0.151
KHM,1965,1,0.151
KHM,1966,1,0.151
KHM,1967,1,0.150
KHM,1968,1,0.150
KHM,1969,1,0.150
KHM,1970,1,0.083
KHM,1971,0,0.068
KHM,1972,1,0.075
KHM,1973,1,0.086
KHM,1974,1,0.086
KHM,1975,0,0.006
KHM,1976,0,0.014
KHM,1977,0,0.018
KHM,1978,0,0.018
KHM,1979,0,0.012
KHM,1980,0,0.022
KHM,1981,1,0.024
KHM,1982,1,0.020
KHM,1983,1,0.021
KHM,1984,1,0.021
KHM,1985,1,0.021
KHM,1986,1,0.021
KHM,1987,1,0.021
KHM,1988,1,0.021
KHM,1989,1,0.021
KHM,1990,1,0.027
KHM,1991,1,0.028
KHM,1992,1,0.041
KHM,1993,1,0.104
KHM,1994,1,0.139
KHM,1995,1,0.140
KHM,1996,1,0.140
KHM,1997,1,0.137
KHM,1998,1,0.132
KHM,1999,1,0.125
KHM,2000,1,0.124
KHM,2001,1,0.126
KHM,2002,1,0.124
KHM,2003,1,0.126
KHM,2004,1,0.126
KHM,2005,1,0.123
KHM,2006,1,0.123
KHM,2007,1,0.123
KHM,2008,1,0.121
KHM,2009,1,0.118
KHM,2010,1,0.118
KHM,2011,1,0.118
KHM,2012,1,0.118
KHM,2013,1,0.114
KHM,2014,1,0.114
KHM,2015,1,0.115
KHM,2016,1,0.103
KHM,2017,1,0.078
KHM,2018,1,0.070
KHM,2019,1,0.066
KHM,2020,1,0.063
KHM,2021,1,0.059
KHM,2022,1,0.059
KHM,2023,1,0.052
KHM,2024,1,0.048
KHM,2025,1,0.051
KOR,1946,0,0.063
KOR,1947,0,0.062
KOR,1948,1,0.103
KOR,1949,1,0.154
KOR,1950,1,0.146
KOR,1951,1,0.142
KOR,1952,1,0.142
KOR,1953,1,0.148
KOR,1954,1,0.146
KOR,1955,1,0.147
KOR,1956,1,0.146
KOR,1957,1,0.146
KOR,1958,1,0.146
KOR,1959,1,0.146
KOR,1960,1,0.223
KOR,1961,1,0.122
KOR,1962,0,0.103
KOR,1963,1,0.108
KOR,1964,1,0.136
KOR,1965,1,0.135
KOR,1966,1,0.135
KOR,1967,1,0.135
KOR,1968,1,0.135
KOR,1969,1,0.135
KOR,1970,1,0.135
KOR,1971,1,0.135
KOR,1972,1,0.106
KOR,1973,1,0.098
KOR,1974,1,0.099
KOR,1975,1,0.099
KOR,1976,1,0.098
KOR,1977,1,0.098
KOR,1978,1,0.098
KOR,1979,1,0.099
KOR,1980,1,0.103
KOR,1981,1,0.105
KOR,1982,1,0.116
KOR,1983,1,0.119
KOR,1984,1,0.123
KOR,1985,1,0.143
KOR,1986,1,0.148
KOR,1987,1,0.219
KOR,1988,2,0.469
KOR,1989,2,0.498
KOR,1990,2,0.500
KOR,1991,2,0.500
KOR,1992,2,0.512
KOR,1993,3,0.607
KOR,1994,3,0.612
KOR,1995,3,0.612
KOR,1996,3,0.618
KOR,1997,3,0.638
KOR,1998,3,0.729
KOR,1999,3,0.736
KOR,2000,3,0.753
KOR,2001,3,0.757
KOR,2002,3,0.761
KOR,2003,3,0.761
KOR,2004,3,0.761
KOR,2005,3,0.762
KOR,2006,3,0.762
KOR,2007,3,0.759
KOR,2008,3,0.661
KOR,2009,3,0.662
KOR,2010,3,0.665
KOR,2011,3,0.665
KOR,2012,3,0.658
KOR,2013,3,0.609
KOR,2014,3,0.600
KOR,2015,3,0.599
KOR,2016,3,0.620
KOR,2017,3,0.791
KOR,2018,3,0.794
KOR,2019,3,0.777
KOR,2020,3,0.782
KOR,2021,3,0.775
KOR,2022,3,0.718
KOR,2023,3,0.620
KOR,2024,2,0.627
KOR,2025,3,0.739
KWT,1946,0,0.108
KWT,1947,0,0.108
KWT,1948,0,0.108
KWT,1949,0,0.108
KWT,1950,0,0.111
KWT,1951,0,0.111
KWT,1952,0,0.111
KWT,1953,0,0.111
KWT,1954,0,0.111
KWT,1955,0,0.110
KWT,1956,0,0.111
KWT,1957,0,0.111
KWT,1958,0,0.111
KWT,1959,0,0.110
KWT,1960,0,0.119
KWT,1961,0,0.172
KWT,1962,0,0.212
KWT,1963,0,0.248
KWT,1964,0,0.248
KWT,1965,1,0.251
KWT,1966,1,0.276
KWT,1967,1,0.262
KWT,1968,1,0.261
KWT,1969,1,0.261
KWT,1970,1,0.262
KWT,1971,1,0.272
KWT,1972,1,0.274
KWT,1973,1,0.270
KWT,1974,1,0.270
KWT,1975,1,0.270
KWT,1976,0,0.128
KWT,1977,0,0.126
KWT,1978,0,0.126
KWT,1979,0,0.126
KWT,1980,0,0.125
KWT,1981,1,0.258
KWT,1982,1,0.265
KWT,1983,1,0.265
KWT,1984,1,0.265
KWT,1985,1,0.263
KWT,1986,0,0.126
KWT,1987,0,0.125
KWT,1988,0,0.123
KWT,1989,0,0.123
KWT,1990,0,0.111
KWT,1991,0,0.115
KWT,1992,1,0.236
KWT,1993,1,0.267
KWT,1994,1,0.267
KWT,1995,1,0.267
KWT,1996,1,0.268
KWT,1997,1,0.269
KWT,1998,1,0.270
KWT,1999,1,0.269
KWT,2000,1,0.267
KWT,2001,0,0.259
KWT,2002,1,0.263
KWT,2003,1,0.265
KWT,2004,1,0.265
KWT,2005,1,0.287
KWT,2006,1,0.288
KWT,2007,1,0.286
KWT,2008,1,0.287
KWT,2009,1,0.286
KWT,2010,1,0.284
KWT,2011,1,0.282
KWT,2012,1,0.279
KWT,2013,1,0.278
KWT,2014,1,0.279
KWT,2015,1,0.278
KWT,2016,1,0.281
KWT,2017,1,0.288
KWT,2018,1,0.286
KWT,2019,1,0.288
KWT,2020,1,0.282
KWT,2021,1,0.274
KWT,2022,1,0.281
KWT,2023,1,0.294
KWT,2024,1,0.179
KWT,2025,0,0.127
LAO,1946,1,0.082
LAO,1947,1,0.104
LAO,1948,1,0.128
LAO,1949,0,0.127
LAO,1950,1,0.125
LAO,1951,1,0.129
LAO,1952,1,0.130
LAO,1953,1,0.128
LAO,1954,1,0.127
LAO,1955,1,0.130
LAO,1956,1,0.130
LAO,1957,1,0.147
LAO,1958,1,0.164
LAO,1959,1,0.158
LAO,1960,1,0.145
LAO,1961,1,0.124
LAO,1962,1,0.124
LAO,1963,1,0.124
LAO,1964,1,0.124
LAO,1965,1,0.110
LAO,1966,1,0.111
LAO,1967,1,0.130
LAO,1968,1,0.130
LAO,1969,1,0.130
LAO,1970,1,0.130
LAO,1971,1,0.130
LAO,1972,1,0.129
LAO,1973,1,0.129
LAO,1974,1,0.128
LAO,1975,1,0.073
LAO,1976,0,0.068
LAO,1977,0,0.068
LAO,1978,0,0.068
LAO,1979,0,0.068
LAO,1980,0,0.068
LAO,1981,0,0.068
LAO,1982,0,0.068
LAO,1983,0,0.068
LAO,1984,0,0.068
LAO,1985,0,0.068
LAO,1986,0,0.071
LAO,1987,0,0.071
LAO,1988,0,0.071
LAO,1989,1,0.091
LAO,1990,1,0.092
LAO,1991,0,0.087
LAO,1992,0,0.083
LAO,1993,0,0.087
LAO,1994,0,0.086
LAO,1995,0,0.087
LAO,1996,0,0.087
LAO,1997,0,0.087
LAO,1998,0,0.087
LAO,1999,0,0.088
LAO,2000,0,0.088
LAO,2001,0,0.088
LAO,2002,0,0.089
LAO,2003,0,0.089
LAO,2004,0,0.089
LAO,2005,0,0.089
LAO,2006,0,0.088
LAO,2007,0,0.088
LAO,2008,0,0.088
LAO,2009,0,0.088
LAO,2010,0,0.089
LAO,2011,0,0.089
LAO,2012,0,0.089
LAO,2013,0,0.090
LAO,2014,0,0.090
LAO,2015,0,0.089
LAO,2016,0,0.088
LAO,2017,0,0.093
LAO,2018,0,0.090
LAO,2019,0,0.109
LAO,2020,0,0.094
LAO,2021,0,0.104
LAO,2022,0,0.113
LAO,2023,0,0.106
LAO,2024,0,0.117
LAO,2025,0,0.110
LBN,1946,1,0.196
LBN,1947,1,0.194
LBN,1948,1,0.193
LBN,1949,1,0.194
LBN,1950,1,0.194
LBN,1951,1,0.191
LBN,1952,1,0.190
LBN,1953,1,0.217
LBN,1954,1,0.221
LBN,1955,1,0.221
LBN,1956,1,0.221
LBN,1957,1,0.211
LBN,1958,1,0.203
LBN,1959,1,0.209
LBN,1960,1,0.223
LBN,1961,1,0.233
LBN,1962,1,0.232
LBN,1963,1,0.232
LBN,1964,1,0.230
LBN,1965,1,0.230
LBN,1966,1,0.230
LBN,1967,1,0.230
LBN,1968,1,0.229
LBN,1969,1,0.229
LBN,1970,1,0.226
LBN,1971,1,0.226
LBN,1972,1,0.219
LBN,1973,1,0.216
LBN,1974,1,0.216
LBN,1975,1,0.205
LBN,1976,1,0.195
LBN,1977,1,0.195
LBN,1978,1,0.195
LBN,1979,1,0.195
LBN,1980,1,0.195
LBN,1981,1,0.195
LBN,1982,1,0.190
LBN,1983,1,0.190
LBN,1984,1,0.190
LBN,1985,1,0.190
LBN,1986,1,0.190
LBN,1987,1,0.190
LBN,1988,1,0.185
LBN,1989,1,0.174
LBN,1990,1,0.195
LBN,1991,1,0.193
LBN,1992,1,0.193
LBN,1993,1,0.190
LBN,1994,1,0.188
LBN,1995,1,0.188
LBN,1996,1,0.188
LBN,1997,1,0.188
LBN,1998,1,0.188
LBN,1999,1,0.188
LBN,2000,1,0.194
LBN,2001,1,0.207
LBN,2002,1,0.206
LBN,2003,1,0.206
LBN,2004,1,0.207
LBN,2005,1,0.232
LBN,2006,1,0.255
LBN,2007,1,0.258
LBN,2008,1,0.259
LBN,2009,1,0.273
LBN,2010,1,0.271
LBN,2011,1,0.277
LBN,2012,1,0.282
LBN,2013,1,0.301
LBN,2014,1,0.302
LBN,2015,1,0.295
LBN,2016,1,0.296
LBN,2017,1,0.294
LBN,2018,1,0.282
LBN,2019,1,0.276
LBN,2020,1,0.274
LBN,2021,1,0.262
LBN,2022,1,0.250
LBN,2023,1,0.234
LBN,2024,1,0.226
LBN,2025,1,0.267
LBR,1946,1,0.115
LBR,1947,1,0.112
LBR,1948,1,0.131
LBR,1949,1,0.131
LBR,1950,1,0.122
LBR,1951,1,0.110
LBR,1952,1,0.108
LBR,1953,1,0.108
LBR,1954,1,0.108
LBR,1955,1,0.104
LBR,1956,1,0.104
LBR,1957,1,0.104
LBR,1958,1,0.104
LBR,1959,0,0.105
LBR,1960,0,0.106
LBR,1961,0,0.106
LBR,1962,0,0.106
LBR,1963,0,0.106
LBR,1964,0,0.105
LBR,1965,0,0.105
LBR,1966,0,0.105
LBR,1967,0,0.105
LBR,1968,0,0.105
LBR,1969,0,0.105
LBR,1970,0,0.105
LBR,1971,0,0.126
LBR,1972,0,0.137
LBR,1973,0,0.137
LBR,1974,0,0.137
LBR,1975,0,0.137
LBR,1976,0,0.137
LBR,1977,0,0.137
LBR,1978,0,0.137
LBR,1979,0,0.135
LBR,1980,0,0.061
LBR,1981,0,0.043
LBR,1982,0,0.043
LBR,1983,0,0.043
LBR,1984,0,0.060
LBR,1985,0,0.079
LBR,1986,1,0.129
LBR,1987,1,0.130
LBR,1988,1,0.129
LBR,1989,1,0.117
LBR,1990,,0.063
LBR,1991,0,0.177
LBR,1992,0,0.179
LBR,1993,0,0.180
LBR,1994,0,0.159
LBR,1995,0,0.143
LBR,1996,0,0.117
LBR,1997,1,0.129
LBR,1998,1,0.161
LBR,1999,1,0.159
LBR,2000,1,0.161
LBR,2001,1,0.160
LBR,2002,1,0.158
LBR,2003,0,0.149
LBR,2004,0,0.244
LBR,2005,0,0.267
LBR,2006,2,0.498
LBR,2007,2,0.506
LBR,2008,2,0.506
LBR,2009,2,0.507
LBR,2010,2,0.489
LBR,2011,2,0.487
LBR,2012,2,0.482
LBR,2013,2,0.456
LBR,2014,2,0.450
LBR,2015,2,0.451
LBR,2016,2,0.452
LBR,2017,2,0.459
LBR,2018,2,0.425
LBR,2019,2,0.412
LBR,2020,2,0.419
LBR,2021,2,0.408
LBR,2022,2,0.409
LBR,2023,2,0.421
LBR,2024,2,0.398
LBR,2025,2,0.417
LBY,1951,0,0.076
LBY,1952,0,0.105
LBY,1953,0,0.107
LBY,1954,0,0.111
LBY,1955,0,0.123
LBY,1956,0,0.129
LBY,1957,0,0.129
LBY,1958,0,0.129
LBY,1959,0,0.129
LBY,1960,0,0.130
LBY,1961,0,0.130
LBY,1962,0,0.130
LBY,1963,0,0.137
LBY,1964,0,0.136
LBY,1965,0,0.136
LBY,1966,0,0.137
LBY,1967,0,0.136
LBY,1968,0,0.135
LBY,1969,0,0.073
LBY,1970,0,0.030
LBY,1971,0,0.027
LBY,1972,0,0.027
LBY,1973,0,0.027
LBY,1974,0,0.032
LBY,1975,0,0.025
LBY,1976,0,0.025
LBY,1977,0,0.058
LBY,1978,0,0.047
LBY,1979,0,0.046
LBY,1980,0,0.046
LBY,1981,0,0.046
LBY,1982,0,0.046
LBY,1983,0,0.046
LBY,1984,0,0.046
LBY,1985,0,0.046
LBY,1986,0,0.048
LBY,1987,0,0.048
LBY,1988,0,0.048
LBY,1989,0,0.048
LBY,1990,0,0.048
LBY,1991,0,0.048
LBY,1992,0,0.048
LBY,1993,0,0.048
LBY,1994,0,0.048
LBY,1995,0,0.048
LBY,1996,0,0.048
LBY,1997,0,0.048
LBY,1998,0,0.048
LBY,1999,0,0.048
LBY,2000,0,0.048
LBY,2001,0,0.048
LBY,2002,0,0.048
LBY,2003,0,0.045
LBY,2004,0,0.045
LBY,2005,0,0.045
LBY,2006,0,0.045
LBY,2007,0,0.045
LBY,2008,0,0.045
LBY,2009,0,0.044
LBY,2010,0,0.045
LBY,2011,0,0.061
LBY,2012,1,0.210
LBY,2013,2,0.300
LBY,2014,0,0.175
LBY,2015,0,0.172
LBY,2016,0,0.170
LBY,2017,0,0.167
LBY,2018,0,0.153
LBY,2019,0,0.148
LBY,2020,0,0.145
LBY,2021,0,0.129
LBY,2022,0,0.108
LBY,2023,0,0.105
LBY,2024,0,0.109
LBY,2025,0,0.098
LKA,1946,0,0.292
LKA,1947,1,0.337
LKA,1948,2,0.526
LKA,1949,2,0.519
LKA,1950,2,0.530
LKA,1951,2,0.530
LKA,1952,2,0.510
LKA,1953,2,0.497
LKA,1954,2,0.495
LKA,1955,2,0.498
LKA,1956,2,0.482
LKA,1957,2,0.487
LKA,1958,2,0.486
LKA,1959,2,0.479
LKA,1960,2,0.501
LKA,1961,2,0.505
LKA,1962,2,0.506
LKA,1963,2,0.506
LKA,1964,2,0.506
LKA,1965,2,0.502
LKA,1966,2,0.499
LKA,1967,2,0.499
LKA,1968,2,0.499
LKA,1969,2,0.499
LKA,1970,2,0.479
LKA,1971,2,0.441
LKA,1972,2,0.431
LKA,1973,2,0.427
LKA,1974,2,0.428
LKA,1975,2,0.433
LKA,1976,2,0.433
LKA,1977,2,0.417
LKA,1978,2,0.372
LKA,1979,2,0.367
LKA,1980,2,0.338
LKA,1981,2,0.338
LKA,1982,2,0.334
LKA,1983,1,0.308
LKA,1984,1,0.305
LKA,1985,1,0.305
LKA,1986,1,0.300
LKA,1987,1,0.289
LKA,1988,1,0.283
LKA,1989,1,0.268
LKA,1990,1,0.275
LKA,1991,1,0.274
LKA,1992,1,0.284
LKA,1993,1,0.284
LKA,1994,1,0.315
LKA,1995,2,0.346
LKA,1996,2,0.346
LKA,1997,2,0.346
LKA,1998,2,0.337
LKA,1999,2,0.336
LKA,2000,1,0.318
LKA,2001,1,0.319
LKA,2002,2,0.340
LKA,2003,2,0.340
LKA,2004,2,0.329
LKA,2005,1,0.278
LKA,2006,1,0.243
LKA,2007,1,0.240
LKA,2008,1,0.236
LKA,2009,1,0.233
LKA,2010,1,0.244
LKA,2011,1,0.243
LKA,2012,1,0.246
LKA,2013,1,0.268
LKA,2014,1,0.267
LKA,2015,2,0.397
LKA,2016,2,0.450
LKA,2017,2,0.448
LKA,2018,2,0.481
LKA,2019,2,0.439
LKA,2020,2,0.379
LKA,2021,2,0.393
LKA,2022,2,0.440
LKA,2023,2,0.426
LKA,2024,2,0.497
LKA,2025,2,0.613
LSO,1946,0,0.080
LSO,1947,0,0.080
LSO,1948,0,0.080
LSO,1949,0,0.080
LSO,1950,0,0.089
LSO,1951,0,0.089
LSO,1952,0,0.092
LSO,1953,0,0.092
LSO,1954,0,0.092
LSO,1955,0,0.092
LSO,1956,0,0.092
LSO,1957,0,0.092
LSO,1958,0,0.092
LSO,1959,0,0.092
LSO,1960,0,0.099
LSO,1961,0,0.100
LSO,1962,0,0.110
LSO,1963,0,0.103
LSO,1964,0,0.103
LSO,1965,1,0.150
LSO,1966,1,0.209
LSO,1967,1,0.248
LSO,1968,1,0.248
LSO,1969,0,0.145
LSO,1970,1,0.111
LSO,1971,0,0.103
LSO,1972,0,0.103
LSO,1973,0,0.118
LSO,1974,0,0.118
LSO,1975,0,0.118
LSO,1976,0,0.118
LSO,1977,0,0.118
LSO,1978,0,0.119
LSO,1979,0,0.120
LSO,1980,0,0.122
LSO,1981,0,0.122
LSO,1982,0,0.122
LSO,1983,0,0.122
LSO,1984,0,0.122
LSO,1985,0,0.122
LSO,1986,0,0.107
LSO,1987,0,0.119
LSO,1988,0,0.120
LSO,1989,0,0.120
LSO,1990,0,0.180
LSO,1991,0,0.154
LSO,1992,0,0.157
LSO,1993,2,0.360
LSO,1994,1,0.333
LSO,1995,0,0.256
LSO,1996,0,0.258
LSO,1997,0,0.258
LSO,1998,1,0.288
LSO,1999,0,0.260
LSO,2000,0,0.259
LSO,2001,0,0.259
LSO,2002,1,0.377
LSO,2003,2,0.450
LSO,2004,2,0.449
LSO,2005,2,0.452
LSO,2006,2,0.451
LSO,2007,2,0.419
LSO,2008,2,0.415
LSO,2009,2,0.413
LSO,2010,2,0.425
LSO,2011,2,0.430
LSO,2012,2,0.453
LSO,2013,2,0.477
LSO,2014,2,0.480
LSO,2015,2,0.445
LSO,2016,2,0.424
LSO,2017,2,0.372
LSO,2018,2,0.441
LSO,2019,2,0.488
LSO,2020,2,0.505
LSO,2021,2,0.498
LSO,2022,2,0.509
LSO,2023,2,0.521
LSO,2024,2,0.507
LSO,2025,2,0.512
LTU,1946,0,0.015
LTU,1947,0,0.015
LTU,1948,0,0.015
LTU,1949,0,0.015
LTU,1950,0,0.015
LTU,1951,0,0.015
LTU,1952,0,0.015
LTU,1953,0,0.015
LTU,1954,0,0.021
LTU,1955,0,0.021
LTU,1956,0,0.022
LTU,1957,0,0.024
LTU,1958,0,0.024
LTU,1959,0,0.024
LTU,1960,0,0.024
LTU,1961,0,0.024
LTU,1962,0,0.023
LTU,1963,0,0.023
LTU,1964,0,0.023
LTU,1965,0,0.023
LTU,1966,0,0.023
LTU,1967,0,0.023
LTU,1968,0,0.023
LTU,1969,0,0.023
LTU,1970,0,0.024
LTU,1971,0,0.025
LTU,1972,0,0.025
LTU,1973,0,0.025
LTU,1974,0,0.025
LTU,1975,0,0.025
LTU,1976,0,0.025
LTU,1977,0,0.024
LTU,1978,0,0.024
LTU,1979,0,0.025
LTU,1980,0,0.028
LTU,1981,0,0.028
LTU,1982,0,0.028
LTU,1983,0,0.027
LTU,1984,0,0.027
LTU,1985,0,0.029
LTU,1986,0,0.037
LTU,1987,0,0.041
LTU,1988,0,0.043
LTU,1989,0,0.064
LTU,1990,2,0.729
LTU,1991,2,0.714
LTU,1992,2,0.731
LTU,1993,3,0.741
LTU,1994,3,0.757
LTU,1995,3,0.757
LTU,1996,3,0.753
LTU,1997,3,0.758
LTU,1998,3,0.754
LTU,1999,3,0.756
LTU,2000,3,0.759
LTU,2001,3,0.757
LTU,2002,3,0.757
LTU,2003,3,0.752
LTU,2004,3,0.759
LTU,2005,3,0.762
LTU,2006,3,0.761
LTU,2007,3,0.762
LTU,2008,3,0.765
LTU,2009,3,0.788
LTU,2010,3,0.794
LTU,2011,3,0.791
LTU,2012,3,0.783
LTU,2013,3,0.771
LTU,2014,3,0.773
LTU,2015,3,0.780
LTU,2016,2,0.772
LTU,2017,2,0.753
LTU,2018,2,0.754
LTU,2019,2,0.756
LTU,2020,2,0.745
LTU,2021,2,0.732
LTU,2022,2,0.734
LTU,2023,2,0.724
LTU,2024,2,0.732
LTU,2025,3,0.712
LUX,1946,3,0.651
LUX,1947,3,0.690
LUX,1948,3,0.693
LUX,1949,3,0.706
LUX,1950,3,0.731
LUX,1951,3,0.733
LUX,1952,3,0.735
LUX,1953,3,0.735
LUX,1954,3,0.738
LUX,1955,3,0.735
LUX,1956,3,0.738
LUX,1957,3,0.738
LUX,1958,3,0.738
LUX,1959,3,0.745
LUX,1960,3,0.765
LUX,1961,3,0.765
LUX,1962,3,0.765
LUX,1963,3,0.770
LUX,1964,3,0.768
LUX,1965,3,0.768
LUX,1966,3,0.768
LUX,1967,3,0.768
LUX,1968,3,0.768
LUX,1969,3,0.769
LUX,1970,3,0.777
LUX,1971,3,0.777
LUX,1972,3,0.777
LUX,1973,3,0.777
LUX,1974,3,0.781
LUX,1975,3,0.781
LUX,1976,3,0.781
LUX,1977,3,0.781
LUX,1978,3,0.781
LUX,1979,3,0.780
LUX,1980,3,0.780
LUX,1981,3,0.780
LUX,1982,3,0.780
LUX,1983,3,0.780
LUX,1984,3,0.780
LUX,1985,3,0.779
LUX,1986,3,0.779
LUX,1987,3,0.779
LUX,1988,3,0.779
LUX,1989,3,0.780
LUX,1990,3,0.785
LUX,1991,3,0.785
LUX,1992,3,0.785
LUX,1993,3,0.785
LUX,1994,3,0.785
LUX,1995,3,0.784
LUX,1996,3,0.784
LUX,1997,3,0.784
LUX,1998,3,0.784
LUX,1999,3,0.785
LUX,2000,3,0.787
LUX,2001,3,0.787
LUX,2002,3,0.787
LUX,2003,3,0.787
LUX,2004,3,0.787
LUX,2005,3,0.787
LUX,2006,3,0.787
LUX,2007,3,0.787
LUX,2008,3,0.787
LUX,2009,3,0.790
LUX,2010,3,0.792
LUX,2011,3,0.792
LUX,2012,3,0.792
LUX,2013,3,0.792
LUX,2014,3,0.793
LUX,2015,3,0.793
LUX,2016,3,0.793
LUX,2017,3,0.793
LUX,2018,3,0.793
LUX,2019,3,0.788
LUX,2020,3,0.786
LUX,2021,3,0.785
LUX,2022,3,0.788
LUX,2023,3,0.789
LUX,2024,3,0.781
LUX,2025,3,0.777
LVA,1946,0,0.015
LVA,1947,0,0.015
LVA,1948,0,0.015
LVA,1949,0,0.015
LVA,1950,0,0.015
LVA,1951,0,0.015
LVA,1952,0,0.015
LVA,1953,0,0.015
LVA,1954,0,0.021
LVA,1955,0,0.021
LVA,1956,0,0.022
LVA,1957,0,0.024
LVA,1958,0,0.024
LVA,1959,0,0.024
LVA,1960,0,0.024
LVA,1961,0,0.024
LVA,1962,0,0.023
LVA,1963,0,0.023
LVA,1964,0,0.023
LVA,1965,0,0.023
LVA,1966,0,0.023
LVA,1967,0,0.023
LVA,1968,0,0.023
LVA,1969,0,0.023
LVA,1970,0,0.024
LVA,1971,0,0.025
LVA,1972,0,0.025
LVA,1973,0,0.025
LVA,1974,0,0.025
LVA,1975,0,0.025
LVA,1976,0,0.025
LVA,1977,0,0.024
LVA,1978,0,0.024
LVA,1979,0,0.025
LVA,1980,0,0.028
LVA,1981,0,0.028
LVA,1982,0,0.028
LVA,1983,0,0.027
LVA,1984,0,0.027
LVA,1985,0,0.029
LVA,1986,0,0.037
LVA,1987,0,0.041
LVA,1988,0,0.043
LVA,1989,0,0.064
LVA,1990,2,0.452
LVA,1991,2,0.495
LVA,1992,2,0.561
LVA,1993,2,0.629
LVA,1994,2,0.680
LVA,1995,2,0.670
LVA,1996,2,0.674
LVA,1997,2,0.694
LVA,1998,2,0.696
LVA,1999,2,0.701
LVA,2000,2,0.702
LVA,2001,2,0.702
LVA,2002,2,0.705
LVA,2003,2,0.714
LVA,2004,2,0.715
LVA,2005,2,0.710
LVA,2006,2,0.703
LVA,2007,2,0.685
LVA,2008,2,0.686
LVA,2009,3,0.694
LVA,2010,3,0.704
LVA,2011,3,0.723
LVA,2012,3,0.728
LVA,2013,2,0.743
LVA,2014,3,0.748
LVA,2015,3,0.754
LVA,2016,2,0.748
LVA,2017,3,0.744
LVA,2018,3,0.745
LVA,2019,3,0.741
LVA,2020,3,0.737
LVA,2021,3,0.740
LVA,2022,3,0.740
LVA,2023,3,0.762
LVA,2024,3,0.759
LVA,2025,3,0.751
MAR,1946,0,0.046
MAR,1947,0,0.046
MAR,1948,0,0.046
MAR,1949,0,0.046
MAR,1950,0,0.046
MAR,1951,0,0.046
MAR,1952,0,0.046
MAR,1953,0,0.046
MAR,1954,0,0.046
MAR,1955,0,0.045
MAR,1956,0,0.064
MAR,1957,0,0.071
MAR,1958,0,0.072
MAR,1959,0,0.072
MAR,1960,0,0.072
MAR,1961,0,0.077
MAR,1962,0,0.084
MAR,1963,0,0.122
MAR,1964,0,0.137
MAR,1965,0,0.135
MAR,1966,0,0.088
MAR,1967,0,0.088
MAR,1968,0,0.088
MAR,1969,0,0.086
MAR,1970,0,0.112
MAR,1971,0,0.140
MAR,1972,0,0.140
MAR,1973,0,0.138
MAR,1974,0,0.090
MAR,1975,0,0.089
MAR,1976,0,0.090
MAR,1977,0,0.104
MAR,1978,0,0.143
MAR,1979,0,0.145
MAR,1980,0,0.149
MAR,1981,0,0.149
MAR,1982,0,0.149
MAR,1983,0,0.149
MAR,1984,0,0.150
MAR,1985,0,0.150
MAR,1986,0,0.150
MAR,1987,0,0.151
MAR,1988,0,0.151
MAR,1989,0,0.151
MAR,1990,0,0.169
MAR,1991,0,0.177
MAR,1992,0,0.178
MAR,1993,0,0.184
MAR,1994,0,0.187
MAR,1995,0,0.187
MAR,1996,0,0.196
MAR,1997,0,0.193
MAR,1998,0,0.198
MAR,1999,0,0.198
MAR,2000,0,0.213
MAR,2001,0,0.220
MAR,2002,0,0.221
MAR,2003,0,0.221
MAR,2004,0,0.221
MAR,2005,0,0.227
MAR,2006,0,0.226
MAR,2007,0,0.227
MAR,2008,0,0.224
MAR,2009,0,0.223
MAR,2010,0,0.231
MAR,2011,0,0.234
MAR,2012,0,0.235
MAR,2013,0,0.230
MAR,2014,0,0.230
MAR,2015,0,0.230
MAR,2016,0,0.231
MAR,2017,0,0.241
MAR,2018,0,0.243
MAR,2019,0,0.244
MAR,2020,0,0.238
MAR,2021,0,0.240
MAR,2022,0,0.252
MAR,2023,0,0.252
MAR,2024,0,0.252
MAR,2025,0,0.251
MDA,1946,0,0.015
MDA,1947,0,0.015
MDA,1948,0,0.015
MDA,1949,0,0.015
MDA,1950,0,0.015
MDA,1951,0,0.015
MDA,1952,0,0.015
MDA,1953,0,0.015
MDA,1954,0,0.021
MDA,1955,0,0.021
MDA,1956,0,0.022
MDA,1957,0,0.024
MDA,1958,0,0.024
MDA,1959,0,0.024
MDA,1960,0,0.024
MDA,1961,0,0.024
MDA,1962,0,0.023
MDA,1963,0,0.023
MDA,1964,0,0.023
MDA,1965,0,0.023
MDA,1966,0,0.023
MDA,1967,0,0.023
MDA,1968,0,0.023
MDA,1969,0,0.023
MDA,1970,0,0.024
MDA,1971,0,0.025
MDA,1972,0,0.025
MDA,1973,0,0.025
MDA,1974,0,0.025
MDA,1975,0,0.025
MDA,1976,0,0.025
MDA,1977,0,0.024
MDA,1978,0,0.024
MDA,1979,0,0.025
MDA,1980,0,0.028
MDA,1981,0,0.028
MDA,1982,0,0.028
MDA,1983,0,0.027
MDA,1984,0,0.027
MDA,1985,0,0.029
MDA,1986,0,0.037
MDA,1987,0,0.041
MDA,1988,0,0.043
MDA,1989,0,0.064
MDA,1990,1,0.301
MDA,1991,1,0.330
MDA,1992,2,0.366
MDA,1993,1,0.367
MDA,1994,2,0.410
MDA,1995,2,0.411
MDA,1996,2,0.411
MDA,1997,2,0.412
MDA,1998,2,0.429
MDA,1999,2,0.452
MDA,2000,2,0.438
MDA,2001,2,0.350
MDA,2002,2,0.381
MDA,2003,2,0.381
MDA,2004,2,0.381
MDA,2005,1,0.345
MDA,2006,1,0.343
MDA,2007,1,0.346
MDA,2008,1,0.345
MDA,2009,1,0.358
MDA,2010,2,0.508
MDA,2011,2,0.562
MDA,2012,2,0.558
MDA,2013,2,0.530
MDA,2014,2,0.516
MDA,2015,2,0.476
MDA,2016,2,0.433
MDA,2017,2,0.394
MDA,2018,2,0.390
MDA,2019,2,0.445
MDA,2020,2,0.518
MDA,2021,2,0.618
MDA,2022,2,0.643
MDA,2023,2,0.602
MDA,2024,2,0.503
MDA,2025,2,0.449
MDG,1946,0,0.061
MDG,1947,0,0.074
MDG,1948,0,0.074
MDG,1949,0,0.074
MDG,1950,0,0.075
MDG,1951,0,0.075
MDG,1952,0,0.075
MDG,1953,0,0.075
MDG,1954,0,0.075
MDG,1955,0,0.075
MDG,1956,0,0.077
MDG,1957,0,0.089
MDG,1958,0,0.089
MDG,1959,0,0.089
MDG,1960,0,0.100
MDG,1961,1,0.111
MDG,1962,1,0.131
MDG,1963,1,0.131
MDG,1964,1,0.131
MDG,1965,1,0.130
MDG,1966,1,0.129
MDG,1967,1,0.129
MDG,1968,1,0.129
MDG,1969,1,0.129
MDG,1970,1,0.131
MDG,1971,1,0.132
MDG,1972,0,0.089
MDG,1973,0,0.084
MDG,1974,0,0.084
MDG,1975,,0.081
MDG,1976,1,0.092
MDG,1977,1,0.089
MDG,1978,1,0.089
MDG,1979,1,0.089
MDG,1980,1,0.089
MDG,1981,1,0.091
MDG,1982,1,0.091
MDG,1983,1,0.092
MDG,1984,1,0.093
MDG,1985,1,0.093
MDG,1986,1,0.094
MDG,1987,1,0.096
MDG,1988,1,0.097
MDG,1989,1,0.099
MDG,1990,1,0.110
MDG,1991,1,0.140
MDG,1992,1,0.148
MDG,1993,1,0.252
MDG,1994,2,0.372
MDG,1995,2,0.357
MDG,1996,2,0.351
MDG,1997,2,0.279
MDG,1998,2,0.271
MDG,1999,2,0.272
MDG,2000,1,0.272
MDG,2001,1,0.270
MDG,2002,1,0.245
MDG,2003,1,0.267
MDG,2004,1,0.269
MDG,2005,1,0.269
MDG,2006,1,0.267
MDG,2007,1,0.274
MDG,2008,2,0.277
MDG,2009,0,0.101
MDG,2010,0,0.079
MDG,2011,0,0.101
MDG,2012,0,0.100
MDG,2013,0,0.125
MDG,2014,1,0.232
MDG,2015,1,0.258
MDG,2016,1,0.258
MDG,2017,1,0.260
MDG,2018,1,0.268
MDG,2019,1,0.248
MDG,2020,1,0.246
MDG,2021,1,0.237
MDG,2022,1,0.237
MDG,2023,1,0.225
MDG,2024,1,0.201
MDG,2025,0,0.187
MDV,1946,0,0.071
MDV,1947,0,0.071
MDV,1948,0,0.071
MDV,1949,0,0.071
MDV,1950,0,0.071
MDV,1951,0,0.071
MDV,1952,0,0.071
MDV,1953,0,0.063
MDV,1954,0,0.063
MDV,1955,0,0.063
MDV,1956,0,0.063
MDV,1957,0,0.063
MDV,1958,0,0.063
MDV,1959,0,0.063
MDV,1960,0,0.065
MDV,1961,0,0.065
MDV,1962,0,0.065
MDV,1963,0,0.062
MDV,1964,0,0.063
MDV,1965,0,0.063
MDV,1966,0,0.059
MDV,1967,0,0.057
MDV,1968,0,0.062
MDV,1969,0,0.069
MDV,1970,0,0.068
MDV,1971,0,0.068
MDV,1972,0,0.068
MDV,1973,0,0.068
MDV,1974,0,0.069
MDV,1975,1,0.069
MDV,1976,1,0.069
MDV,1977,1,0.069
MDV,1978,1,0.061
MDV,1979,1,0.059
MDV,1980,1,0.059
MDV,1981,1,0.059
MDV,1982,1,0.059
MDV,1983,1,0.059
MDV,1984,1,0.059
MDV,1985,1,0.059
MDV,1986,1,0.057
MDV,1987,1,0.057
MDV,1988,1,0.057
MDV,1989,1,0.057
MDV,1990,1,0.059
MDV,1991,1,0.058
MDV,1992,1,0.058
MDV,1993,1,0.058
MDV,1994,1,0.057
MDV,1995,1,0.058
MDV,1996,1,0.058
MDV,1997,1,0.058
MDV,1998,1,0.058
MDV,1999,1,0.057
MDV,2000,1,0.057
MDV,2001,1,0.058
MDV,2002,1,0.055
MDV,2003,1,0.057
MDV,2004,0,0.061
MDV,2005,1,0.117
MDV,2006,1,0.126
MDV,2007,1,0.128
MDV,2008,1,0.246
MDV,2009,2,0.404
MDV,2010,2,0.395
MDV,2011,2,0.392
MDV,2012,2,0.333
MDV,2013,1,0.238
MDV,2014,1,0.209
MDV,2015,1,0.187
MDV,2016,1,0.182
MDV,2017,1,0.178
MDV,2018,1,0.196
MDV,2019,2,0.410
MDV,2020,2,0.429
MDV,2021,2,0.424
MDV,2022,2,0.436
MDV,2023,2,0.453
MDV,2024,2,0.435
MDV,2025,2,0.416
MEX,1946,1,0.095
MEX,1947,1,0.095
MEX,1948,1,0.095
MEX,1949,1,0.095
MEX,1950,1,0.095
MEX,1951,1,0.095
MEX,1952,1,0.095
MEX,1953,1,0.095
MEX,1954,1,0.104
MEX,1955,1,0.105
MEX,1956,1,0.105
MEX,1957,1,0.105
MEX,1958,1,0.104
MEX,1959,1,0.103
MEX,1960,1,0.104
MEX,1961,1,0.104
MEX,1962,1,0.104
MEX,1963,1,0.104
MEX,1964,1,0.103
MEX,1965,1,0.103
MEX,1966,1,0.103
MEX,1967,1,0.104
MEX,1968,1,0.104
MEX,1969,1,0.106
MEX,1970,1,0.107
MEX,1971,1,0.107
MEX,1972,1,0.108
MEX,1973,1,0.108
MEX,1974,1,0.107
MEX,1975,1,0.108
MEX,1976,1,0.112
MEX,1977,1,0.122
MEX,1978,1,0.127
MEX,1979,1,0.127
MEX,1980,1,0.128
MEX,1981,1,0.129
MEX,1982,1,0.136
MEX,1983,1,0.142
MEX,1984,1,0.142
MEX,1985,1,0.142
MEX,1986,1,0.143
MEX,1987,1,0.145
MEX,1988,1,0.159
MEX,1989,1,0.172
MEX,1990,1,0.186
MEX,1991,1,0.196
MEX,1992,1,0.208
MEX,1993,1,0.215
MEX,1994,1,0.260
MEX,1995,1,0.281
MEX,1996,2,0.293
MEX,1997,2,0.346
MEX,1998,2,0.378
MEX,1999,2,0.381
MEX,2000,2,0.481
MEX,2001,2,0.484
MEX,2002,2,0.494
MEX,2003,2,0.499
MEX,2004,2,0.505
MEX,2005,2,0.505
MEX,2006,2,0.478
MEX,2007,2,0.454
MEX,2008,2,0.456
MEX,2009,2,0.459
MEX,2010,2,0.465
MEX,2011,2,0.468
MEX,2012,2,0.457
MEX,2013,2,0.420
MEX,2014,2,0.421
MEX,2015,2,0.433
MEX,2016,2,0.434
MEX,2017,2,0.440
MEX,2018,2,0.452
MEX,2019,2,0.428
MEX,2020,2,0.406
MEX,2021,2,0.371
MEX,2022,2,0.330
MEX,2023,2,0.302
MEX,2024,1,0.246
MEX,2025,1,0.221
MKD,1946,0,0.073
MKD,1947,0,0.071
MKD,1948,0,0.071
MKD,1949,0,0.081
MKD,1950,0,0.088
MKD,1951,0,0.092
MKD,1952,0,0.093
MKD,1953,0,0.097
MKD,1954,0,0.097
MKD,1955,0,0.098
MKD,1956,0,0.098
MKD,1957,0,0.098
MKD,1958,0,0.097
MKD,1959,0,0.097
MKD,1960,0,0.097
MKD,1961,0,0.097
MKD,1962,0,0.097
MKD,1963,0,0.113
MKD,1964,0,0.113
MKD,1965,0,0.116
MKD,1966,0,0.116
MKD,1967,0,0.117
MKD,1968,0,0.117
MKD,1969,0,0.117
MKD,1970,0,0.117
MKD,1971,0,0.117
MKD,1972,0,0.117
MKD,1973,0,0.117
MKD,1974,0,0.120
MKD,1975,0,0.122
MKD,1976,0,0.122
MKD,1977,0,0.122
MKD,1978,0,0.122
MKD,1979,0,0.120
MKD,1980,0,0.125
MKD,1981,0,0.133
MKD,1982,0,0.135
MKD,1983,0,0.135
MKD,1984,0,0.135
MKD,1985,0,0.135
MKD,1986,0,0.135
MKD,1987,0,0.135
MKD,1988,0,0.138
MKD,1989,0,0.129
MKD,1990,0,0.150
MKD,1991,0,0.255
MKD,1992,0,0.256
MKD,1993,0,0.260
MKD,1994,1,0.279
MKD,1995,1,0.348
MKD,1996,1,0.357
MKD,1997,1,0.362
MKD,1998,2,0.388
MKD,1999,1,0.429
MKD,2000,1,0.352
MKD,2001,1,0.333
MKD,2002,2,0.399
MKD,2003,2,0.465
MKD,2004,2,0.468
MKD,2005,2,0.455
MKD,2006,2,0.451
MKD,2007,2,0.438
MKD,2008,2,0.412
MKD,2009,2,0.378
MKD,2010,2,0.373
MKD,2011,1,0.340
MKD,2012,1,0.315
MKD,2013,1,0.287
MKD,2014,1,0.276
MKD,2015,1,0.270
MKD,2016,1,0.279
MKD,2017,2,0.376
MKD,2018,2,0.386
MKD,2019,2,0.411
MKD,2020,2,0.400
MKD,2021,2,0.389
MKD,2022,2,0.373
MKD,2023,2,0.363
MKD,2024,2,0.370
MKD,2025,2,0.374
MLI,1946,0,0.039
MLI,1947,0,0.092
MLI,1948,0,0.092
MLI,1949,0,0.093
MLI,1950,0,0.093
MLI,1951,0,0.093
MLI,1952,0,0.094
MLI,1953,0,0.094
MLI,1954,0,0.094
MLI,1955,0,0.094
MLI,1956,0,0.094
MLI,1957,0,0.104
MLI,1958,0,0.084
MLI,1959,0,0.093
MLI,1960,1,0.164
MLI,1961,1,0.172
MLI,1962,1,0.176
MLI,1963,1,0.173
MLI,1964,1,0.171
MLI,1965,1,0.166
MLI,1966,1,0.166
MLI,1967,1,0.167
MLI,1968,0,0.157
MLI,1969,0,0.099
MLI,1970,0,0.097
MLI,1971,0,0.097
MLI,1972,0,0.097
MLI,1973,0,0.097
MLI,1974,0,0.097
MLI,1975,0,0.099
MLI,1976,0,0.099
MLI,1977,0,0.098
MLI,1978,0,0.098
MLI,1979,0,0.114
MLI,1980,0,0.126
MLI,1981,0,0.126
MLI,1982,0,0.126
MLI,1983,1,0.125
MLI,1984,1,0.125
MLI,1985,0,0.125
MLI,1986,0,0.125
MLI,1987,0,0.126
MLI,1988,0,0.127
MLI,1989,1,0.127
MLI,1990,1,0.145
MLI,1991,0,0.154
MLI,1992,1,0.344
MLI,1993,2,0.426
MLI,1994,2,0.426
MLI,1995,2,0.422
MLI,1996,2,0.422
MLI,1997,2,0.392
MLI,1998,2,0.366
MLI,1999,2,0.366
MLI,2000,2,0.370
MLI,2001,2,0.370
MLI,2002,2,0.403
MLI,2003,2,0.416
MLI,2004,2,0.416
MLI,2005,2,0.416
MLI,2006,2,0.418
MLI,2007,2,0.413
MLI,2008,2,0.406
MLI,2009,2,0.406
MLI,2010,2,0.405
MLI,2011,2,0.407
MLI,2012,1,0.233
MLI,2013,1,0.194
MLI,2014,2,0.327
MLI,2015,2,0.349
MLI,2016,2,0.349
MLI,2017,2,0.328
MLI,2018,1,0.307
MLI,2019,1,0.317
MLI,2020,0,0.254
MLI,2021,0,0.155
MLI,2022,0,0.147
MLI,2023,0,0.145
MLI,2024,0,0.141
MLI,2025,0,0.150
MLT,1946,0,0.168
MLT,1947,1,0.236
MLT,1948,2,0.507
MLT,1949,2,0.507
MLT,1950,2,0.507
MLT,1951,2,0.505
MLT,1952,2,0.505
MLT,1953,2,0.505
MLT,1954,2,0.505
MLT,1955,2,0.503
MLT,1956,2,0.503
MLT,1957,2,0.503
MLT,1958,0,0.303
MLT,1959,0,0.188
MLT,1960,0,0.188
MLT,1961,0,0.188
MLT,1962,1,0.224
MLT,1963,2,0.502
MLT,1964,2,0.533
MLT,1965,2,0.517
MLT,1966,2,0.518
MLT,1967,2,0.518
MLT,1968,2,0.518
MLT,1969,2,0.518
MLT,1970,2,0.518
MLT,1971,2,0.503
MLT,1972,2,0.503
MLT,1973,2,0.503
MLT,1974,2,0.503
MLT,1975,2,0.503
MLT,1976,2,0.498
MLT,1977,2,0.488
MLT,1978,2,0.488
MLT,1979,2,0.488
MLT,1980,2,0.488
MLT,1981,2,0.487
MLT,1982,2,0.472
MLT,1983,2,0.472
MLT,1984,2,0.472
MLT,1985,2,0.472
MLT,1986,2,0.475
MLT,1987,2,0.528
MLT,1988,2,0.545
MLT,1989,2,0.545
MLT,1990,2,0.545
MLT,1991,2,0.557
MLT,1992,2,0.582
MLT,1993,2,0.586
MLT,1994,2,0.586
MLT,1995,2,0.586
MLT,1996,2,0.596
MLT,1997,2,0.599
MLT,1998,2,0.598
MLT,1999,2,0.597
MLT,2000,2,0.597
MLT,2001,2,0.597
MLT,2002,2,0.597
MLT,2003,2,0.599
MLT,2004,2,0.599
MLT,2005,2,0.599
MLT,2006,2,0.599
MLT,2007,2,0.596
MLT,2008,2,0.610
MLT,2009,2,0.624
MLT,2010,2,0.623
MLT,2011,2,0.623
MLT,2012,2,0.624
MLT,2013,2,0.597
MLT,2014,2,0.587
MLT,2015,2,0.584
MLT,2016,2,0.572
MLT,2017,2,0.558
MLT,2018,2,0.552
MLT,2019,2,0.569
MLT,2020,2,0.605
MLT,2021,2,0.605
MLT,2022,2,0.617
MLT,2023,2,0.623
MLT,2024,2,0.621
MLT,2025,2,0.621
MMR,1946,0,0.112
MMR,1947,0,0.122
MMR,1948,0,0.144
MMR,1949,0,0.145
MMR,1950,0,0.144
MMR,1951,1,0.155
MMR,1952,1,0.260
MMR,1953,1,0.281
MMR,1954,1,0.281
MMR,1955,1,0.281
MMR,1956,1,0.281
MMR,1957,1,0.281
MMR,1958,1,0.269
MMR,1959,1,0.269
MMR,1960,1,0.275
MMR,1961,1,0.275
MMR,1962,0,0.053
MMR,1963,0,0.018
MMR,1964,0,0.016
MMR,1965,0,0.016
MMR,1966,0,0.014
MMR,1967,0,0.014
MMR,1968,0,0.014
MMR,1969,0,0.014
MMR,1970,0,0.014
MMR,1971,0,0.014
MMR,1972,0,0.014
MMR,1973,0,0.014
MMR,1974,0,0.016
MMR,1975,0,0.019
MMR,1976,0,0.027
MMR,1977,0,0.027
MMR,1978,0,0.027
MMR,1979,0,0.027
MMR,1980,0,0.027
MMR,1981,0,0.027
MMR,1982,0,0.027
MMR,1983,0,0.027
MMR,1984,0,0.027
MMR,1985,0,0.027
MMR,1986,0,0.027
MMR,1987,0,0.027
MMR,1988,0,0.015
MMR,1989,0,0.017
MMR,1990,0,0.020
MMR,1991,0,0.017
MMR,1992,0,0.017
MMR,1993,0,0.017
MMR,1994,0,0.017
MMR,1995,0,0.017
MMR,1996,0,0.017
MMR,1997,0,0.017
MMR,1998,0,0.017
MMR,1999,0,0.017
MMR,2000,0,0.018
MMR,2001,0,0.018
MMR,2002,0,0.018
MMR,2003,0,0.018
MMR,2004,0,0.018
MMR,2005,0,0.018
MMR,2006,0,0.018
MMR,2007,0,0.017
MMR,2008,0,0.018
MMR,2009,0,0.018
MMR,2010,0,0.033
MMR,2011,1,0.107
MMR,2012,1,0.134
MMR,2013,1,0.157
MMR,2014,1,0.163
MMR,2015,1,0.181
MMR,2016,1,0.226
MMR,2017,1,0.229
MMR,2018,1,0.232
MMR,2019,1,0.246
MMR,2020,1,0.252
MMR,2021,0,0.020
MMR,2022,0,0.016
MMR,2023,0,0.015
MMR,2024,0,0.015
MMR,2025,0,0.015
MNE,1998,1,0.191
MNE,1999,1,0.331
MNE,2000,1,0.336
MNE,2001,1,0.348
MNE,2002,1,0.363
MNE,2003,2,0.378
MNE,2004,2,0.385
MNE,2005,2,0.388
MNE,2006,2,0.382
MNE,2007,1,0.392
MNE,2008,2,0.406
MNE,2009,2,0.410
MNE,2010,2,0.411
MNE,2011,2,0.410
MNE,2012,2,0.413
MNE,2013,1,0.394
MNE,2014,1,0.388
MNE,2015,1,0.387
MNE,2016,1,0.383
MNE,2017,1,0.375
MNE,2018,1,0.378
MNE,2019,1,0.376
MNE,2020,1,0.395
MNE,2021,2,0.432
MNE,2022,2,0.429
MNE,2023,2,0.491
MNE,2024,2,0.500
MNE,2025,2,0.500
MNG,1946,0,0.037
MNG,1947,0,0.038
MNG,1948,0,0.038
MNG,1949,0,0.038
MNG,1950,0,0.038
MNG,1951,0,0.040
MNG,1952,0,0.051
MNG,1953,0,0.052
MNG,1954,0,0.052
MNG,1955,0,0.052
MNG,1956,0,0.052
MNG,1957,0,0.052
MNG,1958,0,0.052
MNG,1959,0,0.052
MNG,1960,0,0.056
MNG,1961,0,0.058
MNG,1962,0,0.058
MNG,1963,0,0.058
MNG,1964,0,0.058
MNG,1965,0,0.058
MNG,1966,0,0.058
MNG,1967,0,0.058
MNG,1968,0,0.058
MNG,1969,0,0.058
MNG,1970,0,0.058
MNG,1971,0,0.058
MNG,1972,0,0.058
MNG,1973,0,0.058
MNG,1974,0,0.058
MNG,1975,0,0.058
MNG,1976,0,0.058
MNG,1977,0,0.058
MNG,1978,0,0.058
MNG,1979,0,0.058
MNG,1980,0,0.058
MNG,1981,0,0.058
MNG,1982,0,0.059
MNG,1983,0,0.059
MNG,1984,0,0.059
MNG,1985,0,0.059
MNG,1986,0,0.059
MNG,1987,0,0.059
MNG,1988,0,0.059
MNG,1989,0,0.059
MNG,1990,1,0.235
MNG,1991,2,0.395
MNG,1992,2,0.533
MNG,1993,2,0.569
MNG,1994,2,0.581
MNG,1995,2,0.581
MNG,1996,2,0.591
MNG,1997,2,0.598
MNG,1998,2,0.600
MNG,1999,2,0.603
MNG,2000,2,0.552
MNG,2001,2,0.541
MNG,2002,2,0.551
MNG,2003,2,0.556
MNG,2004,2,0.555
MNG,2005,2,0.557
MNG,2006,2,0.566
MNG,2007,2,0.566
MNG,2008,2,0.539
MNG,2009,2,0.546
MNG,2010,2,0.565
MNG,2011,2,0.563
MNG,2012,2,0.566
MNG,2013,2,0.557
MNG,2014,2,0.556
MNG,2015,2,0.556
MNG,2016,2,0.548
MNG,2017,2,0.544
MNG,2018,2,0.536
MNG,2019,2,0.540
MNG,2020,2,0.523
MNG,2021,2,0.495
MNG,2022,2,0.462
MNG,2023,2,0.412
MNG,2024,1,0.385
MNG,2025,2,0.424
MOZ,1946,0,0.020
MOZ,1947,0,0.020
MOZ,1948,0,0.020
MOZ,1949,0,0.020
MOZ,1950,0,0.020
MOZ,1951,0,0.020
MOZ,1952,0,0.020
MOZ,1953,0,0.020
MOZ,1954,0,0.020
MOZ,1955,0,0.020
MOZ,1956,0,0.020
MOZ,1957,0,0.020
MOZ,1958,0,0.020
MOZ,1959,0,0.020
MOZ,1960,0,0.021
MOZ,1961,0,0.020
MOZ,1962,0,0.020
MOZ,1963,0,0.020
MOZ,1964,0,0.020
MOZ,1965,0,0.020
MOZ,1966,0,0.020
MOZ,1967,0,0.020
MOZ,1968,0,0.020
MOZ,1969,0,0.020
MOZ,1970,0,0.021
MOZ,1971,0,0.021
MOZ,1972,0,0.020
MOZ,1973,0,0.034
MOZ,1974,0,0.030
MOZ,1975,0,0.049
MOZ,1976,0,0.052
MOZ,1977,0,0.049
MOZ,1978,0,0.049
MOZ,1979,0,0.049
MOZ,1980,0,0.048
MOZ,1981,0,0.048
MOZ,1982,0,0.048
MOZ,1983,0,0.048
MOZ,1984,0,0.048
MOZ,1985,0,0.048
MOZ,1986,0,0.048
MOZ,1987,0,0.050
MOZ,1988,0,0.051
MOZ,1989,0,0.051
MOZ,1990,0,0.111
MOZ,1991,0,0.132
MOZ,1992,0,0.138
MOZ,1993,0,0.154
MOZ,1994,1,0.199
MOZ,1995,1,0.305
MOZ,1996,1,0.304
MOZ,1997,1,0.301
MOZ,1998,1,0.302
MOZ,1999,1,0.298
MOZ,2000,1,0.297
MOZ,2001,1,0.297
MOZ,2002,1,0.294
MOZ,2003,1,0.299
MOZ,2004,1,0.296
MOZ,2005,1,0.312
MOZ,2006,1,0.313
MOZ,2007,1,0.313
MOZ,2008,1,0.309
MOZ,2009,1,0.307
MOZ,2010,1,0.293
MOZ,2011,1,0.296
MOZ,2012,1,0.296
MOZ,2013,1,0.301
MOZ,2014,1,0.299
MOZ,2015,1,0.299
MOZ,2016,1,0.292
MOZ,2017,1,0.275
MOZ,2018,1,0.264
MOZ,2019,1,0.255
MOZ,2020,1,0.238
MOZ,2021,1,0.244
MOZ,2022,1,0.240
MOZ,2023,1,0.224
MOZ,2024,1,0.189
MOZ,2025,1,0.175
MRT,1946,0,0.070
MRT,1947,0,0.083
MRT,1948,0,0.084
MRT,1949,0,0.084
MRT,1950,0,0.084
MRT,1951,0,0.084
MRT,1952,0,0.085
MRT,1953,0,0.084
MRT,1954,0,0.084
MRT,1955,0,0.084
MRT,1956,0,0.084
MRT,1957,1,0.108
MRT,1958,1,0.116
MRT,1959,1,0.118
MRT,1960,0,0.145
MRT,1961,1,0.107
MRT,1962,1,0.121
MRT,1963,1,0.121
MRT,1964,1,0.121
MRT,1965,1,0.118
MRT,1966,1,0.116
MRT,1967,1,0.115
MRT,1968,1,0.115
MRT,1969,1,0.115
MRT,1970,1,0.117
MRT,1971,1,0.117
MRT,1972,1,0.118
MRT,1973,1,0.117
MRT,1974,1,0.117
MRT,1975,1,0.117
MRT,1976,1,0.117
MRT,1977,1,0.117
MRT,1978,0,0.088
MRT,1979,0,0.043
MRT,1980,0,0.043
MRT,1981,0,0.044
MRT,1982,0,0.041
MRT,1983,0,0.041
MRT,1984,0,0.042
MRT,1985,0,0.043
MRT,1986,0,0.043
MRT,1987,0,0.045
MRT,1988,0,0.045
MRT,1989,0,0.044
MRT,1990,0,0.045
MRT,1991,0,0.049
MRT,1992,1,0.107
MRT,1993,1,0.121
MRT,1994,1,0.124
MRT,1995,1,0.124
MRT,1996,1,0.135
MRT,1997,1,0.132
MRT,1998,1,0.133
MRT,1999,1,0.133
MRT,2000,1,0.138
MRT,2001,1,0.140
MRT,2002,1,0.143
MRT,2003,1,0.140
MRT,2004,1,0.146
MRT,2005,0,0.120
MRT,2006,0,0.122
MRT,2007,1,0.237
MRT,2008,0,0.208
MRT,2009,1,0.192
MRT,2010,1,0.228
MRT,2011,1,0.228
MRT,2012,1,0.230
MRT,2013,1,0.174
MRT,2014,1,0.175
MRT,2015,1,0.178
MRT,2016,1,0.178
MRT,2017,1,0.157
MRT,2018,1,0.172
MRT,2019,1,0.186
MRT,2020,1,0.206
MRT,2021,1,0.195
MRT,2022,1,0.195
MRT,2023,1,0.183
MRT,2024,1,0.136
MRT,2025,1,0.127
MUS,1946,0,0.140
MUS,1947,0,0.140
MUS,1948,0,0.194
MUS,1949,0,0.302
MUS,1950,0,0.304
MUS,1951,0,0.304
MUS,1952,0,0.304
MUS,1953,0,0.304
MUS,1954,0,0.309
MUS,1955,0,0.309
MUS,1956,0,0.309
MUS,1957,0,0.311
MUS,1958,0,0.313
MUS,1959,0,0.332
MUS,1960,0,0.332
MUS,1961,1,0.332
MUS,1962,1,0.402
MUS,1963,1,0.403
MUS,1964,1,0.398
MUS,1965,1,0.398
MUS,1966,1,0.398
MUS,1967,1,0.404
MUS,1968,2,0.540
MUS,1969,2,0.555
MUS,1970,2,0.544
MUS,1971,2,0.538
MUS,1972,2,0.540
MUS,1973,2,0.537
MUS,1974,2,0.541
MUS,1975,2,0.541
MUS,1976,2,0.560
MUS,1977,2,0.580
MUS,1978,2,0.580
MUS,1979,2,0.582
MUS,1980,2,0.591
MUS,1981,2,0.591
MUS,1982,2,0.601
MUS,1983,2,0.601
MUS,1984,2,0.600
MUS,1985,3,0.600
MUS,1986,3,0.608
MUS,1987,3,0.609
MUS,1988,3,0.611
MUS,1989,3,0.611
MUS,1990,3,0.603
MUS,1991,3,0.605
MUS,1992,3,0.609
MUS,1993,3,0.619
MUS,1994,3,0.619
MUS,1995,3,0.619
MUS,1996,3,0.617
MUS,1997,3,0.617
MUS,1998,3,0.617
MUS,1999,3,0.616
MUS,2000,3,0.641
MUS,2001,3,0.642
MUS,2002,3,0.648
MUS,2003,3,0.648
MUS,2004,3,0.648
MUS,2005,3,0.644
MUS,2006,3,0.645
MUS,2007,3,0.645
MUS,2008,3,0.641
MUS,2009,3,0.641
MUS,2010,3,0.655
MUS,2011,3,0.656
MUS,2012,3,0.656
MUS,2013,3,0.642
MUS,2014,3,0.617
MUS,2015,3,0.627
MUS,2016,3,0.620
MUS,2017,2,0.622
MUS,2018,2,0.631
MUS,2019,2,0.595
MUS,2020,2,0.451
MUS,2021,2,0.423
MUS,2022,2,0.373
MUS,2023,1,0.353
MUS,2024,1,0.371
MUS,2025,2,0.639
MWI,1946,0,0.040
MWI,1947,0,0.040
MWI,1948,0,0.040
MWI,1949,0,0.040
MWI,1950,0,0.041
MWI,1951,0,0.041
MWI,1952,0,0.041
MWI,1953,0,0.041
MWI,1954,0,0.041
MWI,1955,0,0.041
MWI,1956,0,0.041
MWI,1957,0,0.041
MWI,1958,0,0.041
MWI,1959,0,0.041
MWI,1960,0,0.042
MWI,1961,0,0.060
MWI,1962,0,0.091
MWI,1963,1,0.110
MWI,1964,1,0.133
MWI,1965,1,0.098
MWI,1966,1,0.086
MWI,1967,1,0.086
MWI,1968,1,0.086
MWI,1969,1,0.088
MWI,1970,1,0.088
MWI,1971,1,0.086
MWI,1972,1,0.086
MWI,1973,1,0.086
MWI,1974,1,0.086
MWI,1975,1,0.086
MWI,1976,1,0.080
MWI,1977,1,0.076
MWI,1978,1,0.077
MWI,1979,1,0.077
MWI,1980,1,0.077
MWI,1981,1,0.077
MWI,1982,1,0.077
MWI,1983,1,0.077
MWI,1984,1,0.077
MWI,1985,1,0.077
MWI,1986,1,0.077
MWI,1987,1,0.077
MWI,1988,1,0.077
MWI,1989,1,0.077
MWI,1990,1,0.077
MWI,1991,1,0.078
MWI,1992,1,0.084
MWI,1993,1,0.110
MWI,1994,1,0.299
MWI,1995,2,0.432
MWI,1996,2,0.439
MWI,1997,2,0.439
MWI,1998,2,0.439
MWI,1999,2,0.401
MWI,2000,1,0.379
MWI,2001,1,0.386
MWI,2002,1,0.387
MWI,2003,1,0.387
MWI,2004,1,0.377
MWI,2005,1,0.367
MWI,2006,1,0.364
MWI,2007,1,0.365
MWI,2008,1,0.367
MWI,2009,1,0.400
MWI,2010,2,0.406
MWI,2011,2,0.410
MWI,2012,2,0.424
MWI,2013,2,0.439
MWI,2014,2,0.437
MWI,2015,2,0.444
MWI,2016,2,0.442
MWI,2017,2,0.457
MWI,2018,2,0.442
MWI,2019,1,0.413
MWI,2020,2,0.462
MWI,2021,2,0.522
MWI,2022,2,0.512
MWI,2023,2,0.479
MWI,2024,2,0.472
MWI,2025,2,0.462
MYS,1946,0,0.112
MYS,1947,0,0.116
MYS,1948,0,0.114
MYS,1949,0,0.140
MYS,1950,0,0.140
MYS,1951,0,0.140
MYS,1952,0,0.140
MYS,1953,0,0.140
MYS,1954,0,0.140
MYS,1955,1,0.187
MYS,1956,1,0.219
MYS,1957,1,0.214
MYS,1958,1,0.221
MYS,1959,1,0.221
MYS,1960,1,0.217
MYS,1961,1,0.219
MYS,1962,1,0.218
MYS,1963,1,0.218
MYS,1964,1,0.212
MYS,1965,1,0.210
MYS,1966,1,0.210
MYS,1967,1,0.213
MYS,1968,1,0.209
MYS,1969,1,0.163
MYS,1970,0,0.133
MYS,1971,0,0.133
MYS,1972,0,0.170
MYS,1973,0,0.170
MYS,1974,1,0.179
MYS,1975,1,0.194
MYS,1976,1,0.194
MYS,1977,1,0.194
MYS,1978,1,0.194
MYS,1979,1,0.194
MYS,1980,1,0.196
MYS,1981,1,0.191
MYS,1982,1,0.175
MYS,1983,1,0.173
MYS,1984,1,0.171
MYS,1985,1,0.170
MYS,1986,1,0.168
MYS,1987,1,0.163
MYS,1988,1,0.155
MYS,1989,1,0.161
MYS,1990,1,0.163
MYS,1991,1,0.162
MYS,1992,1,0.162
MYS,1993,1,0.162
MYS,1994,1,0.162
MYS,1995,1,0.162
MYS,1996,1,0.161
MYS,1997,1,0.161
MYS,1998,1,0.161
MYS,1999,1,0.162
MYS,2000,1,0.165
MYS,2001,1,0.166
MYS,2002,1,0.171
MYS,2003,1,0.173
MYS,2004,1,0.207
MYS,2005,1,0.209
MYS,2006,1,0.210
MYS,2007,1,0.210
MYS,2008,1,0.216
MYS,2009,1,0.218
MYS,2010,1,0.216
MYS,2011,1,0.216
MYS,2012,1,0.218
MYS,2013,1,0.206
MYS,2014,1,0.208
MYS,2015,1,0.204
MYS,2016,1,0.202
MYS,2017,1,0.206
MYS,2018,1,0.319
MYS,2019,1,0.338
MYS,2020,1,0.307
MYS,2021,1,0.300
MYS,2022,1,0.316
MYS,2023,2,0.362
MYS,2024,2,0.359
MYS,2025,2,0.355
NAM,1946,0,0.058
NAM,1947,0,0.058
NAM,1948,0,0.056
NAM,1949,0,0.056
NAM,1950,0,0.057
NAM,1951,0,0.057
NAM,1952,0,0.057
NAM,1953,0,0.057
NAM,1954,0,0.057
NAM,1955,0,0.057
NAM,1956,0,0.057
NAM,1957,0,0.057
NAM,1958,0,0.057
NAM,1959,0,0.056
NAM,1960,0,0.057
NAM,1961,0,0.057
NAM,1962,0,0.057
NAM,1963,0,0.057
NAM,1964,0,0.057
NAM,1965,0,0.057
NAM,1966,0,0.058
NAM,1967,0,0.057
NAM,1968,0,0.057
NAM,1969,0,0.057
NAM,1970,0,0.057
NAM,1971,0,0.057
NAM,1972,0,0.057
NAM,1973,0,0.057
NAM,1974,0,0.058
NAM,1975,0,0.058
NAM,1976,0,0.058
NAM,1977,0,0.059
NAM,1978,0,0.060
NAM,1979,0,
NAM,1980,0,0.072
NAM,1981,0,0.071
NAM,1982,0,0.071
NAM,1983,0,0.053
NAM,1984,0,0.052
NAM,1985,0,0.074
NAM,1986,0,0.081
NAM,1987,0,0.081
NAM,1988,0,0.081
NAM,1989,0,0.105
NAM,1990,2,0.403
NAM,1991,2,0.490
NAM,1992,2,0.490
NAM,1993,2,0.490
NAM,1994,2,0.487
NAM,1995,2,0.553
NAM,1996,2,0.553
NAM,1997,2,0.553
NAM,1998,2,0.553
NAM,1999,2,0.550
NAM,2000,2,0.540
NAM,2001,2,0.537
NAM,2002,2,0.534
NAM,2003,2,0.537
NAM,2004,2,0.537
NAM,2005,2,0.550
NAM,2006,2,0.551
NAM,2007,2,0.544
NAM,2008,2,0.548
NAM,2009,2,0.541
NAM,2010,2,0.528
NAM,2011,2,0.533
NAM,2012,2,0.533
NAM,2013,2,0.536
NAM,2014,2,0.542
NAM,2015,2,0.579
NAM,2016,2,0.584
NAM,2017,2,0.577
NAM,2018,2,0.562
NAM,2019,2,0.512
NAM,2020,2,0.516
NAM,2021,2,0.506
NAM,2022,2,0.503
NAM,2023,2,0.503
NAM,2024,2,0.516
NAM,2025,2,0.519
NER,1946,0,0.071
NER,1947,0,0.074
NER,1948,0,0.072
NER,1949,0,0.072
NER,1950,0,0.072
NER,1951,0,0.072
NER,1952,0,0.072
NER,1953,0,0.072
NER,1954,0,0.072
NER,1955,0,0.072
NER,1956,0,0.077
NER,1957,0,0.094
NER,1958,0,0.096
NER,1959,0,0.100
NER,1960,1,0.118
NER,1961,1,0.133
NER,1962,1,0.132
NER,1963,1,0.132
NER,1964,1,0.132
NER,1965,0,0.131
NER,1966,0,0.128
NER,1967,0,0.128
NER,1968,0,0.128
NER,1969,0,0.128
NER,1970,0,0.127
NER,1971,0,0.126
NER,1972,0,0.126
NER,1973,0,0.127
NER,1974,0,0.104
NER,1975,0,0.085
NER,1976,0,0.085
NER,1977,0,0.086
NER,1978,0,0.085
NER,1979,0,0.085
NER,1980,0,0.086
NER,1981,0,0.086
NER,1982,0,0.086
NER,1983,0,0.086
NER,1984,0,0.086
NER,1985,0,0.086
NER,1986,0,0.086
NER,1987,0,0.091
NER,1988,0,0.101
NER,1989,1,0.120
NER,1990,1,0.217
NER,1991,1,0.254
NER,1992,1,0.235
NER,1993,2,0.399
NER,1994,2,0.407
NER,1995,2,0.404
NER,1996,1,0.182
NER,1997,1,0.228
NER,1998,1,0.228
NER,1999,1,0.173
NER,2000,2,0.407
NER,2001,2,0.407
NER,2002,2,0.407
NER,2003,2,0.407
NER,2004,2,0.409
NER,2005,2,0.425
NER,2006,2,0.426
NER,2007,2,0.427
NER,2008,2,0.421
NER,2009,1,0.275
NER,2010,0,0.185
NER,2011,2,0.390
NER,2012,2,0.482
NER,2013,2,0.501
NER,2014,2,0.502
NER,2015,2,0.493
NER,2016,2,0.459
NER,2017,2,0.426
NER,2018,2,0.405
NER,2019,2,0.401
NER,2020,2,0.401
NER,2021,2,0.401
NER,2022,2,0.387
NER,2023,0,0.285
NER,2024,0,0.182
NER,2025,0,0.177
NGA,1946,0,0.103
NGA,1947,0,0.107
NGA,1948,0,0.107
NGA,1949,0,0.107
NGA,1950,0,0.107
NGA,1951,0,0.107
NGA,1952,0,0.108
NGA,1953,0,0.116
NGA,1954,0,0.124
NGA,1955,0,0.126
NGA,1956,0,0.126
NGA,1957,0,0.129
NGA,1958,0,0.134
NGA,1959,0,
NGA,1960,0,0.195
NGA,1961,0,0.196
NGA,1962,0,0.196
NGA,1963,0,0.196
NGA,1964,0,0.189
NGA,1965,0,0.183
NGA,1966,0,0.110
NGA,1967,0,0.085
NGA,1968,0,0.085
NGA,1969,0,0.085
NGA,1970,0,0.086
NGA,1971,0,0.088
NGA,1972,0,0.094
NGA,1973,0,0.093
NGA,1974,0,0.093
NGA,1975,0,0.092
NGA,1976,0,0.095
NGA,1977,0,0.097
NGA,1978,0,0.099
NGA,1979,1,0.148
NGA,1980,1,0.254
NGA,1981,1,0.258
NGA,1982,1,0.258
NGA,1983,0,0.216
NGA,1984,0,0.094
NGA,1985,0,0.095
NGA,1986,0,0.098
NGA,1987,0,0.098
NGA,1988,0,0.098
NGA,1989,0,0.099
NGA,1990,0,0.100
NGA,1991,0,0.100
NGA,1992,0,0.108
NGA,1993,0,0.148
NGA,1994,0,0.098
NGA,1995,0,0.095
NGA,1996,0,0.094
NGA,1997,0,0.097
NGA,1998,0,0.107
NGA,1999,1,0.243
NGA,2000,1,0.327
NGA,2001,1,0.327
NGA,2002,1,0.327
NGA,2003,1,0.304
NGA,2004,1,0.296
NGA,2005,1,0.296
NGA,2006,1,0.294
NGA,2007,1,0.297
NGA,2008,1,0.303
NGA,2009,1,0.304
NGA,2010,1,0.319
NGA,2011,1,0.348
NGA,2012,2,0.360
NGA,2013,2,0.381
NGA,2014,2,0.389
NGA,2015,2,0.401
NGA,2016,2,0.395
NGA,2017,2,0.393
NGA,2018,2,0.391
NGA,2019,2,0.360
NGA,2020,2,0.349
NGA,2021,1,0.331
NGA,2022,1,0.321
NGA,2023,1,0.316
NGA,2024,1,0.314
NGA,2025,2,0.311
NIC,1946,0,0.034
NIC,1947,1,0.031
NIC,1948,0,0.032
NIC,1949,0,0.032
NIC,1950,1,0.029
NIC,1951,1,0.029
NIC,1952,1,0.029
NIC,1953,1,0.029
NIC,1954,1,0.029
NIC,1955,1,0.029
NIC,1956,1,0.034
NIC,1957,1,0.034
NIC,1958,1,0.034
NIC,1959,1,0.033
NIC,1960,1,0.034
NIC,1961,1,0.034
NIC,1962,1,0.034
NIC,1963,1,0.034
NIC,1964,1,0.034
NIC,1965,1,0.034
NIC,1966,1,0.034
NIC,1967,1,0.034
NIC,1968,1,0.034
NIC,1969,1,0.034
NIC,1970,1,0.036
NIC,1971,1,0.034
NIC,1972,1,0.031
NIC,1973,,0.034
NIC,1974,1,0.034
NIC,1975,1,0.034
NIC,1976,1,0.034
NIC,1977,1,0.034
NIC,1978,1,0.034
NIC,1979,0,0.024
NIC,1980,0,0.082
NIC,1981,0,0.083
NIC,1982,0,0.069
NIC,1983,0,0.070
NIC,1984,0,0.090
NIC,1985,1,0.167
NIC,1986,1,0.159
NIC,1987,1,0.157
NIC,1988,1,0.170
NIC,1989,1,0.178
NIC,1990,2,0.414
NIC,1991,2,0.471
NIC,1992,2,0.478
NIC,1993,2,0.482
NIC,1994,2,0.484
NIC,1995,2,0.485
NIC,1996,2,0.450
NIC,1997,2,0.409
NIC,1998,2,0.409
NIC,1999,2,0.383
NIC,2000,2,0.378
NIC,2001,2,0.373
NIC,2002,2,0.377
NIC,2003,2,0.371
NIC,2004,2,0.372
NIC,2005,2,0.372
NIC,2006,2,0.322
NIC,2007,1,0.216
NIC,2008,1,0.203
NIC,2009,1,0.197
NIC,2010,1,0.192
NIC,2011,1,0.188
NIC,2012,1,0.156
NIC,2013,1,0.125
NIC,2014,1,0.126
NIC,2015,1,0.124
NIC,2016,1,0.120
NIC,2017,1,0.103
NIC,2018,1,0.051
NIC,2019,1,0.046
NIC,2020,1,0.045
NIC,2021,1,0.034
NIC,2022,1,0.027
NIC,2023,1,0.021
NIC,2024,1,0.020
NIC,2025,1,0.019
NLD,1946,3,0.477
NLD,1947,3,0.692
NLD,1948,3,0.700
NLD,1949,3,0.716
NLD,1950,3,0.716
NLD,1951,3,0.716
NLD,1952,3,0.710
NLD,1953,3,0.704
NLD,1954,3,0.704
NLD,1955,3,0.697
NLD,1956,3,0.719
NLD,1957,3,0.726
NLD,1958,3,0.726
NLD,1959,3,0.728
NLD,1960,3,0.739
NLD,1961,3,0.739
NLD,1962,3,0.739
NLD,1963,3,0.734
NLD,1964,3,0.731
NLD,1965,3,0.731
NLD,1966,3,0.760
NLD,1967,3,0.764
NLD,1968,3,0.769
NLD,1969,3,0.780
NLD,1970,3,0.786
NLD,1971,3,0.787
NLD,1972,3,0.793
NLD,1973,3,0.791
NLD,1974,3,0.791
NLD,1975,3,0.791
NLD,1976,3,0.791
NLD,1977,3,0.790
NLD,1978,3,0.793
NLD,1979,3,0.802
NLD,1980,3,0.811
NLD,1981,3,0.811
NLD,1982,3,0.814
NLD,1983,3,0.813
NLD,1984,3,0.813
NLD,1985,3,0.813
NLD,1986,3,0.813
NLD,1987,3,0.812
NLD,1988,3,0.812
NLD,1989,3,0.813
NLD,1990,3,0.814
NLD,1991,3,0.814
NLD,1992,3,0.814
NLD,1993,3,0.814
NLD,1994,3,0.813
NLD,1995,3,0.812
NLD,1996,3,0.812
NLD,1997,3,0.805
NLD,1998,3,0.799
NLD,1999,3,0.817
NLD,2000,3,0.808
NLD,2001,3,0.808
NLD,2002,3,0.803
NLD,2003,3,0.813
NLD,2004,3,0.813
NLD,2005,3,0.813
NLD,2006,3,0.817
NLD,2007,3,0.823
NLD,2008,3,0.823
NLD,2009,3,0.823
NLD,2010,3,0.828
NLD,2011,3,0.827
NLD,2012,3,0.825
NLD,2013,3,0.830
NLD,2014,3,0.831
NLD,2015,3,0.831
NLD,2016,3,0.831
NLD,2017,3,0.833
NLD,2018,3,0.830
NLD,2019,3,0.819
NLD,2020,3,0.813
NLD,2021,3,0.812
NLD,2022,3,0.798
NLD,2023,3,0.791
NLD,2024,3,0.766
NLD,2025,3,0.774
NOR,1946,3,0.700
NOR,1947,3,0.700
NOR,1948,3,0.705
NOR,1949,3,0.706
NOR,1950,3,0.711
NOR,1951,3,0.713
NOR,1952,3,0.713
NOR,1953,3,0.714
NOR,1954,3,0.728
NOR,1955,3,0.731
NOR,1956,3,0.736
NOR,1957,3,0.745
NOR,1958,3,0.749
NOR,1959,3,0.749
NOR,1960,3,0.769
NOR,1961,3,0.770
NOR,1962,3,0.771
NOR,1963,3,0.771
NOR,1964,3,0.784
NOR,1965,3,0.789
NOR,1966,3,0.787
NOR,1967,3,0.787
NOR,1968,3,0.787
NOR,1969,3,0.788
NOR,1970,3,0.804
NOR,1971,3,0.804
NOR,1972,3,0.804
NOR,1973,3,0.804
NOR,1974,3,0.804
NOR,1975,3,0.804
NOR,1976,3,0.804
NOR,1977,3,0.804
NOR,1978,3,0.806
NOR,1979,3,0.806
NOR,1980,3,0.827
NOR,1981,3,0.828
NOR,1982,3,0.828
NOR,1983,3,0.828
NOR,1984,3,0.828
NOR,1985,3,0.828
NOR,1986,3,0.830
NOR,1987,3,0.830
NOR,1988,3,0.830
NOR,1989,3,0.829
NOR,1990,3,0.845
NOR,1991,3,0.845
NOR,1992,3,0.845
NOR,1993,3,0.846
NOR,1994,3,0.847
NOR,1995,3,0.847
NOR,1996,3,0.847
NOR,1997,3,0.847
NOR,1998,3,0.848
NOR,1999,3,0.848
NOR,2000,3,0.857
NOR,2001,3,0.858
NOR,2002,3,0.860
NOR,2003,3,0.860
NOR,2004,3,0.860
NOR,2005,3,0.862
NOR,2006,3,0.864
NOR,2007,3,0.864
NOR,2008,3,0.864
NOR,2009,3,0.866
NOR,2010,3,0.869
NOR,2011,3,0.869
NOR,2012,3,0.869
NOR,2013,3,0.863
NOR,2014,3,0.866
NOR,2015,3,0.871
NOR,2016,3,0.859
NOR,2017,3,0.855
NOR,2018,3,0.847
NOR,2019,3,0.852
NOR,2020,3,0.840
NOR,2021,3,0.843
NOR,2022,3,0.842
NOR,2023,3,0.841
NOR,2024,3,0.847
NOR,2025,3,0.847
NPL,1946,0,0.019
NPL,1947,0,0.019
NPL,1948,0,0.019
NPL,1949,0,0.019
NPL,1950,0,0.022
NPL,1951,0,0.055
NPL,1952,0,0.070
NPL,1953,0,0.071
NPL,1954,0,0.071
NPL,1955,0,0.071
NPL,1956,0,0.073
NPL,1957,0,0.071
NPL,1958,0,0.072
NPL,1959,1,0.133
NPL,1960,0,0.116
NPL,1961,0,0.057
NPL,1962,0,0.050
NPL,1963,0,0.080
NPL,1964,0,0.081
NPL,1965,0,0.082
NPL,1966,0,0.082
NPL,1967,0,0.082
NPL,1968,0,0.082
NPL,1969,0,0.082
NPL,1970,0,0.083
NPL,1971,0,0.083
NPL,1972,0,0.079
NPL,1973,0,0.080
NPL,1974,0,0.080
NPL,1975,0,0.079
NPL,1976,0,0.080
NPL,1977,0,0.080
NPL,1978,0,0.079
NPL,1979,0,0.079
NPL,1980,0,0.101
NPL,1981,0,0.102
NPL,1982,0,0.103
NPL,1983,0,0.103
NPL,1984,0,0.103
NPL,1985,0,0.103
NPL,1986,0,0.103
NPL,1987,0,0.103
NPL,1988,0,0.103
NPL,1989,0,0.103
NPL,1990,0,0.217
NPL,1991,1,0.309
NPL,1992,1,0.321
NPL,1993,1,0.326
NPL,1994,1,0.326
NPL,1995,1,0.318
NPL,1996,1,0.312
NPL,1997,1,0.311
NPL,1998,1,0.310
NPL,1999,1,0.307
NPL,2000,1,0.291
NPL,2001,1,0.283
NPL,2002,0,0.221
NPL,2003,0,0.145
NPL,2004,0,0.145
NPL,2005,0,0.149
NPL,2006,0,0.210
NPL,2007,0,0.277
NPL,2008,1,0.413
NPL,2009,2,0.471
NPL,2010,2,0.465
NPL,2011,2,0.472
NPL,2012,1,0.310
NPL,2013,1,0.191
NPL,2014,2,0.501
NPL,2015,2,0.534
NPL,2016,2,0.557
NPL,2017,2,0.553
NPL,2018,2,0.523
NPL,2019,2,0.484
NPL,2020,2,0.477
NPL,2021,2,0.491
NPL,2022,2,0.501
NPL,2023,2,0.528
NPL,2024,2,0.520
NPL,2025,2,0.505
NZL,1946,3,0.697
NZL,1947,3,0.704
NZL,1948,3,0.704
NZL,1949,3,0.704
NZL,1950,3,0.702
NZL,1951,3,0.673
NZL,1952,3,0.689
NZL,1953,3,0.689
NZL,1954,3,0.696
NZL,1955,3,0.706
NZL,1956,3,0.706
NZL,1957,3,0.707
NZL,1958,3,0.711
NZL,1959,3,0.711
NZL,1960,3,0.731
NZL,1961,3,0.732
NZL,1962,3,0.744
NZL,1963,3,0.753
NZL,1964,3,0.751
NZL,1965,3,0.751
NZL,1966,3,0.752
NZL,1967,3,0.753
NZL,1968,3,0.753
NZL,1969,3,0.753
NZL,1970,3,0.768
NZL,1971,3,0.768
NZL,1972,3,0.769
NZL,1973,3,0.766
NZL,1974,3,0.772
NZL,1975,3,0.772
NZL,1976,3,0.778
NZL,1977,3,0.773
NZL,1978,3,0.776
NZL,1979,3,0.770
NZL,1980,3,0.775
NZL,1981,3,0.773
NZL,1982,3,0.775
NZL,1983,3,0.778
NZL,1984,3,0.788
NZL,1985,3,0.796
NZL,1986,3,0.803
NZL,1987,3,0.804
NZL,1988,3,0.806
NZL,1989,3,0.806
NZL,1990,3,0.808
NZL,1991,3,0.809
NZL,1992,3,0.809
NZL,1993,3,0.814
NZL,1994,3,0.813
NZL,1995,3,0.813
NZL,1996,3,0.820
NZL,1997,3,0.825
NZL,1998,3,0.825
NZL,1999,3,0.825
NZL,2000,3,0.827
NZL,2001,3,0.827
NZL,2002,3,0.826
NZL,2003,3,0.825
NZL,2004,3,0.825
NZL,2005,3,0.824
NZL,2006,3,0.822
NZL,2007,3,0.822
NZL,2008,3,0.825
NZL,2009,3,0.839
NZL,2010,3,0.839
NZL,2011,3,0.837
NZL,2012,3,0.840
NZL,2013,3,0.832
NZL,2014,3,0.831
NZL,2015,3,0.828
NZL,2016,3,0.828
NZL,2017,3,0.822
NZL,2018,3,0.833
NZL,2019,3,0.831
NZL,2020,3,0.826
NZL,2021,3,0.813
NZL,2022,3,0.822
NZL,2023,3,0.824
NZL,2024,3,0.811
NZL,2025,3,0.787
OMN,1946,0,0.025
OMN,1947,0,0.024
OMN,1948,0,0.024
OMN,1949,0,0.024
OMN,1950,0,0.025
OMN,1951,0,0.025
OMN,1952,0,0.025
OMN,1953,0,0.025
OMN,1954,0,0.025
OMN,1955,0,0.025
OMN,1956,0,0.025
OMN,1957,0,0.025
OMN,1958,0,0.025
OMN,1959,0,0.025
OMN,1960,0,0.025
OMN,1961,0,0.025
OMN,1962,0,0.025
OMN,1963,0,0.024
OMN,1964,0,0.024
OMN,1965,0,0.022
OMN,1966,0,0.022
OMN,1967,0,0.022
OMN,1968,0,0.022
OMN,1969,0,0.022
OMN,1970,0,0.044
OMN,1971,0,0.049
OMN,1972,0,0.049
OMN,1973,0,0.049
OMN,1974,0,0.054
OMN,1975,0,0.053
OMN,1976,0,0.057
OMN,1977,0,0.061
OMN,1978,0,0.061
OMN,1979,0,0.061
OMN,1980,0,0.062
OMN,1981,0,0.062
OMN,1982,0,0.064
OMN,1983,0,0.064
OMN,1984,0,0.064
OMN,1985,0,0.064
OMN,1986,0,0.065
OMN,1987,0,0.065
OMN,1988,0,0.066
OMN,1989,0,0.066
OMN,1990,0,0.066
OMN,1991,0,0.069
OMN,1992,0,0.084
OMN,1993,0,0.084
OMN,1994,0,0.084
OMN,1995,0,0.084
OMN,1996,0,0.086
OMN,1997,0,0.086
OMN,1998,0,0.086
OMN,1999,0,0.087
OMN,2000,0,0.104
OMN,2001,0,0.111
OMN,2002,0,0.122
OMN,2003,0,0.123
OMN,2004,0,0.124
OMN,2005,0,0.125
OMN,2006,0,0.127
OMN,2007,0,0.125
OMN,2008,0,0.126
OMN,2009,0,0.126
OMN,2010,0,0.126
OMN,2011,0,0.136
OMN,2012,0,0.138
OMN,2013,0,0.139
OMN,2014,0,0.140
OMN,2015,0,0.141
OMN,2016,0,0.141
OMN,2017,0,0.140
OMN,2018,0,0.141
OMN,2019,0,0.141
OMN,2020,0,0.137
OMN,2021,0,0.140
OMN,2022,0,0.138
OMN,2023,0,0.139
OMN,2024,0,0.139
OMN,2025,0,0.140
PAK,1946,1,0.165
PAK,1947,0,0.157
PAK,1948,0,0.165
PAK,1949,0,0.165
PAK,1950,0,0.164
PAK,1951,0,0.162
PAK,1952,0,0.160
PAK,1953,0,0.160
PAK,1954,0,0.157
PAK,1955,0,0.156
PAK,1956,0,0.155
PAK,1957,0,0.157
PAK,1958,0,0.111
PAK,1959,0,0.083
PAK,1960,0,0.081
PAK,1961,0,0.081
PAK,1962,0,0.101
PAK,1963,0,0.120
PAK,1964,0,0.127
PAK,1965,0,0.126
PAK,1966,0,0.130
PAK,1967,0,0.129
PAK,1968,0,0.129
PAK,1969,0,0.089
PAK,1970,0,0.095
PAK,1971,0,0.071
PAK,1972,0,0.112
PAK,1973,0,0.133
PAK,1974,0,0.144
PAK,1975,0,0.143
PAK,1976,0,0.144
PAK,1977,1,0.113
PAK,1978,0,0.066
PAK,1979,0,0.061
PAK,1980,0,0.058
PAK,1981,0,0.058
PAK,1982,0,0.059
PAK,1983,0,0.059
PAK,1984,0,0.059
PAK,1985,1,0.102
PAK,1986,1,0.113
PAK,1987,1,0.115
PAK,1988,1,0.127
PAK,1989,1,0.202
PAK,1990,1,0.198
PAK,1991,1,0.196
PAK,1992,1,0.196
PAK,1993,1,0.201
PAK,1994,1,0.201
PAK,1995,1,0.201
PAK,1996,1,0.201
PAK,1997,1,0.196
PAK,1998,1,0.199
PAK,1999,1,0.167
PAK,2000,0,0.094
PAK,2001,0,0.091
PAK,2002,1,0.132
PAK,2003,1,0.190
PAK,2004,1,0.192
PAK,2005,1,0.189
PAK,2006,1,0.187
PAK,2007,1,0.185
PAK,2008,1,0.223
PAK,2009,1,0.259
PAK,2010,1,0.285
PAK,2011,1,0.283
PAK,2012,1,0.283
PAK,2013,1,0.285
PAK,2014,1,0.283
PAK,2015,1,0.264
PAK,2016,1,0.258
PAK,2017,1,0.257
PAK,2018,1,0.250
PAK,2019,1,0.233
PAK,2020,1,0.253
PAK,2021,1,0.248
PAK,2022,1,0.227
PAK,2023,1,0.205
PAK,2024,1,0.193
PAK,2025,1,0.176
PAN,1946,0,0.113
PAN,1947,0,0.140
PAN,1948,1,0.165
PAN,1949,1,0.168
PAN,1950,1,0.176
PAN,1951,0,0.165
PAN,1952,1,0.161
PAN,1953,1,0.200
PAN,1954,1,0.200
PAN,1955,1,0.200
PAN,1956,1,0.202
PAN,1957,1,0.203
PAN,1958,1,0.203
PAN,1959,1,0.203
PAN,1960,1,0.210
PAN,1961,1,0.212
PAN,1962,1,0.212
PAN,1963,1,0.212
PAN,1964,1,0.191
PAN,1965,1,0.185
PAN,1966,1,0.184
PAN,1967,1,0.192
PAN,1968,0,0.110
PAN,1969,0,0.068
PAN,1970,0,0.068
PAN,1971,0,0.068
PAN,1972,0,0.072
PAN,1973,1,0.074
PAN,1974,1,0.074
PAN,1975,1,0.074
PAN,1976,1,0.074
PAN,1977,1,0.074
PAN,1978,1,0.075
PAN,1979,1,0.077
PAN,1980,1,0.078
PAN,1981,1,0.076
PAN,1982,1,0.070
PAN,1983,1,0.070
PAN,1984,1,0.075
PAN,1985,1,0.075
PAN,1986,1,0.070
PAN,1987,1,0.070
PAN,1988,1,0.070
PAN,1989,1,0.073
PAN,1990,1,0.367
PAN,1991,2,0.507
PAN,1992,2,0.518
PAN,1993,2,0.522
PAN,1994,2,0.533
PAN,1995,2,0.534
PAN,1996,2,0.534
PAN,1997,2,0.534
PAN,1998,2,0.524
PAN,1999,2,0.524
PAN,2000,2,0.549
PAN,2001,2,0.558
PAN,2002,2,0.558
PAN,2003,2,0.558
PAN,2004,2,0.561
PAN,2005,2,0.547
PAN,2006,2,0.547
PAN,2007,2,0.547
PAN,2008,2,0.547
PAN,2009,2,0.549
PAN,2010,2,0.554
PAN,2011,2,0.554
PAN,2012,2,0.554
PAN,2013,2,0.547
PAN,2014,2,0.544
PAN,2015,2,0.553
PAN,2016,2,0.550
PAN,2017,2,0.553
PAN,2018,2,0.539
PAN,2019,2,0.535
PAN,2020,2,0.533
PAN,2021,2,0.544
PAN,2022,2,0.559
PAN,2023,2,0.557
PAN,2024,2,0.578
PAN,2025,2,0.575
PER,1946,1,0.245
PER,1947,1,0.248
PER,1948,0,0.120
PER,1949,0,0.032
PER,1950,0,0.042
PER,1951,0,0.056
PER,1952,0,0.056
PER,1953,0,0.055
PER,1954,0,0.055
PER,1955,0,0.055
PER,1956,1,0.126
PER,1957,1,0.251
PER,1958,1,0.257
PER,1959,1,0.257
PER,1960,1,0.258
PER,1961,1,0.256
PER,1962,0,0.141
PER,1963,1,0.180
PER,1964,1,0.332
PER,1965,1,0.336
PER,1966,1,0.336
PER,1967,1,0.333
PER,1968,0,0.170
PER,1969,0,0.037
PER,1970,0,0.037
PER,1971,0,0.037
PER,1972,0,0.037
PER,1973,0,0.036
PER,1974,0,0.035
PER,1975,0,0.037
PER,1976,0,0.039
PER,1977,0,0.039
PER,1978,0,0.058
PER,1979,0,0.055
PER,1980,1,0.180
PER,1981,2,0.461
PER,1982,2,0.451
PER,1983,2,0.452
PER,1984,2,0.452
PER,1985,2,0.430
PER,1986,2,0.422
PER,1987,2,0.425
PER,1988,2,0.425
PER,1989,2,0.425
PER,1990,2,0.393
PER,1991,2,0.390
PER,1992,0,0.115
PER,1993,0,0.095
PER,1994,0,0.094
PER,1995,1,0.106
PER,1996,1,0.129
PER,1997,1,0.125
PER,1998,1,0.120
PER,1999,1,0.120
PER,2000,1,0.185
PER,2001,2,0.567
PER,2002,2,0.648
PER,2003,2,0.651
PER,2004,2,0.651
PER,2005,2,0.659
PER,2006,2,0.652
PER,2007,2,0.647
PER,2008,2,0.650
PER,2009,2,0.649
PER,2010,2,0.658
PER,2011,2,0.670
PER,2012,2,0.698
PER,2013,2,0.689
PER,2014,2,0.691
PER,2015,2,0.688
PER,2016,2,0.673
PER,2017,2,0.677
PER,2018,2,0.698
PER,2019,2,0.694
PER,2020,2,0.706
PER,2021,2,0.660
PER,2022,2,0.621
PER,2023,2,0.572
PER,2024,2,0.501
PER,2025,2,0.506
PHL,1946,1,0.236
PHL,1947,1,0.262
PHL,1948,1,0.262
PHL,1949,1,0.261
PHL,1950,1,0.259
PHL,1951,1,0.260
PHL,1952,1,0.262
PHL,1953,1,0.264
PHL,1954,1,0.273
PHL,1955,1,0.279
PHL,1956,1,0.279
PHL,1957,1,0.279
PHL,1958,1,0.284
PHL,1959,1,0.284
PHL,1960,1,0.293
PHL,1961,1,0.293
PHL,1962,1,0.292
PHL,1963,1,0.292
PHL,1964,1,0.292
PHL,1965,1,0.288
PHL,1966,1,0.282
PHL,1967,1,0.283
PHL,1968,1,0.277
PHL,1969,1,0.269
PHL,1970,1,0.245
PHL,1971,1,0.212
PHL,1972,0,0.065
PHL,1973,0,0.038
PHL,1974,0,0.038
PHL,1975,0,0.038
PHL,1976,0,0.038
PHL,1977,,0.038
PHL,1978,1,0.055
PHL,1979,1,0.060
PHL,1980,1,0.060
PHL,1981,0,0.061
PHL,1982,0,0.062
PHL,1983,0,0.062
PHL,1984,0,0.062
PHL,1985,1,0.063
PHL,1986,1,0.128
PHL,1987,1,0.273
PHL,1988,2,0.417
PHL,1989,2,0.417
PHL,1990,2,0.430
PHL,1991,2,0.433
PHL,1992,2,0.425
PHL,1993,2,0.406
PHL,1994,2,0.409
PHL,1995,2,0.414
PHL,1996,2,0.416
PHL,1997,2,0.416
PHL,1998,2,0.428
PHL,1999,2,0.437
PHL,2000,2,0.439
PHL,2001,2,0.409
PHL,2002,2,0.394
PHL,2003,2,0.393
PHL,2004,1,0.354
PHL,2005,1,0.348
PHL,2006,1,0.346
PHL,2007,1,0.346
PHL,2008,1,0.347
PHL,2009,1,0.348
PHL,2010,2,0.395
PHL,2011,2,0.413
PHL,2012,2,0.413
PHL,2013,2,0.408
PHL,2014,2,0.408
PHL,2015,2,0.409
PHL,2016,1,0.346
PHL,2017,1,0.321
PHL,2018,1,0.295
PHL,2019,1,0.280
PHL,2020,1,0.270
PHL,2021,1,0.271
PHL,2022,1,0.277
PHL,2023,1,0.288
PHL,2024,1,0.301
PHL,2025,1,0.291
PNG,1946,0,0.113
PNG,1947,0,0.113
PNG,1948,0,0.113
PNG,1949,0,0.113
PNG,1950,0,0.113
PNG,1951,0,0.192
PNG,1952,0,0.192
PNG,1953,0,0.192
PNG,1954,0,0.192
PNG,1955,0,0.192
PNG,1956,0,0.192
PNG,1957,0,0.192
PNG,1958,0,0.192
PNG,1959,0,0.192
PNG,1960,0,0.207
PNG,1961,0,0.209
PNG,1962,0,0.210
PNG,1963,0,0.210
PNG,1964,0,0.231
PNG,1965,0,0.235
PNG,1966,0,0.235
PNG,1967,0,0.235
PNG,1968,0,0.236
PNG,1969,0,0.236
PNG,1970,0,0.241
PNG,1971,0,0.241
PNG,1972,1,0.249
PNG,1973,2,0.364
PNG,1974,2,0.364
PNG,1975,2,0.451
PNG,1976,2,0.451
PNG,1977,2,0.445
PNG,1978,2,0.441
PNG,1979,2,0.441
PNG,1980,2,0.436
PNG,1981,2,0.436
PNG,1982,2,0.437
PNG,1983,2,0.438
PNG,1984,2,0.438
PNG,1985,2,0.438
PNG,1986,2,0.438
PNG,1987,2,0.432
PNG,1988,2,0.426
PNG,1989,2,0.425
PNG,1990,2,0.425
PNG,1991,2,0.425
PNG,1992,2,0.418
PNG,1993,2,0.413
PNG,1994,2,0.413
PNG,1995,2,0.413
PNG,1996,2,0.413
PNG,1997,2,0.414
PNG,1998,2,0.415
PNG,1999,2,0.415
PNG,2000,2,0.415
PNG,2001,2,0.415
PNG,2002,2,0.415
PNG,2003,2,0.416
PNG,2004,2,0.413
PNG,2005,2,0.413
PNG,2006,2,0.417
PNG,2007,2,0.396
PNG,2008,1,0.376
PNG,2009,1,0.376
PNG,2010,1,0.370
PNG,2011,1,0.366
PNG,2012,1,0.354
PNG,2013,1,0.348
PNG,2014,1,0.346
PNG,2015,1,0.345
PNG,2016,1,0.346
PNG,2017,1,0.344
PNG,2018,1,0.351
PNG,2019,1,0.352
PNG,2020,1,0.359
PNG,2021,1,0.355
PNG,2022,1,0.369
PNG,2023,1,0.372
PNG,2024,1,0.380
PNG,2025,1,0.384
POL,1946,0,0.104
POL,1947,1,0.108
POL,1948,1,0.106
POL,1949,1,0.104
POL,1950,1,0.104
POL,1951,1,0.106
POL,1952,0,0.106
POL,1953,0,0.105
POL,1954,0,0.105
POL,1955,0,0.105
POL,1956,0,0.110
POL,1957,1,0.134
POL,1958,1,0.135
POL,1959,1,0.135
POL,1960,1,0.135
POL,1961,0,0.132
POL,1962,0,0.131
POL,1963,0,0.131
POL,1964,0,0.131
POL,1965,0,0.131
POL,1966,0,0.131
POL,1967,0,0.131
POL,1968,0,0.131
POL,1969,0,0.132
POL,1970,0,0.133
POL,1971,0,0.133
POL,1972,0,0.134
POL,1973,0,0.134
POL,1974,0,0.134
POL,1975,0,0.136
POL,1976,0,0.133
POL,1977,0,0.133
POL,1978,0,0.135
POL,1979,0,0.135
POL,1980,0,0.142
POL,1981,0,0.131
POL,1982,0,0.119
POL,1983,0,0.123
POL,1984,0,0.135
POL,1985,0,0.139
POL,1986,0,0.144
POL,1987,0,0.150
POL,1988,0,0.155
POL,1989,1,0.291
POL,1990,2,0.660
POL,1991,2,0.783
POL,1992,2,0.804
POL,1993,3,0.808
POL,1994,3,0.811
POL,1995,3,0.810
POL,1996,3,0.802
POL,1997,3,0.792
POL,1998,3,0.796
POL,1999,3,0.798
POL,2000,3,0.800
POL,2001,3,0.806
POL,2002,3,0.813
POL,2003,3,0.813
POL,2004,3,0.813
POL,2005,3,0.815
POL,2006,3,0.807
POL,2007,3,0.803
POL,2008,3,0.825
POL,2009,3,0.825
POL,2010,3,0.827
POL,2011,3,0.827
POL,2012,3,0.825
POL,2013,3,0.821
POL,2014,3,0.812
POL,2015,3,0.775
POL,2016,2,0.598
POL,2017,2,0.542
POL,2018,2,0.524
POL,2019,2,0.505
POL,2020,2,0.450
POL,2021,2,0.424
POL,2022,2,0.417
POL,2023,2,0.457
POL,2024,2,0.613
POL,2025,2,0.645
PRK,1946,0,0.007
PRK,1947,0,0.007
PRK,1948,0,0.006
PRK,1949,0,0.018
PRK,1950,0,0.017
PRK,1951,0,0.017
PRK,1952,0,0.017
PRK,1953,0,0.017
PRK,1954,0,0.017
PRK,1955,0,0.017
PRK,1956,0,0.017
PRK,1957,0,0.017
PRK,1958,0,0.016
PRK,1959,0,0.016
PRK,1960,0,0.015
PRK,1961,0,0.015
PRK,1962,0,0.015
PRK,1963,0,0.015
PRK,1964,0,0.015
PRK,1965,0,0.015
PRK,1966,0,0.015
PRK,1967,0,0.015
PRK,1968,0,0.015
PRK,1969,0,0.015
PRK,1970,0,0.015
PRK,1971,0,0.015
PRK,1972,0,0.015
PRK,1973,0,0.014
PRK,1974,0,0.014
PRK,1975,0,0.014
PRK,1976,0,0.014
PRK,1977,0,0.014
PRK,1978,0,0.014
PRK,1979,0,0.014
PRK,1980,0,0.014
PRK,1981,0,0.014
PRK,1982,0,0.014
PRK,1983,0,0.014
PRK,1984,0,0.014
PRK,1985,0,0.014
PRK,1986,0,0.014
PRK,1987,0,0.014
PRK,1988,0,0.014
PRK,1989,0,0.014
PRK,1990,0,0.014
PRK,1991,0,0.014
PRK,1992,0,0.014
PRK,1993,0,0.014
PRK,1994,0,0.014
PRK,1995,0,0.014
PRK,1996,0,0.014
PRK,1997,0,0.014
PRK,1998,0,0.014
PRK,1999,0,0.014
PRK,2000,0,0.014
PRK,2001,0,0.014
PRK,2002,0,0.014
PRK,2003,0,0.014
PRK,2004,0,0.014
PRK,2005,0,0.014
PRK,2006,0,0.014
PRK,2007,0,0.014
PRK,2008,0,0.014
PRK,2009,0,0.014
PRK,2010,0,0.014
PRK,2011,0,0.014
PRK,2012,0,0.014
PRK,2013,0,0.014
PRK,2014,0,0.014
PRK,2015,0,0.014
PRK,2016,0,0.014
PRK,2017,0,0.014
PRK,2018,0,0.014
PRK,2019,0,0.014
PRK,2020,0,0.014
PRK,2021,0,0.014
PRK,2022,0,0.014
PRK,2023,0,0.014
PRK,2024,0,0.014
PRK,2025,0,0.014
PRT,1946,1,0.072
PRT,1947,1,0.072
PRT,1948,1,0.072
PRT,1949,1,0.072
PRT,1950,1,0.073
PRT,1951,1,0.073
PRT,1952,0,0.073
PRT,1953,1,0.073
PRT,1954,1,0.073
PRT,1955,1,0.073
PRT,1956,1,0.073
PRT,1957,1,0.073
PRT,1958,1,0.073
PRT,1959,1,0.073
PRT,1960,1,0.074
PRT,1961,0,0.074
PRT,1962,0,0.074
PRT,1963,0,0.074
PRT,1964,0,0.074
PRT,1965,0,0.074
PRT,1966,0,0.072
PRT,1967,0,0.074
PRT,1968,0,0.074
PRT,1969,0,0.078
PRT,1970,0,0.082
PRT,1971,0,0.082
PRT,1972,0,0.082
PRT,1973,0,0.084
PRT,1974,0,0.207
PRT,1975,0,0.233
PRT,1976,2,0.455
PRT,1977,3,0.681
PRT,1978,3,0.680
PRT,1979,3,0.687
PRT,1980,3,0.776
PRT,1981,3,0.778
PRT,1982,3,0.778
PRT,1983,3,0.800
PRT,1984,3,0.807
PRT,1985,3,0.807
PRT,1986,3,0.805
PRT,1987,3,0.809
PRT,1988,3,0.816
PRT,1989,3,0.816
PRT,1990,3,0.815
PRT,1991,3,0.803
PRT,1992,3,0.803
PRT,1993,3,0.803
PRT,1994,3,0.803
PRT,1995,3,0.806
PRT,1996,3,0.816
PRT,1997,3,0.816
PRT,1998,3,0.816
PRT,1999,3,0.815
PRT,2000,3,0.813
PRT,2001,3,0.816
PRT,2002,3,0.821
PRT,2003,3,0.821
PRT,2004,3,0.821
PRT,2005,3,0.835
PRT,2006,3,0.839
PRT,2007,3,0.839
PRT,2008,3,0.839
PRT,2009,3,0.838
PRT,2010,3,0.838
PRT,2011,3,0.829
PRT,2012,3,0.830
PRT,2013,3,0.829
PRT,2014,3,0.829
PRT,2015,3,0.829
PRT,2016,3,0.830
PRT,2017,3,0.848
PRT,2018,3,0.849
PRT,2019,3,0.820
PRT,2020,3,0.806
PRT,2021,3,0.810
PRT,2022,3,0.758
PRT,2023,2,0.757
PRT,2024,2,0.754
PRT,2025,2,0.717
PRY,1946,1,0.041
PRY,1947,1,0.035
PRY,1948,1,0.049
PRY,1949,1,0.053
PRY,1950,1,0.052
PRY,1951,1,0.052
PRY,1952,1,0.052
PRY,1953,1,0.052
PRY,1954,1,0.044
PRY,1955,0,0.042
PRY,1956,0,0.042
PRY,1957,0,0.042
PRY,1958,0,0.041
PRY,1959,0,0.028
PRY,1960,0,0.024
PRY,1961,0,0.033
PRY,1962,0,0.037
PRY,1963,1,0.039
PRY,1964,1,0.039
PRY,1965,1,0.039
PRY,1966,1,0.043
PRY,1967,1,0.043
PRY,1968,1,0.042
PRY,1969,1,0.042
PRY,1970,1,0.042
PRY,1971,1,0.042
PRY,1972,1,0.042
PRY,1973,1,0.042
PRY,1974,1,0.042
PRY,1975,1,0.042
PRY,1976,1,0.042
PRY,1977,1,0.042
PRY,1978,1,0.042
PRY,1979,1,0.042
PRY,1980,1,0.045
PRY,1981,1,0.045
PRY,1982,1,0.045
PRY,1983,1,0.045
PRY,1984,1,0.045
PRY,1985,1,0.045
PRY,1986,1,0.047
PRY,1987,1,0.050
PRY,1988,1,0.051
PRY,1989,1,0.075
PRY,1990,1,0.208
PRY,1991,1,0.215
PRY,1992,1,0.350
PRY,1993,2,0.364
PRY,1994,2,0.377
PRY,1995,2,0.377
PRY,1996,2,0.380
PRY,1997,2,0.383
PRY,1998,2,0.386
PRY,1999,2,0.385
PRY,2000,2,0.391
PRY,2001,2,0.391
PRY,2002,2,0.391
PRY,2003,2,0.409
PRY,2004,2,0.428
PRY,2005,2,0.427
PRY,2006,2,0.433
PRY,2007,2,0.446
PRY,2008,2,0.493
PRY,2009,2,0.502
PRY,2010,2,0.509
PRY,2011,2,0.503
PRY,2012,2,0.480
PRY,2013,2,0.407
PRY,2014,2,0.414
PRY,2015,2,0.416
PRY,2016,2,0.414
PRY,2017,2,0.418
PRY,2018,2,0.417
PRY,2019,2,0.420
PRY,2020,2,0.420
PRY,2021,2,0.427
PRY,2022,2,0.430
PRY,2023,2,0.420
PRY,2024,2,0.390
PRY,2025,2,0.376
PSE,1946,0,0.110
PSE,1947,0,0.099
PSE,1948,0,0.099
QAT,1946,0,0.050
QAT,1947,0,0.050
QAT,1948,0,0.050
QAT,1949,0,0.050
QAT,1950,0,0.051
QAT,1951,0,0.051
QAT,1952,0,0.051
QAT,1953,0,0.051
QAT,1954,0,0.051
QAT,1955,0,0.050
QAT,1956,0,0.050
QAT,1957,0,0.050
QAT,1958,0,0.050
QAT,1959,0,0.050
QAT,1960,0,0.055
QAT,1961,0,0.055
QAT,1962,0,0.055
QAT,1963,0,0.055
QAT,1964,0,0.055
QAT,1965,0,0.055
QAT,1966,0,0.055
QAT,1967,0,0.055
QAT,1968,0,0.056
QAT,1969,0,0.056
QAT,1970,0,0.063
QAT,1971,0,0.073
QAT,1972,0,0.073
QAT,1973,0,0.073
QAT,1974,0,0.073
QAT,1975,0,0.073
QAT,1976,0,0.073
QAT,1977,0,0.073
QAT,1978,0,0.073
QAT,1979,0,0.073
QAT,1980,0,0.075
QAT,1981,0,0.075
QAT,1982,0,0.075
QAT,1983,0,0.075
QAT,1984,0,0.075
QAT,1985,0,0.075
QAT,1986,0,0.075
QAT,1987,0,0.075
QAT,1988,0,0.075
QAT,1989,0,0.076
QAT,1990,0,0.080
QAT,1991,0,0.080
QAT,1992,0,0.080
QAT,1993,0,0.080
QAT,1994,0,0.081
QAT,1995,0,0.083
QAT,1996,0,0.087
QAT,1997,0,0.087
QAT,1998,0,0.088
QAT,1999,0,0.088
QAT,2000,0,0.091
QAT,2001,0,0.090
QAT,2002,0,0.090
QAT,2003,0,0.095
QAT,2004,0,0.096
QAT,2005,0,0.097
QAT,2006,0,0.096
QAT,2007,0,0.097
QAT,2008,0,0.097
QAT,2009,0,0.097
QAT,2010,0,0.095
QAT,2011,0,0.096
QAT,2012,0,0.096
QAT,2013,0,0.089
QAT,2014,0,0.088
QAT,2015,0,0.089
QAT,2016,0,0.089
QAT,2017,0,0.085
QAT,2018,0,0.088
QAT,2019,0,0.082
QAT,2020,0,0.083
QAT,2021,0,0.081
QAT,2022,0,0.081
QAT,2023,0,0.083
QAT,2024,0,0.095
QAT,2025,0,0.091
ROU,1946,0,0.056
ROU,1947,0,0.049
ROU,1948,0,0.033
ROU,1949,0,0.030
ROU,1950,0,0.030
ROU,1951,0,0.030
ROU,1952,0,0.030
ROU,1953,0,0.032
ROU,1954,0,0.032
ROU,1955,0,0.032
ROU,1956,0,0.032
ROU,1957,0,0.033
ROU,1958,0,0.033
ROU,1959,0,0.033
ROU,1960,0,0.033
ROU,1961,1,0.041
ROU,1962,1,0.041
ROU,1963,1,0.041
ROU,1964,1,0.041
ROU,1965,1,0.042
ROU,1966,1,0.042
ROU,1967,1,0.042
ROU,1968,1,0.043
ROU,1969,1,0.042
ROU,1970,1,0.042
ROU,1971,1,0.042
ROU,1972,1,0.042
ROU,1973,1,0.042
ROU,1974,1,0.042
ROU,1975,0,0.042
ROU,1976,0,0.042
ROU,1977,0,0.042
ROU,1978,0,0.042
ROU,1979,0,0.042
ROU,1980,0,0.042
ROU,1981,0,0.042
ROU,1982,0,0.042
ROU,1983,0,0.042
ROU,1984,0,0.042
ROU,1985,0,0.042
ROU,1986,0,0.042
ROU,1987,0,0.042
ROU,1988,0,0.042
ROU,1989,0,0.042
ROU,1990,2,0.298
ROU,1991,2,0.328
ROU,1992,2,0.363
ROU,1993,2,0.392
ROU,1994,2,0.392
ROU,1995,2,0.392
ROU,1996,2,0.408
ROU,1997,2,0.438
ROU,1998,2,0.438
ROU,1999,2,0.435
ROU,2000,2,0.432
ROU,2001,2,0.424
ROU,2002,2,0.424
ROU,2003,2,0.437
ROU,2004,2,0.435
ROU,2005,2,0.468
ROU,2006,2,0.471
ROU,2007,2,0.484
ROU,2008,2,0.495
ROU,2009,2,0.529
ROU,2010,2,0.550
ROU,2011,2,0.553
ROU,2012,2,0.540
ROU,2013,2,0.563
ROU,2014,2,0.570
ROU,2015,2,0.609
ROU,2016,2,0.630
ROU,2017,2,0.532
ROU,2018,2,0.483
ROU,2019,2,0.555
ROU,2020,2,0.676
ROU,2021,2,0.611
ROU,2022,2,0.542
ROU,2023,2,0.503
ROU,2024,2,0.449
ROU,2025,2,0.464
RUS,1946,0,0.015
RUS,1947,0,0.015
RUS,1948,0,0.015
RUS,1949,0,0.015
RUS,1950,0,0.015
RUS,1951,0,0.015
RUS,1952,0,0.015
RUS,1953,0,0.015
RUS,1954,0,0.021
RUS,1955,0,0.021
RUS,1956,0,0.022
RUS,1957,0,0.024
RUS,1958,0,0.024
RUS,1959,0,0.024
RUS,1960,0,0.024
RUS,1961,0,0.024
RUS,1962,0,0.023
RUS,1963,0,0.023
RUS,1964,0,0.023
RUS,1965,0,0.023
RUS,1966,0,0.023
RUS,1967,0,0.023
RUS,1968,0,0.023
RUS,1969,0,0.023
RUS,1970,0,0.024
RUS,1971,0,0.025
RUS,1972,0,0.025
RUS,1973,0,0.025
RUS,1974,0,0.025
RUS,1975,0,0.025
RUS,1976,0,0.025
RUS,1977,0,0.024
RUS,1978,0,0.024
RUS,1979,0,0.025
RUS,1980,0,0.028
RUS,1981,0,0.028
RUS,1982,0,0.028
RUS,1983,0,0.027
RUS,1984,0,0.027
RUS,1985,0,0.029
RUS,1986,0,0.037
RUS,1987,0,0.041
RUS,1988,0,0.043
RUS,1989,0,0.064
RUS,1990,0,0.096
RUS,1991,1,0.129
RUS,1992,1,0.299
RUS,1993,1,0.294
RUS,1994,1,0.293
RUS,1995,1,0.297
RUS,1996,1,0.290
RUS,1997,1,0.284
RUS,1998,1,0.282
RUS,1999,1,0.284
RUS,2000,1,0.223
RUS,2001,1,0.201
RUS,2002,1,0.175
RUS,2003,1,0.165
RUS,2004,1,0.153
RUS,2005,1,0.149
RUS,2006,1,0.150
RUS,2007,1,0.146
RUS,2008,1,0.139
RUS,2009,1,0.141
RUS,2010,1,0.135
RUS,2011,1,0.134
RUS,2012,1,0.122
RUS,2013,1,0.116
RUS,2014,1,0.109
RUS,2015,1,0.109
RUS,2016,1,0.106
RUS,2017,1,0.107
RUS,2018,1,0.107
RUS,2019,1,0.105
RUS,2020,1,0.097
RUS,2021,1,0.094
RUS,2022,1,0.070
RUS,2023,1,0.065
RUS,2024,1,0.057
RUS,2025,1,0.056
RWA,1946,0,0.026
RWA,1947,0,0.026
RWA,1948,0,0.026
RWA,1949,0,0.026
RWA,1950,0,0.026
RWA,1951,0,0.026
RWA,1952,0,0.026
RWA,1953,0,0.026
RWA,1954,0,0.026
RWA,1955,0,0.028
RWA,1956,0,0.029
RWA,1957,0,0.031
RWA,1958,0,0.033
RWA,1959,0,0.030
RWA,1960,0,0.071
RWA,1961,1,0.114
RWA,1962,1,0.177
RWA,1963,1,0.176
RWA,1964,1,0.173
RWA,1965,1,0.172
RWA,1966,1,0.171
RWA,1967,1,0.170
RWA,1968,1,0.170
RWA,1969,1,0.172
RWA,1970,1,0.167
RWA,1971,1,0.166
RWA,1972,1,0.168
RWA,1973,0,0.146
RWA,1974,0,0.102
RWA,1975,0,0.102
RWA,1976,0,0.102
RWA,1977,0,0.102
RWA,1978,0,0.105
RWA,1979,0,0.121
RWA,1980,0,0.121
RWA,1981,0,0.121
RWA,1982,0,0.151
RWA,1983,0,0.151
RWA,1984,0,0.150
RWA,1985,0,0.150
RWA,1986,0,0.150
RWA,1987,0,0.150
RWA,1988,0,0.151
RWA,1989,0,0.152
RWA,1990,0,0.157
RWA,1991,0,0.180
RWA,1992,0,0.193
RWA,1993,0,0.129
RWA,1994,0,0.114
RWA,1995,0,0.118
RWA,1996,0,0.120
RWA,1997,0,0.122
RWA,1998,0,0.124
RWA,1999,0,0.125
RWA,2000,0,0.104
RWA,2001,0,0.104
RWA,2002,0,0.104
RWA,2003,1,0.111
RWA,2004,1,0.123
RWA,2005,1,0.124
RWA,2006,1,0.124
RWA,2007,1,0.123
RWA,2008,1,0.125
RWA,2009,1,0.130
RWA,2010,1,0.133
RWA,2011,1,0.133
RWA,2012,1,0.136
RWA,2013,1,0.136
RWA,2014,1,0.139
RWA,2015,1,0.138
RWA,2016,1,0.128
RWA,2017,1,0.116
RWA,2018,1,0.118
RWA,2019,1,0.120
RWA,2020,1,0.120
RWA,2021,1,0.110
RWA,2022,1,0.110
RWA,2023,1,0.099
RWA,2024,1,0.091
RWA,2025,1,0.090
SAU,1946,0,0.036
SAU,1947,0,0.036
SAU,1948,0,0.036
SAU,1949,0,0.036
SAU,1950,0,0.034
SAU,1951,0,0.034
SAU,1952,0,0.033
SAU,1953,0,0.033
SAU,1954,0,0.038
SAU,1955,0,0.038
SAU,1956,0,0.038
SAU,1957,0,0.038
SAU,1958,0,0.038
SAU,1959,0,0.038
SAU,1960,0,0.038
SAU,1961,0,0.038
SAU,1962,0,0.040
SAU,1963,0,0.042
SAU,1964,0,0.042
SAU,1965,0,0.042
SAU,1966,0,0.042
SAU,1967,0,0.042
SAU,1968,0,0.042
SAU,1969,0,0.042
SAU,1970,0,0.041
SAU,1971,0,0.041
SAU,1972,0,0.041
SAU,1973,0,0.036
SAU,1974,0,0.036
SAU,1975,0,0.037
SAU,1976,0,0.037
SAU,1977,0,0.037
SAU,1978,0,0.037
SAU,1979,0,0.037
SAU,1980,0,0.037
SAU,1981,0,0.037
SAU,1982,0,0.037
SAU,1983,0,0.036
SAU,1984,0,0.036
SAU,1985,0,0.036
SAU,1986,0,0.037
SAU,1987,0,0.037
SAU,1988,0,0.037
SAU,1989,0,0.037
SAU,1990,0,0.037
SAU,1991,0,0.037
SAU,1992,0,0.039
SAU,1993,0,0.039
SAU,1994,0,0.039
SAU,1995,0,0.039
SAU,1996,0,0.039
SAU,1997,0,0.039
SAU,1998,0,0.039
SAU,1999,0,0.039
SAU,2000,0,0.040
SAU,2001,0,0.039
SAU,2002,0,0.039
SAU,2003,0,0.039
SAU,2004,0,0.039
SAU,2005,0,0.042
SAU,2006,0,0.043
SAU,2007,0,0.043
SAU,2008,0,0.044
SAU,2009,0,0.045
SAU,2010,0,0.046
SAU,2011,0,0.046
SAU,2012,0,0.046
SAU,2013,0,0.046
SAU,2014,0,0.046
SAU,2015,0,0.046
SAU,2016,0,0.044
SAU,2017,0,0.043
SAU,2018,0,0.042
SAU,2019,0,0.045
SAU,2020,0,0.045
SAU,2021,0,0.045
SAU,2022,0,0.046
SAU,2023,0,0.045
SAU,2024,0,0.047
SAU,2025,0,0.047
SCG,1992,1,0.150
SCG,1993,1,0.181
SCG,1994,1,0.180
SCG,1995,1,0.180
SCG,1996,1,0.185
SCG,1997,1,0.188
SCG,1998,1,0.185
SCG,1999,1,0.185
SCG,2000,1,0.272
SCG,2001,2,0.481
SCG,2002,2,0.499
SCG,2003,2,0.530
SCG,2004,2,0.521
SCG,2005,2,0.523
SDN,1946,0,0.042
SDN,1947,0,0.043
SDN,1948,0,0.044
SDN,1949,0,0.059
SDN,1950,0,0.059
SDN,1951,0,0.059
SDN,1952,0,0.059
SDN,1953,0,0.089
SDN,1954,1,0.104
SDN,1955,1,0.107
SDN,1956,1,0.143
SDN,1957,1,0.145
SDN,1958,0,0.148
SDN,1959,0,0.051
SDN,1960,0,0.049
SDN,1961,0,0.049
SDN,1962,0,0.048
SDN,1963,0,0.048
SDN,1964,0,0.067
SDN,1965,1,0.103
SDN,1966,0,0.102
SDN,1967,0,0.102
SDN,1968,1,0.108
SDN,1969,0,0.055
SDN,1970,0,0.050
SDN,1971,,0.052
SDN,1972,1,0.058
SDN,1973,1,0.058
SDN,1974,1,0.068
SDN,1975,1,0.079
SDN,1976,1,0.079
SDN,1977,1,0.078
SDN,1978,1,0.081
SDN,1979,1,0.082
SDN,1980,1,0.077
SDN,1981,1,0.081
SDN,1982,,0.074
SDN,1983,,0.078
SDN,1984,1,0.083
SDN,1985,0,0.101
SDN,1986,1,0.146
SDN,1987,1,0.164
SDN,1988,1,0.162
SDN,1989,0,0.060
SDN,1990,0,0.012
SDN,1991,0,0.012
SDN,1992,0,0.020
SDN,1993,0,0.018
SDN,1994,0,0.018
SDN,1995,0,0.018
SDN,1996,1,0.024
SDN,1997,1,0.026
SDN,1998,1,0.026
SDN,1999,1,0.034
SDN,2000,1,0.018
SDN,2001,1,0.037
SDN,2002,1,0.037
SDN,2003,1,0.037
SDN,2004,1,0.040
SDN,2005,1,0.061
SDN,2006,1,0.061
SDN,2007,1,0.063
SDN,2008,1,0.064
SDN,2009,1,0.063
SDN,2010,1,0.066
SDN,2011,1,0.057
SDN,2012,1,0.060
SDN,2013,1,0.063
SDN,2014,1,0.062
SDN,2015,1,0.064
SDN,2016,1,0.064
SDN,2017,1,0.074
SDN,2018,1,0.068
SDN,2019,1,0.066
SDN,2020,0,0.054
SDN,2021,0,0.051
SDN,2022,0,0.048
SDN,2023,0,0.039
SDN,2024,0,0.030
SDN,2025,0,0.034
SEN,1946,0,0.116
SEN,1947,0,0.116
SEN,1948,0,0.117
SEN,1949,0,0.117
SEN,1950,0,0.119
SEN,1951,0,0.119
SEN,1952,0,0.119
SEN,1953,0,0.118
SEN,1954,0,0.118
SEN,1955,0,0.118
SEN,1956,0,0.118
SEN,1957,0,0.120
SEN,1958,0,0.120
SEN,1959,0,0.123
SEN,1960,1,0.244
SEN,1961,1,0.288
SEN,1962,1,0.293
SEN,1963,1,0.292
SEN,1964,1,0.262
SEN,1965,1,0.262
SEN,1966,1,0.263
SEN,1967,1,0.263
SEN,1968,1,0.275
SEN,1969,1,0.283
SEN,1970,1,0.295
SEN,1971,1,0.294
SEN,1972,1,0.296
SEN,1973,1,0.289
SEN,1974,1,0.284
SEN,1975,1,0.284
SEN,1976,1,0.291
SEN,1977,1,0.291
SEN,1978,1,0.304
SEN,1979,1,0.306
SEN,1980,1,0.317
SEN,1981,1,0.342
SEN,1982,1,0.353
SEN,1983,1,0.367
SEN,1984,1,0.369
SEN,1985,1,0.369
SEN,1986,1,0.369
SEN,1987,1,0.369
SEN,1988,1,0.370
SEN,1989,1,0.371
SEN,1990,2,0.381
SEN,1991,2,0.389
SEN,1992,2,0.396
SEN,1993,2,0.448
SEN,1994,2,0.463
SEN,1995,2,0.468
SEN,1996,2,0.471
SEN,1997,2,0.472
SEN,1998,2,0.474
SEN,1999,2,0.475
SEN,2000,2,0.509
SEN,2001,2,0.441
SEN,2002,2,0.536
SEN,2003,2,0.536
SEN,2004,2,0.536
SEN,2005,2,0.536
SEN,2006,2,0.536
SEN,2007,2,0.523
SEN,2008,2,0.526
SEN,2009,2,0.520
SEN,2010,2,0.532
SEN,2011,2,0.532
SEN,2012,2,0.540
SEN,2013,2,0.585
SEN,2014,2,0.584
SEN,2015,2,0.586
SEN,2016,2,0.578
SEN,2017,2,0.556
SEN,2018,2,0.536
SEN,2019,2,0.543
SEN,2020,2,0.563
SEN,2021,2,0.558
SEN,2022,2,0.536
SEN,2023,2,0.474
SEN,2024,2,0.461
SEN,2025,2,0.484
SGP,1946,0,0.149
SGP,1947,0,0.149
SGP,1948,0,0.165
SGP,1949,0,0.169
SGP,1950,0,0.170
SGP,1951,0,0.178
SGP,1952,0,0.178
SGP,1953,0,0.178
SGP,1954,0,0.178
SGP,1955,1,0.203
SGP,1956,1,0.212
SGP,1957,1,0.212
SGP,1958,1,0.223
SGP,1959,1,0.293
SGP,1960,1,0.295
SGP,1961,1,0.295
SGP,1962,1,0.295
SGP,1963,1,0.300
SGP,1964,1,0.266
SGP,1965,1,0.258
SGP,1966,1,0.258
SGP,1967,1,0.262
SGP,1968,1,0.264
SGP,1969,1,0.265
SGP,1970,1,0.269
SGP,1971,1,0.269
SGP,1972,1,0.271
SGP,1973,1,0.274
SGP,1974,1,0.274
SGP,1975,1,0.275
SGP,1976,1,0.273
SGP,1977,1,0.273
SGP,1978,1,0.273
SGP,1979,1,0.273
SGP,1980,1,0.280
SGP,1981,1,0.284
SGP,1982,1,0.284
SGP,1983,1,0.284
SGP,1984,1,0.284
SGP,1985,1,0.285
SGP,1986,1,0.288
SGP,1987,1,0.290
SGP,1988,1,0.290
SGP,1989,1,0.290
SGP,1990,1,0.299
SGP,1991,1,0.301
SGP,1992,1,0.297
SGP,1993,1,0.297
SGP,1994,1,0.297
SGP,1995,1,0.297
SGP,1996,1,0.299
SGP,1997,1,0.304
SGP,1998,1,0.304
SGP,1999,1,0.301
SGP,2000,1,0.309
SGP,2001,1,0.309
SGP,2002,1,0.308
SGP,2003,1,0.308
SGP,2004,1,0.308
SGP,2005,1,0.307
SGP,2006,1,0.311
SGP,2007,1,0.311
SGP,2008,1,0.311
SGP,2009,1,0.314
SGP,2010,1,0.314
SGP,2011,1,0.324
SGP,2012,1,0.334
SGP,2013,1,0.330
SGP,2014,1,0.330
SGP,2015,1,0.331
SGP,2016,1,0.337
SGP,2017,1,0.345
SGP,2018,1,0.336
SGP,2019,1,0.330
SGP,2020,1,0.332
SGP,2021,1,0.329
SGP,2022,1,0.328
SGP,2023,1,0.334
SGP,2024,1,0.348
SGP,2025,1,0.360
SLB,1946,0,0.078
SLB,1947,0,0.079
SLB,1948,0,0.079
SLB,1949,0,0.079
SLB,1950,0,0.087
SLB,1951,0,0.094
SLB,1952,0,0.096
SLB,1953,0,0.096
SLB,1954,0,0.097
SLB,1955,0,0.097
SLB,1956,0,0.097
SLB,1957,0,0.097
SLB,1958,0,0.097
SLB,1959,0,0.097
SLB,1960,0,0.157
SLB,1961,0,0.157
SLB,1962,0,0.157
SLB,1963,0,0.157
SLB,1964,0,0.193
SLB,1965,0,0.204
SLB,1966,0,0.204
SLB,1967,0,0.205
SLB,1968,0,0.205
SLB,1969,0,0.205
SLB,1970,0,0.228
SLB,1971,0,0.228
SLB,1972,0,0.228
SLB,1973,0,0.230
SLB,1974,1,0.237
SLB,1975,1,0.248
SLB,1976,1,0.258
SLB,1977,1,0.260
SLB,1978,1,0.376
SLB,1979,2,0.410
SLB,1980,2,0.412
SLB,1981,2,0.409
SLB,1982,2,0.420
SLB,1983,2,0.420
SLB,1984,2,0.421
SLB,1985,2,0.423
SLB,1986,2,0.423
SLB,1987,2,0.423
SLB,1988,2,0.423
SLB,1989,2,0.415
SLB,1990,2,0.414
SLB,1991,2,0.414
SLB,1992,2,0.414
SLB,1993,2,0.413
SLB,1994,2,0.413
SLB,1995,2,0.413
SLB,1996,2,0.413
SLB,1997,2,0.409
SLB,1998,2,0.396
SLB,1999,2,0.375
SLB,2000,1,0.243
SLB,2001,1,0.184
SLB,2002,2,0.381
SLB,2003,2,0.389
SLB,2004,2,0.401
SLB,2005,2,0.396
SLB,2006,1,0.361
SLB,2007,2,0.434
SLB,2008,2,0.434
SLB,2009,2,0.436
SLB,2010,2,0.440
SLB,2011,2,0.445
SLB,2012,2,0.447
SLB,2013,2,0.447
SLB,2014,2,0.450
SLB,2015,2,0.456
SLB,2016,2,0.466
SLB,2017,2,0.477
SLB,2018,2,0.480
SLB,2019,2,0.503
SLB,2020,2,0.494
SLB,2021,2,0.501
SLB,2022,2,0.505
SLB,2023,2,0.517
SLB,2024,2,0.536
SLB,2025,2,0.539
SLE,1946,0,0.066
SLE,1947,0,0.066
SLE,1948,0,0.067
SLE,1949,0,0.067
SLE,1950,0,0.066
SLE,1951,0,0.079
SLE,1952,0,0.086
SLE,1953,0,0.088
SLE,1954,0,0.089
SLE,1955,0,0.090
SLE,1956,0,0.090
SLE,1957,0,0.093
SLE,1958,0,0.109
SLE,1959,0,0.109
SLE,1960,0,0.121
SLE,1961,1,0.140
SLE,1962,1,0.186
SLE,1963,1,0.186
SLE,1964,1,0.186
SLE,1965,1,0.180
SLE,1966,1,0.177
SLE,1967,0,0.115
SLE,1968,0,0.077
SLE,1969,0,0.078
SLE,1970,0,0.076
SLE,1971,0,0.091
SLE,1972,0,0.090
SLE,1973,1,0.095
SLE,1974,1,0.097
SLE,1975,1,0.097
SLE,1976,1,0.097
SLE,1977,1,0.096
SLE,1978,1,0.088
SLE,1979,1,0.084
SLE,1980,1,0.084
SLE,1981,1,0.082
SLE,1982,1,0.083
SLE,1983,1,0.083
SLE,1984,1,0.083
SLE,1985,1,0.083
SLE,1986,1,0.086
SLE,1987,1,0.086
SLE,1988,1,0.086
SLE,1989,1,0.087
SLE,1990,1,0.086
SLE,1991,1,0.060
SLE,1992,0,0.049
SLE,1993,0,0.032
SLE,1994,0,0.034
SLE,1995,0,0.035
SLE,1996,1,0.120
SLE,1997,0,0.094
SLE,1998,0,0.075
SLE,1999,0,0.081
SLE,2000,0,0.088
SLE,2001,0,0.088
SLE,2002,1,0.261
SLE,2003,2,0.362
SLE,2004,2,0.360
SLE,2005,2,0.353
SLE,2006,2,0.350
SLE,2007,2,0.346
SLE,2008,2,0.325
SLE,2009,2,0.324
SLE,2010,2,0.328
SLE,2011,2,0.328
SLE,2012,2,0.324
SLE,2013,2,0.318
SLE,2014,2,0.318
SLE,2015,2,0.318
SLE,2016,2,0.314
SLE,2017,2,0.346
SLE,2018,2,0.380
SLE,2019,2,0.392
SLE,2020,2,0.426
SLE,2021,2,0.436
SLE,2022,2,0.439
SLE,2023,1,0.391
SLE,2024,1,0.363
SLE,2025,1,0.348
SLV,1946,1,0.063
SLV,1947,1,0.063
SLV,1948,0,0.062
SLV,1949,0,0.054
SLV,1950,0,0.060
SLV,1951,0,0.069
SLV,1952,0,0.068
SLV,1953,0,0.068
SLV,1954,0,0.068
SLV,1955,0,0.067
SLV,1956,1,0.067
SLV,1957,1,0.067
SLV,1958,1,0.067
SLV,1959,1,0.067
SLV,1960,1,0.066
SLV,1961,0,0.052
SLV,1962,1,0.062
SLV,1963,1,0.068
SLV,1964,1,0.068
SLV,1965,1,0.068
SLV,1966,1,0.068
SLV,1967,1,0.068
SLV,1968,1,0.067
SLV,1969,1,0.066
SLV,1970,1,0.065
SLV,1971,1,0.065
SLV,1972,1,0.060
SLV,1973,1,0.056
SLV,1974,1,0.055
SLV,1975,1,0.055
SLV,1976,1,0.055
SLV,1977,1,0.055
SLV,1978,1,0.054
SLV,1979,0,0.052
SLV,1980,0,0.042
SLV,1981,0,0.042
SLV,1982,0,0.046
SLV,1983,0,0.048
SLV,1984,,0.052
SLV,1985,1,0.069
SLV,1986,1,0.080
SLV,1987,1,0.081
SLV,1988,1,0.081
SLV,1989,1,0.080
SLV,1990,1,0.085
SLV,1991,1,0.089
SLV,1992,1,0.141
SLV,1993,1,0.207
SLV,1994,1,0.258
SLV,1995,1,0.274
SLV,1996,1,0.280
SLV,1997,1,0.282
SLV,1998,1,0.289
SLV,1999,2,0.297
SLV,2000,2,0.315
SLV,2001,2,0.326
SLV,2002,2,0.331
SLV,2003,2,0.332
SLV,2004,2,0.336
SLV,2005,2,0.338
SLV,2006,2,0.348
SLV,2007,2,0.351
SLV,2008,2,0.357
SLV,2009,2,0.399
SLV,2010,2,0.422
SLV,2011,2,0.425
SLV,2012,2,0.429
SLV,2013,2,0.437
SLV,2014,2,0.465
SLV,2015,2,0.462
SLV,2016,2,0.461
SLV,2017,2,0.465
SLV,2018,2,0.428
SLV,2019,2,0.393
SLV,2020,2,0.316
SLV,2021,1,0.156
SLV,2022,1,0.118
SLV,2023,1,0.106
SLV,2024,1,0.090
SLV,2025,1,0.090
SOM,1946,0,0.056
SOM,1947,0,0.056
SOM,1948,0,0.056
SOM,1949,0,0.056
SOM,1950,0,0.056
SOM,1951,0,0.064
SOM,1952,0,0.064
SOM,1953,0,0.064
SOM,1954,0,0.063
SOM,1955,0,0.065
SOM,1956,1,0.173
SOM,1957,1,0.173
SOM,1958,1,0.173
SOM,1959,1,0.173
SOM,1960,1,0.240
SOM,1961,1,0.240
SOM,1962,1,0.241
SOM,1963,1,0.241
SOM,1964,1,0.236
SOM,1965,1,0.231
SOM,1966,1,0.226
SOM,1967,1,0.226
SOM,1968,1,0.226
SOM,1969,0,0.106
SOM,1970,0,0.020
SOM,1971,0,0.020
SOM,1972,0,0.020
SOM,1973,0,0.020
SOM,1974,0,0.020
SOM,1975,0,0.020
SOM,1976,0,0.020
SOM,1977,0,0.020
SOM,1978,0,0.020
SOM,1979,0,0.021
SOM,1980,1,0.032
SOM,1981,1,0.040
SOM,1982,1,0.040
SOM,1983,1,0.040
SOM,1984,0,0.040
SOM,1985,0,0.040
SOM,1986,0,0.040
SOM,1987,0,0.040
SOM,1988,0,0.040
SOM,1989,0,0.040
SOM,1990,0,0.039
SOM,1991,0,0.037
SOM,1992,0,0.026
SOM,1993,0,0.026
SOM,1994,0,0.026
SOM,1995,0,0.027
SOM,1996,0,0.027
SOM,1997,0,0.027
SOM,1998,0,0.027
SOM,1999,0,0.027
SOM,2000,0,0.028
SOM,2001,0,0.028
SOM,2002,0,0.028
SOM,2003,0,0.028
SOM,2004,0,0.058
SOM,2005,0,0.092
SOM,2006,0,0.093
SOM,2007,0,0.095
SOM,2008,0,0.094
SOM,2009,0,0.094
SOM,2010,0,0.102
SOM,2011,0,0.104
SOM,2012,0,0.107
SOM,2013,0,0.118
SOM,2014,0,0.118
SOM,2015,0,0.123
SOM,2016,0,0.110
SOM,2017,0,0.123
SOM,2018,0,0.106
SOM,2019,0,0.104
SOM,2020,0,0.105
SOM,2021,0,0.111
SOM,2022,0,0.114
SOM,2023,0,0.131
SOM,2024,0,0.127
SOM,2025,0,0.128
SRB,1946,0,0.073
SRB,1947,0,0.071
SRB,1948,0,0.071
SRB,1949,0,0.081
SRB,1950,0,0.088
SRB,1951,0,0.092
SRB,1952,0,0.093
SRB,1953,0,0.097
SRB,1954,0,0.097
SRB,1955,0,0.098
SRB,1956,0,0.098
SRB,1957,0,0.098
SRB,1958,0,0.097
SRB,1959,0,0.097
SRB,1960,0,0.097
SRB,1961,0,0.097
SRB,1962,0,0.097
SRB,1963,0,0.113
SRB,1964,0,0.113
SRB,1965,0,0.116
SRB,1966,0,0.116
SRB,1967,0,0.117
SRB,1968,0,0.117
SRB,1969,0,0.117
SRB,1970,0,0.117
SRB,1971,0,0.117
SRB,1972,0,0.117
SRB,1973,0,0.117
SRB,1974,0,0.120
SRB,1975,0,0.122
SRB,1976,0,0.122
SRB,1977,0,0.122
SRB,1978,0,0.122
SRB,1979,0,0.120
SRB,1980,0,0.125
SRB,1981,0,0.133
SRB,1982,0,0.135
SRB,1983,0,0.135
SRB,1984,0,0.135
SRB,1985,0,0.135
SRB,1986,0,0.135
SRB,1987,0,0.135
SRB,1988,0,0.138
SRB,1989,0,0.129
SRB,1990,0,0.150
SRB,1991,0,0.103
SRB,1992,1,0.150
SRB,1993,1,0.181
SRB,1994,1,0.180
SRB,1995,1,0.180
SRB,1996,1,0.185
SRB,1997,1,0.188
SRB,1998,1,0.185
SRB,1999,1,0.185
SRB,2000,1,0.272
SRB,2001,2,0.481
SRB,2002,2,0.499
SRB,2003,2,0.530
SRB,2004,2,0.521
SRB,2005,2,0.523
SRB,2006,2,0.524
SRB,2007,3,0.527
SRB,2008,3,0.525
SRB,2009,3,0.521
SRB,2010,3,0.503
SRB,2011,3,0.501
SRB,2012,3,0.486
SRB,2013,2,0.401
SRB,2014,1,0.350
SRB,2015,1,0.341
SRB,2016,1,0.321
SRB,2017,1,0.290
SRB,2018,1,0.283
SRB,2019,1,0.280
SRB,2020,1,0.244
SRB,2021,1,0.236
SRB,2022,1,0.259
SRB,2023,1,0.248
SRB,2024,1,0.225
SRB,2025,1,0.208
SSD,1946,0,0.042
SSD,1947,0,0.043
SSD,1948,0,0.044
SSD,1949,0,0.059
SSD,1950,0,0.059
SSD,1951,0,0.059
SSD,1952,0,0.059
SSD,1953,0,0.089
SSD,1954,1,0.104
SSD,1955,1,0.107
SSD,1956,1,0.143
SSD,1957,1,0.145
SSD,1958,0,0.148
SSD,1959,0,0.051
SSD,1960,0,0.049
SSD,1961,0,0.049
SSD,1962,0,0.048
SSD,1963,0,0.048
SSD,1964,0,0.067
SSD,1965,1,0.103
SSD,1966,0,0.102
SSD,1967,0,0.102
SSD,1968,1,0.108
SSD,1969,0,0.055
SSD,1970,0,0.050
SSD,1971,,0.052
SSD,1972,1,0.058
SSD,1973,1,0.058
SSD,1974,1,0.068
SSD,1975,1,0.079
SSD,1976,1,0.079
SSD,1977,1,0.078
SSD,1978,1,0.081
SSD,1979,1,0.082
SSD,1980,1,0.077
SSD,1981,1,0.081
SSD,1982,,0.074
SSD,1983,,0.078
SSD,1984,1,0.083
SSD,1985,0,0.101
SSD,1986,1,0.146
SSD,1987,1,0.164
SSD,1988,1,0.162
SSD,1989,0,0.060
SSD,1990,0,0.012
SSD,1991,0,0.012
SSD,1992,0,0.020
SSD,1993,0,0.018
SSD,1994,0,0.018
SSD,1995,0,0.018
SSD,1996,1,0.024
SSD,1997,1,0.026
SSD,1998,1,0.026
SSD,1999,1,0.034
SSD,2000,1,0.018
SSD,2001,1,0.037
SSD,2002,1,0.037
SSD,2003,1,0.037
SSD,2004,1,0.040
SSD,2005,1,0.061
SSD,2006,1,0.061
SSD,2007,1,0.063
SSD,2008,1,0.064
SSD,2009,1,0.063
SSD,2010,1,0.066
SSD,2011,0,0.100
SSD,2012,0,0.100
SSD,2013,0,0.075
SSD,2014,0,0.068
SSD,2015,0,0.066
SSD,2016,0,0.053
SSD,2017,0,0.059
SSD,2018,0,0.053
SSD,2019,0,0.064
SSD,2020,0,0.069
SSD,2021,0,0.058
SSD,2022,0,0.063
SSD,2023,0,0.070
SSD,2024,0,0.071
SSD,2025,0,0.064
STP,1946,0,0.083
STP,1947,0,0.083
STP,1948,0,0.083
STP,1949,0,0.083
STP,1950,0,0.083
STP,1951,0,0.083
STP,1952,0,0.083
STP,1953,0,0.079
STP,1954,0,0.082
STP,1955,0,0.083
STP,1956,0,0.083
STP,1957,0,0.083
STP,1958,0,0.083
STP,1959,0,0.083
STP,1960,0,0.083
STP,1961,0,0.084
STP,1962,0,0.085
STP,1963,0,0.085
STP,1964,0,0.086
STP,1965,0,0.086
STP,1966,0,0.086
STP,1967,0,0.086
STP,1968,0,0.086
STP,1969,0,0.086
STP,1970,0,0.086
STP,1971,0,0.086
STP,1972,0,0.087
STP,1973,0,0.104
STP,1974,0,0.099
STP,1975,0,0.148
STP,1976,0,0.159
STP,1977,0,0.159
STP,1978,0,0.159
STP,1979,0,0.159
STP,1980,0,0.159
STP,1981,0,0.159
STP,1982,0,0.159
STP,1983,0,0.159
STP,1984,0,0.159
STP,1985,0,0.159
STP,1986,0,0.159
STP,1987,0,0.168
STP,1988,0,0.168
STP,1989,0,0.168
STP,1990,0,0.201
STP,1991,2,0.403
STP,1992,2,0.493
STP,1993,2,0.501
STP,1994,2,0.503
STP,1995,2,0.508
STP,1996,2,0.500
STP,1997,2,0.492
STP,1998,2,0.495
STP,1999,2,0.513
STP,2000,2,0.509
STP,2001,2,0.511
STP,2002,2,0.505
STP,2003,2,0.511
STP,2004,2,0.517
STP,2005,2,0.524
STP,2006,2,0.526
STP,2007,2,0.527
STP,2008,2,0.527
STP,2009,2,0.527
STP,2010,2,0.536
STP,2011,2,0.540
STP,2012,2,0.537
STP,2013,2,0.547
STP,2014,2,0.548
STP,2015,2,0.554
STP,2016,2,0.548
STP,2017,2,0.537
STP,2018,2,0.531
STP,2019,2,0.556
STP,2020,2,0.557
STP,2021,2,0.554
STP,2022,2,0.542
STP,2023,2,0.540
STP,2024,2,0.519
STP,2025,2,0.519
SUN,1946,0,0.015
SUN,1947,0,0.015
SUN,1948,0,0.015
SUN,1949,0,0.015
SUN,1950,0,0.015
SUN,1951,0,0.015
SUN,1952,0,0.015
SUN,1953,0,0.015
SUN,1954,0,0.021
SUN,1955,0,0.021
SUN,1956,0,0.022
SUN,1957,0,0.024
SUN,1958,0,0.024
SUN,1959,0,0.024
SUN,1960,0,0.024
SUN,1961,0,0.024
SUN,1962,0,0.023
SUN,1963,0,0.023
SUN,1964,0,0.023
SUN,1965,0,0.023
SUN,1966,0,0.023
SUN,1967,0,0.023
SUN,1968,0,0.023
SUN,1969,0,0.023
SUN,1970,0,0.024
SUN,1971,0,0.025
SUN,1972,0,0.025
SUN,1973,0,0.025
SUN,1974,0,0.025
SUN,1975,0,0.025
SUN,1976,0,0.025
SUN,1977,0,0.024
SUN,1978,0,0.024
SUN,1979,0,0.025
SUN,1980,0,0.028
SUN,1981,0,0.028
SUN,1982,0,0.028
SUN,1983,0,0.027
SUN,1984,0,0.027
SUN,1985,0,0.029
SUN,1986,0,0.037
SUN,1987,0,0.041
SUN,1988,0,0.043
SUN,1989,0,0.064
SUN,1990,0,0.096
SUN,1991,1,0.129
SUR,1946,0,0.160
SUR,1947,0,0.160
SUR,1948,0,0.160
SUR,1949,1,0.261
SUR,1950,1,0.406
SUR,1951,1,0.407
SUR,1952,1,0.407
SUR,1953,1,0.407
SUR,1954,1,0.407
SUR,1955,2,0.423
SUR,1956,2,0.423
SUR,1957,2,0.425
SUR,1958,2,0.425
SUR,1959,2,0.426
SUR,1960,2,0.426
SUR,1961,2,0.426
SUR,1962,2,0.426
SUR,1963,2,0.428
SUR,1964,2,0.428
SUR,1965,2,0.428
SUR,1966,2,0.428
SUR,1967,2,0.427
SUR,1968,2,0.427
SUR,1969,2,0.427
SUR,1970,2,0.430
SUR,1971,2,0.430
SUR,1972,2,0.430
SUR,1973,2,0.426
SUR,1974,2,0.432
SUR,1975,1,0.337
SUR,1976,2,0.617
SUR,1977,2,0.613
SUR,1978,2,0.624
SUR,1979,2,0.624
SUR,1980,0,0.174
SUR,1981,0,0.142
SUR,1982,0,0.142
SUR,1983,0,0.141
SUR,1984,0,0.141
SUR,1985,0,0.185
SUR,1986,0,0.186
SUR,1987,0,0.226
SUR,1988,2,0.474
SUR,1989,2,0.576
SUR,1990,2,0.547
SUR,1991,1,0.374
SUR,1992,2,0.626
SUR,1993,2,0.635
SUR,1994,2,0.639
SUR,1995,2,0.639
SUR,1996,2,0.650
SUR,1997,2,0.652
SUR,1998,2,0.652
SUR,1999,2,0.652
SUR,2000,2,0.665
SUR,2001,2,0.662
SUR,2002,2,0.662
SUR,2003,2,0.662
SUR,2004,2,0.662
SUR,2005,2,0.654
SUR,2006,2,0.649
SUR,2007,2,0.645
SUR,2008,2,0.647
SUR,2009,2,0.647
SUR,2010,2,0.632
SUR,2011,2,0.627
SUR,2012,2,0.624
SUR,2013,2,0.627
SUR,2014,2,0.627
SUR,2015,2,0.633
SUR,2016,2,0.622
SUR,2017,2,0.626
SUR,2018,2,0.609
SUR,2019,2,0.583
SUR,2020,2,0.628
SUR,2021,2,0.639
SUR,2022,2,0.655
SUR,2023,3,0.633
SUR,2024,2,0.634
SUR,2025,2,0.626
SVK,1946,1,0.123
SVK,1947,1,0.131
SVK,1948,0,0.048
SVK,1949,0,0.036
SVK,1950,0,0.034
SVK,1951,0,0.034
SVK,1952,0,0.033
SVK,1953,0,0.026
SVK,1954,0,0.030
SVK,1955,0,0.030
SVK,1956,0,0.033
SVK,1957,0,0.035
SVK,1958,0,0.044
SVK,1959,0,0.044
SVK,1960,0,0.051
SVK,1961,0,0.054
SVK,1962,0,0.054
SVK,1963,0,0.055
SVK,1964,0,0.055
SVK,1965,0,0.055
SVK,1966,0,0.055
SVK,1967,0,0.057
SVK,1968,0,0.059
SVK,1969,0,0.054
SVK,1970,0,0.046
SVK,1971,0,0.046
SVK,1972,0,0.044
SVK,1973,0,0.045
SVK,1974,0,0.045
SVK,1975,0,0.051
SVK,1976,0,0.055
SVK,1977,0,0.055
SVK,1978,0,0.055
SVK,1979,0,0.055
SVK,1980,0,0.056
SVK,1981,0,0.057
SVK,1982,0,0.057
SVK,1983,0,0.057
SVK,1984,0,0.057
SVK,1985,0,0.058
SVK,1986,0,0.058
SVK,1987,0,0.058
SVK,1988,0,0.047
SVK,1989,0,0.056
SVK,1990,3,0.710
SVK,1991,3,0.796
SVK,1992,3,0.805
SVK,1993,,0.628
SVK,1994,2,0.539
SVK,1995,2,0.537
SVK,1996,2,0.537
SVK,1997,2,0.540
SVK,1998,2,0.626
SVK,1999,3,0.745
SVK,2000,3,0.750
SVK,2001,3,0.750
SVK,2002,3,0.748
SVK,2003,3,0.746
SVK,2004,3,0.748
SVK,2005,3,0.748
SVK,2006,3,0.723
SVK,2007,3,0.736
SVK,2008,3,0.735
SVK,2009,3,0.734
SVK,2010,3,0.752
SVK,2011,3,0.755
SVK,2012,3,0.739
SVK,2013,3,0.730
SVK,2014,3,0.726
SVK,2015,3,0.725
SVK,2016,3,0.726
SVK,2017,3,0.720
SVK,2018,3,0.698
SVK,2019,2,0.737
SVK,2020,3,0.757
SVK,2021,3,0.757
SVK,2022,3,0.760
SVK,2023,2,0.724
SVK,2024,2,0.590
SVK,2025,2,0.573
SVN,1946,0,0.073
SVN,1947,0,0.071
SVN,1948,0,0.071
SVN,1949,0,0.081
SVN,1950,0,0.088
SVN,1951,0,0.092
SVN,1952,0,0.093
SVN,1953,0,0.097
SVN,1954,0,0.097
SVN,1955,0,0.098
SVN,1956,0,0.098
SVN,1957,0,0.098
SVN,1958,0,0.097
SVN,1959,0,0.097
SVN,1960,0,0.097
SVN,1961,0,0.097
SVN,1962,0,0.097
SVN,1963,0,0.113
SVN,1964,0,0.113
SVN,1965,0,0.116
SVN,1966,0,0.116
SVN,1967,0,0.117
SVN,1968,0,0.117
SVN,1969,0,0.117
SVN,1970,0,0.117
SVN,1971,0,0.117
SVN,1972,0,0.117
SVN,1973,0,0.117
SVN,1974,0,0.120
SVN,1975,0,0.122
SVN,1976,0,0.122
SVN,1977,0,0.122
SVN,1978,0,0.122
SVN,1979,0,0.120
SVN,1980,0,0.125
SVN,1981,0,0.133
SVN,1982,0,0.135
SVN,1983,0,0.135
SVN,1984,0,0.135
SVN,1985,0,0.135
SVN,1986,0,0.135
SVN,1987,0,0.135
SVN,1988,0,0.138
SVN,1989,0,0.241
SVN,1990,2,0.513
SVN,1991,3,0.716
SVN,1992,3,0.764
SVN,1993,3,0.761
SVN,1994,3,0.765
SVN,1995,3,0.757
SVN,1996,3,0.767
SVN,1997,3,0.762
SVN,1998,3,0.764
SVN,1999,3,0.759
SVN,2000,3,0.749
SVN,2001,3,0.742
SVN,2002,3,0.756
SVN,2003,3,0.752
SVN,2004,3,0.735
SVN,2005,3,0.733
SVN,2006,3,0.734
SVN,2007,3,0.738
SVN,2008,3,0.737
SVN,2009,3,0.791
SVN,2010,3,0.796
SVN,2011,3,0.789
SVN,2012,3,0.768
SVN,2013,3,0.778
SVN,2014,3,0.794
SVN,2015,3,0.804
SVN,2016,3,0.795
SVN,2017,3,0.772
SVN,2018,3,0.759
SVN,2019,3,0.743
SVN,2020,3,0.665
SVN,2021,2,0.624
SVN,2022,3,0.728
SVN,2023,2,0.659
SVN,2024,2,0.630
SVN,2025,2,0.589
SWE,1946,3,0.705
SWE,1947,3,0.707
SWE,1948,3,0.707
SWE,1949,3,0.714
SWE,1950,3,0.719
SWE,1951,3,0.719
SWE,1952,3,0.721
SWE,1953,3,0.724
SWE,1954,3,0.724
SWE,1955,3,0.724
SWE,1956,3,0.723
SWE,1957,3,0.722
SWE,1958,3,0.721
SWE,1959,3,0.721
SWE,1960,3,0.727
SWE,1961,3,0.728
SWE,1962,3,0.728
SWE,1963,3,0.728
SWE,1964,3,0.728
SWE,1965,3,0.728
SWE,1966,3,0.727
SWE,1967,3,0.727
SWE,1968,3,0.727
SWE,1969,3,0.727
SWE,1970,3,0.728
SWE,1971,3,0.853
SWE,1972,3,0.859
SWE,1973,3,0.859
SWE,1974,3,0.864
SWE,1975,3,0.870
SWE,1976,3,0.871
SWE,1977,3,0.873
SWE,1978,3,0.873
SWE,1979,3,0.872
SWE,1980,3,0.871
SWE,1981,3,0.871
SWE,1982,3,0.873
SWE,1983,3,0.874
SWE,1984,3,0.874
SWE,1985,3,0.875
SWE,1986,3,0.873
SWE,1987,3,0.873
SWE,1988,3,0.874
SWE,1989,3,0.875
SWE,1990,3,0.878
SWE,1991,3,0.878
SWE,1992,3,0.877
SWE,1993,3,0.877
SWE,1994,3,0.877
SWE,1995,3,0.879
SWE,1996,3,0.879
SWE,1997,3,0.879
SWE,1998,3,0.879
SWE,1999,3,0.876
SWE,2000,3,0.876
SWE,2001,3,0.876
SWE,2002,3,0.876
SWE,2003,3,0.877
SWE,2004,3,0.877
SWE,2005,3,0.877
SWE,2006,3,0.879
SWE,2007,3,0.881
SWE,2008,3,0.881
SWE,2009,3,0.881
SWE,2010,3,0.881
SWE,2011,3,0.881
SWE,2012,3,0.886
SWE,2013,3,0.885
SWE,2014,3,0.885
SWE,2015,3,0.881
SWE,2016,3,0.880
SWE,2017,3,0.880
SWE,2018,3,0.875
SWE,2019,3,0.866
SWE,2020,3,0.868
SWE,2021,3,0.866
SWE,2022,3,0.861
SWE,2023,3,0.849
SWE,2024,3,0.846
SWE,2025,3,0.853
SWZ,1946,0,0.070
SWZ,1947,0,0.070
SWZ,1948,0,0.070
SWZ,1949,0,0.070
SWZ,1950,0,0.073
SWZ,1951,0,0.073
SWZ,1952,0,0.073
SWZ,1953,0,0.073
SWZ,1954,0,0.073
SWZ,1955,0,0.073
SWZ,1956,0,0.073
SWZ,1957,0,0.073
SWZ,1958,0,0.073
SWZ,1959,0,0.073
SWZ,1960,0,0.073
SWZ,1961,0,0.073
SWZ,1962,0,0.073
SWZ,1963,0,0.074
SWZ,1964,0,0.096
SWZ,1965,0,0.116
SWZ,1966,0,0.118
SWZ,1967,0,0.127
SWZ,1968,0,0.134
SWZ,1969,0,0.136
SWZ,1970,0,0.136
SWZ,1971,0,0.133
SWZ,1972,0,0.132
SWZ,1973,0,0.097
SWZ,1974,0,0.080
SWZ,1975,0,0.080
SWZ,1976,0,0.081
SWZ,1977,0,0.081
SWZ,1978,0,0.087
SWZ,1979,0,0.108
SWZ,1980,0,0.109
SWZ,1981,0,0.109
SWZ,1982,0,0.109
SWZ,1983,0,0.109
SWZ,1984,0,0.106
SWZ,1985,0,0.106
SWZ,1986,0,0.106
SWZ,1987,0,0.106
SWZ,1988,0,0.105
SWZ,1989,0,0.105
SWZ,1990,0,0.104
SWZ,1991,0,0.104
SWZ,1992,0,0.104
SWZ,1993,0,0.104
SWZ,1994,0,0.099
SWZ,1995,0,0.099
SWZ,1996,0,0.098
SWZ,1997,0,0.098
SWZ,1998,0,0.095
SWZ,1999,0,0.096
SWZ,2000,0,0.097
SWZ,2001,0,0.097
SWZ,2002,0,0.097
SWZ,2003,0,0.097
SWZ,2004,0,0.096
SWZ,2005,0,0.096
SWZ,2006,0,0.096
SWZ,2007,0,0.095
SWZ,2008,0,0.097
SWZ,2009,0,0.097
SWZ,2010,0,0.094
SWZ,2011,0,0.093
SWZ,2012,0,0.093
SWZ,2013,0,0.097
SWZ,2014,0,0.097
SWZ,2015,0,0.097
SWZ,2016,0,0.097
SWZ,2017,0,0.099
SWZ,2018,0,0.115
SWZ,2019,0,0.114
SWZ,2020,0,0.115
SWZ,2021,0,0.095
SWZ,2022,0,0.097
SWZ,2023,0,0.099
SWZ,2024,0,0.101
SWZ,2025,0,0.097
SYC,1946,0,0.088
SYC,1947,0,0.088
SYC,1948,0,0.091
SYC,1949,0,0.150
SYC,1950,0,0.150
SYC,1951,0,0.148
SYC,1952,0,0.148
SYC,1953,0,0.150
SYC,1954,0,0.150
SYC,1955,0,0.150
SYC,1956,0,0.150
SYC,1957,0,0.150
SYC,1958,0,0.150
SYC,1959,0,0.150
SYC,1960,0,0.150
SYC,1961,0,0.149
SYC,1962,0,0.149
SYC,1963,0,0.151
SYC,1964,0,0.157
SYC,1965,0,0.160
SYC,1966,0,0.160
SYC,1967,0,0.181
SYC,1968,0,0.181
SYC,1969,0,0.181
SYC,1970,1,0.195
SYC,1971,1,0.233
SYC,1972,1,0.217
SYC,1973,1,0.217
SYC,1974,1,0.200
SYC,1975,1,0.198
SYC,1976,1,0.218
SYC,1977,0,0.129
SYC,1978,0,0.094
SYC,1979,1,0.147
SYC,1980,1,0.165
SYC,1981,1,0.165
SYC,1982,1,0.166
SYC,1983,1,0.167
SYC,1984,1,0.167
SYC,1985,1,0.173
SYC,1986,1,0.171
SYC,1987,0,0.171
SYC,1988,0,0.170
SYC,1989,0,0.171
SYC,1990,1,0.178
SYC,1991,1,0.180
SYC,1992,1,0.213
SYC,1993,1,0.248
SYC,1994,1,0.253
SYC,1995,1,0.257
SYC,1996,1,0.255
SYC,1997,1,0.258
SYC,1998,1,0.259
SYC,1999,1,0.259
SYC,2000,1,0.264
SYC,2001,1,0.259
SYC,2002,1,0.263
SYC,2003,1,0.305
SYC,2004,1,0.347
SYC,2005,1,0.348
SYC,2006,1,0.352
SYC,2007,1,0.368
SYC,2008,1,0.373
SYC,2009,1,0.371
SYC,2010,1,0.373
SYC,2011,1,0.377
SYC,2012,1,0.373
SYC,2013,1,0.396
SYC,2014,1,0.400
SYC,2015,2,0.427
SYC,2016,3,0.491
SYC,2017,3,0.509
SYC,2018,3,0.524
SYC,2019,3,0.535
SYC,2020,3,0.575
SYC,2021,3,0.634
SYC,2022,3,0.648
SYC,2023,3,0.641
SYC,2024,3,0.652
SYC,2025,3,0.680
SYR,1946,0,0.076
SYR,1947,1,0.148
SYR,1948,1,0.202
SYR,1949,1,0.169
SYR,1950,1,0.171
SYR,1951,0,0.156
SYR,1952,0,0.103
SYR,1953,1,0.110
SYR,1954,1,0.139
SYR,1955,1,0.198
SYR,1956,1,0.198
SYR,1957,1,0.198
SYR,1958,0,0.092
SYR,1959,0,0.064
SYR,1960,0,0.061
SYR,1961,1,0.068
SYR,1962,1,0.156
SYR,1963,0,0.106
SYR,1964,0,0.063
SYR,1965,0,0.063
SYR,1966,0,0.048
SYR,1967,0,0.045
SYR,1968,0,0.045
SYR,1969,0,0.043
SYR,1970,0,0.027
SYR,1971,,0.038
SYR,1972,1,0.040
SYR,1973,1,0.038
SYR,1974,1,0.038
SYR,1975,1,0.037
SYR,1976,1,0.038
SYR,1977,1,0.038
SYR,1978,1,0.037
SYR,1979,1,0.037
SYR,1980,1,0.035
SYR,1981,1,0.035
SYR,1982,1,0.035
SYR,1983,1,0.037
SYR,1984,1,0.037
SYR,1985,1,0.037
SYR,1986,1,0.037
SYR,1987,1,0.035
SYR,1988,1,0.035
SYR,1989,1,0.035
SYR,1990,1,0.037
SYR,1991,1,0.037
SYR,1992,1,0.037
SYR,1993,1,0.037
SYR,1994,1,0.037
SYR,1995,1,0.037
SYR,1996,1,0.037
SYR,1997,1,0.037
SYR,1998,1,0.038
SYR,1999,1,0.038
SYR,2000,1,0.051
SYR,2001,1,0.051
SYR,2002,1,0.051
SYR,2003,1,0.050
SYR,2004,1,0.049
SYR,2005,1,0.050
SYR,2006,1,0.050
SYR,2007,1,0.050
SYR,2008,1,0.050
SYR,2009,1,0.050
SYR,2010,1,0.049
SYR,2011,1,0.038
SYR,2012,1,0.031
SYR,2013,0,0.024
SYR,2014,0,0.024
SYR,2015,0,0.025
SYR,2016,0,0.025
SYR,2017,0,0.025
SYR,2018,0,0.025
SYR,2019,0,0.026
SYR,2020,0,0.031
SYR,2021,0,0.033
SYR,2022,0,0.031
SYR,2023,0,0.044
SYR,2024,0,0.054
SYR,2025,0,0.054
TCD,1946,0,0.026
TCD,1947,0,0.063
TCD,1948,0,0.063
TCD,1949,0,0.063
TCD,1950,0,0.064
TCD,1951,0,0.064
TCD,1952,0,0.064
TCD,1953,0,0.064
TCD,1954,0,0.064
TCD,1955,0,0.064
TCD,1956,0,0.064
TCD,1957,1,0.085
TCD,1958,1,0.091
TCD,1959,1,0.098
TCD,1960,1,0.104
TCD,1961,1,0.116
TCD,1962,1,0.103
TCD,1963,1,0.099
TCD,1964,1,0.099
TCD,1965,1,0.096
TCD,1966,1,0.093
TCD,1967,1,0.089
TCD,1968,1,0.089
TCD,1969,0,0.089
TCD,1970,0,0.088
TCD,1971,0,0.088
TCD,1972,0,0.086
TCD,1973,0,0.086
TCD,1974,0,0.086
TCD,1975,0,0.062
TCD,1976,0,0.051
TCD,1977,0,0.051
TCD,1978,0,0.051
TCD,1979,0,0.049
TCD,1980,0,0.030
TCD,1981,0,0.028
TCD,1982,0,0.029
TCD,1983,0,0.034
TCD,1984,0,0.034
TCD,1985,0,0.034
TCD,1986,0,0.034
TCD,1987,0,0.034
TCD,1988,0,0.034
TCD,1989,0,0.034
TCD,1990,0,0.043
TCD,1991,0,0.057
TCD,1992,0,0.058
TCD,1993,0,0.069
TCD,1994,0,0.077
TCD,1995,0,0.077
TCD,1996,,0.082
TCD,1997,1,0.096
TCD,1998,1,0.097
TCD,1999,1,0.097
TCD,2000,1,0.097
TCD,2001,1,0.096
TCD,2002,1,0.095
TCD,2003,1,0.095
TCD,2004,1,0.096
TCD,2005,1,0.096
TCD,2006,1,0.095
TCD,2007,1,0.094
TCD,2008,1,0.094
TCD,2009,1,0.097
TCD,2010,1,0.099
TCD,2011,1,0.099
TCD,2012,1,0.099
TCD,2013,1,0.093
TCD,2014,1,0.091
TCD,2015,1,0.091
TCD,2016,1,0.092
TCD,2017,1,0.084
TCD,2018,1,0.079
TCD,2019,1,0.088
TCD,2020,1,0.088
TCD,2021,0,0.054
TCD,2022,0,0.041
TCD,2023,0,0.051
TCD,2024,1,0.054
TCD,2025,1,0.062
TGO,1946,0,0.025
TGO,1947,0,0.044
TGO,1948,0,0.044
TGO,1949,0,0.044
TGO,1950,0,0.045
TGO,1951,0,0.045
TGO,1952,0,0.045
TGO,1953,0,0.046
TGO,1954,0,0.046
TGO,1955,0,0.046
TGO,1956,0,0.061
TGO,1957,0,0.070
TGO,1958,1,0.090
TGO,1959,1,0.095
TGO,1960,1,0.118
TGO,1961,1,0.124
TGO,1962,1,0.101
TGO,1963,1,0.100
TGO,1964,1,0.102
TGO,1965,1,0.102
TGO,1966,1,0.102
TGO,1967,0,0.044
TGO,1968,0,0.041
TGO,1969,0,0.040
TGO,1970,0,0.040
TGO,1971,0,0.043
TGO,1972,0,0.043
TGO,1973,0,0.043
TGO,1974,0,0.043
TGO,1975,0,0.043
TGO,1976,0,0.043
TGO,1977,0,0.043
TGO,1978,0,0.043
TGO,1979,0,0.043
TGO,1980,1,0.058
TGO,1981,1,0.062
TGO,1982,1,0.062
TGO,1983,1,0.062
TGO,1984,1,0.062
TGO,1985,1,0.062
TGO,1986,1,0.063
TGO,1987,1,0.063
TGO,1988,1,0.063
TGO,1989,1,0.063
TGO,1990,1,0.064
TGO,1991,1,0.126
TGO,1992,1,0.150
TGO,1993,1,0.160
TGO,1994,1,0.163
TGO,1995,1,0.165
TGO,1996,1,0.167
TGO,1997,1,0.167
TGO,1998,1,0.162
TGO,1999,1,0.154
TGO,2000,1,0.167
TGO,2001,1,0.167
TGO,2002,1,0.166
TGO,2003,1,0.166
TGO,2004,1,0.166
TGO,2005,1,0.149
TGO,2006,1,0.180
TGO,2007,1,0.194
TGO,2008,1,0.227
TGO,2009,1,0.229
TGO,2010,1,0.235
TGO,2011,1,0.238
TGO,2012,1,0.235
TGO,2013,1,0.238
TGO,2014,1,0.251
TGO,2015,1,0.258
TGO,2016,1,0.260
TGO,2017,1,0.239
TGO,2018,1,0.212
TGO,2019,1,0.193
TGO,2020,1,0.233
TGO,2021,1,0.214
TGO,2022,1,0.216
TGO,2023,1,0.194
TGO,2024,1,0.167
TGO,2025,1,0.157
THA,1946,0,0.129
THA,1947,0,0.114
THA,1948,0,0.112
THA,1949,0,0.108
THA,1950,0,0.106
THA,1951,0,0.107
THA,1952,0,0.104
THA,1953,0,0.104
THA,1954,0,0.104
THA,1955,0,0.106
THA,1956,0,0.107
THA,1957,0,0.102
THA,1958,0,0.091
THA,1959,0,0.083
THA,1960,0,0.084
THA,1961,0,0.084
THA,1962,0,0.084
THA,1963,0,0.084
THA,1964,0,0.084
THA,1965,0,0.084
THA,1966,0,0.084
THA,1967,0,0.085
THA,1968,0,0.087
THA,1969,0,0.106
THA,1970,0,0.111
THA,1971,0,0.109
THA,1972,0,0.099
THA,1973,0,0.113
THA,1974,0,0.160
THA,1975,1,0.194
THA,1976,1,0.130
THA,1977,0,0.102
THA,1978,0,0.108
THA,1979,0,0.115
THA,1980,1,0.184
THA,1981,1,0.198
THA,1982,1,0.201
THA,1983,1,0.215
THA,1984,1,0.219
THA,1985,1,0.221
THA,1986,1,0.222
THA,1987,1,0.221
THA,1988,1,0.252
THA,1989,1,0.261
THA,1990,1,0.264
THA,1991,0,0.158
THA,1992,1,0.200
THA,1993,1,0.303
THA,1994,1,0.303
THA,1995,1,0.307
THA,1996,1,0.278
THA,1997,1,0.348
THA,1998,2,0.384
THA,1999,2,0.385
THA,2000,2,0.391
THA,2001,2,0.412
THA,2002,2,0.408
THA,2003,2,0.391
THA,2004,2,0.382
THA,2005,2,0.359
THA,2006,1,0.166
THA,2007,0,0.180
THA,2008,1,0.336
THA,2009,1,0.337
THA,2010,1,0.330
THA,2011,1,0.373
THA,2012,1,0.400
THA,2013,1,0.352
THA,2014,0,0.116
THA,2015,0,0.105
THA,2016,0,0.105
THA,2017,0,0.102
THA,2018,0,0.110
THA,2019,0,0.184
THA,2020,0,0.187
THA,2021,0,0.187
THA,2022,0,0.195
THA,2023,1,0.246
THA,2024,1,0.306
THA,2025,1,0.314
TJK,1946,0,0.015
TJK,1947,0,0.015
TJK,1948,0,0.015
TJK,1949,0,0.015
TJK,1950,0,0.015
TJK,1951,0,0.015
TJK,1952,0,0.015
TJK,1953,0,0.015
TJK,1954,0,0.021
TJK,1955,0,0.021
TJK,1956,0,0.022
TJK,1957,0,0.024
TJK,1958,0,0.024
TJK,1959,0,0.024
TJK,1960,0,0.024
TJK,1961,0,0.024
TJK,1962,0,0.023
TJK,1963,0,0.023
TJK,1964,0,0.023
TJK,1965,0,0.023
TJK,1966,0,0.023
TJK,1967,0,0.023
TJK,1968,0,0.023
TJK,1969,0,0.023
TJK,1970,0,0.024
TJK,1971,0,0.025
TJK,1972,0,0.025
TJK,1973,0,0.025
TJK,1974,0,0.025
TJK,1975,0,0.025
TJK,1976,0,0.025
TJK,1977,0,0.024
TJK,1978,0,0.024
TJK,1979,0,0.025
TJK,1980,0,0.028
TJK,1981,0,0.028
TJK,1982,0,0.028
TJK,1983,0,0.027
TJK,1984,0,0.027
TJK,1985,0,0.029
TJK,1986,0,0.037
TJK,1987,0,0.041
TJK,1988,0,0.043
TJK,1989,0,0.064
TJK,1990,1,0.123
TJK,1991,1,0.129
TJK,1992,1,0.077
TJK,1993,1,0.059
TJK,1994,1,0.054
TJK,1995,1,0.055
TJK,1996,1,0.056
TJK,1997,1,0.058
TJK,1998,1,0.066
TJK,1999,1,0.071
TJK,2000,1,0.083
TJK,2001,1,0.084
TJK,2002,1,0.080
TJK,2003,1,0.082
TJK,2004,1,0.080
TJK,2005,1,0.070
TJK,2006,1,0.069
TJK,2007,1,0.068
TJK,2008,1,0.068
TJK,2009,1,0.069
TJK,2010,1,0.063
TJK,2011,1,0.064
TJK,2012,1,0.062
TJK,2013,1,0.053
TJK,2014,1,0.052
TJK,2015,1,0.042
TJK,2016,1,0.039
TJK,2017,1,0.040
TJK,2018,1,0.044
TJK,2019,1,0.041
TJK,2020,1,0.041
TJK,2021,1,0.039
TJK,2022,1,0.036
TJK,2023,1,0.036
TJK,2024,1,0.041
TJK,2025,1,0.043
TKM,1946,0,0.015
TKM,1947,0,0.015
TKM,1948,0,0.015
TKM,1949,0,0.015
TKM,1950,0,0.015
TKM,1951,0,0.015
TKM,1952,0,0.015
TKM,1953,0,0.015
TKM,1954,0,0.021
TKM,1955,0,0.021
TKM,1956,0,0.022
TKM,1957,0,0.024
TKM,1958,0,0.024
TKM,1959,0,0.024
TKM,1960,0,0.024
TKM,1961,0,0.024
TKM,1962,0,0.023
TKM,1963,0,0.023
TKM,1964,0,0.023
TKM,1965,0,0.023
TKM,1966,0,0.023
TKM,1967,0,0.023
TKM,1968,0,0.023
TKM,1969,0,0.023
TKM,1970,0,0.024
TKM,1971,0,0.025
TKM,1972,0,0.025
TKM,1973,0,0.025
TKM,1974,0,0.025
TKM,1975,0,0.025
TKM,1976,0,0.025
TKM,1977,0,0.024
TKM,1978,0,0.024
TKM,1979,0,0.025
TKM,1980,0,0.028
TKM,1981,0,0.028
TKM,1982,0,0.028
TKM,1983,0,0.027
TKM,1984,0,0.027
TKM,1985,0,0.029
TKM,1986,0,0.037
TKM,1987,0,0.041
TKM,1988,0,0.043
TKM,1989,0,0.064
TKM,1990,0,
TKM,1991,0,0.043
TKM,1992,0,0.030
TKM,1993,0,0.028
TKM,1994,0,0.028
TKM,1995,0,0.028
TKM,1996,0,0.028
TKM,1997,0,0.024
TKM,1998,0,0.024
TKM,1999,0,0.024
TKM,2000,0,0.015
TKM,2001,0,0.014
TKM,2002,0,0.014
TKM,2003,0,0.014
TKM,2004,0,0.014
TKM,2005,0,0.015
TKM,2006,0,0.015
TKM,2007,0,0.023
TKM,2008,0,0.025
TKM,2009,0,0.023
TKM,2010,0,0.023
TKM,2011,0,0.023
TKM,2012,0,0.023
TKM,2013,0,0.024
TKM,2014,0,0.024
TKM,2015,0,0.024
TKM,2016,0,0.025
TKM,2017,0,0.027
TKM,2018,1,0.028
TKM,2019,1,0.035
TKM,2020,1,0.033
TKM,2021,1,0.033
TKM,2022,0,0.032
TKM,2023,0,0.034
TKM,2024,1,0.034
TKM,2025,1,0.034
TLS,1946,0,
TLS,1947,0,
TLS,1948,0,
TLS,1949,0,
TLS,1950,0,
TLS,1951,0,
TLS,1952,0,
TLS,1953,0,
TLS,1954,0,
TLS,1955,0,
TLS,1956,0,
TLS,1957,0,
TLS,1958,0,
TLS,1959,0,
TLS,1960,0,
TLS,1961,0,
TLS,1962,0,
TLS,1963,0,
TLS,1964,0,
TLS,1965,0,
TLS,1966,0,
TLS,1967,0,
TLS,1968,0,
TLS,1969,0,
TLS,1970,0,
TLS,1971,0,
TLS,1972,0,
TLS,1973,0,
TLS,1974,0,
TLS,1975,0,
TLS,1976,0,
TLS,1977,0,
TLS,1978,0,
TLS,1979,0,
TLS,1980,0,
TLS,1981,0,
TLS,1982,0,
TLS,1983,0,
TLS,1984,0,
TLS,1985,0,
TLS,1986,0,
TLS,1987,0,
TLS,1988,0,
TLS,1989,0,
TLS,1990,0,
TLS,1991,0,
TLS,1992,0,
TLS,1993,0,
TLS,1994,0,
TLS,1995,0,
TLS,1996,0,
TLS,1997,0,
TLS,1998,0,
TLS,1999,0,0.089
TLS,2000,0,0.183
TLS,2001,1,0.230
TLS,2002,2,0.417
TLS,2003,2,0.411
TLS,2004,2,0.411
TLS,2005,2,0.408
TLS,2006,2,0.405
TLS,2007,2,0.454
TLS,2008,2,0.460
TLS,2009,2,0.462
TLS,2010,2,0.478
TLS,2011,2,0.478
TLS,2012,2,0.495
TLS,2013,2,0.501
TLS,2014,2,0.471
TLS,2015,2,0.466
TLS,2016,2,0.460
TLS,2017,2,0.489
TLS,2018,2,0.502
TLS,2019,2,0.517
TLS,2020,2,0.492
TLS,2021,2,0.501
TLS,2022,2,0.516
TLS,2023,2,0.526
TLS,2024,2,0.545
TLS,2025,2,0.549
TTO,1946,0,0.261
TTO,1947,0,0.262
TTO,1948,0,0.262
TTO,1949,0,0.262
TTO,1950,0,0.270
TTO,1951,0,0.274
TTO,1952,0,0.273
TTO,1953,0,0.273
TTO,1954,0,0.273
TTO,1955,0,0.274
TTO,1956,1,0.289
TTO,1957,1,0.365
TTO,1958,1,0.365
TTO,1959,1,0.365
TTO,1960,1,0.373
TTO,1961,1,0.374
TTO,1962,2,0.442
TTO,1963,2,0.451
TTO,1964,2,0.455
TTO,1965,2,0.455
TTO,1966,2,0.458
TTO,1967,2,0.476
TTO,1968,2,0.475
TTO,1969,2,0.481
TTO,1970,2,0.484
TTO,1971,2,0.473
TTO,1972,2,0.468
TTO,1973,2,0.471
TTO,1974,2,0.471
TTO,1975,2,0.469
TTO,1976,2,0.500
TTO,1977,2,0.539
TTO,1978,2,0.548
TTO,1979,2,0.549
TTO,1980,2,0.561
TTO,1981,2,0.567
TTO,1982,2,0.572
TTO,1983,2,0.572
TTO,1984,2,0.574
TTO,1985,2,0.574
TTO,1986,2,0.586
TTO,1987,2,0.614
TTO,1988,2,0.614
TTO,1989,2,0.614
TTO,1990,2,0.617
TTO,1991,2,0.635
TTO,1992,2,0.644
TTO,1993,2,0.644
TTO,1994,2,0.645
TTO,1995,2,0.646
TTO,1996,2,0.646
TTO,1997,2,0.646
TTO,1998,2,0.646
TTO,1999,2,0.646
TTO,2000,2,0.660
TTO,2001,2,0.633
TTO,2002,2,0.643
TTO,2003,2,0.662
TTO,2004,2,0.662
TTO,2005,3,0.662
TTO,2006,3,0.665
TTO,2007,3,0.666
TTO,2008,3,0.684
TTO,2009,3,0.684
TTO,2010,3,0.686
TTO,2011,3,0.687
TTO,2012,3,0.687
TTO,2013,3,0.665
TTO,2014,3,0.662
TTO,2015,3,0.676
TTO,2016,3,0.676
TTO,2017,3,0.676
TTO,2018,3,0.670
TTO,2019,3,0.676
TTO,2020,3,0.672
TTO,2021,2,0.672
TTO,2022,3,0.661
TTO,2023,3,0.661
TTO,2024,3,0.653
TTO,2025,3,0.668
TUN,1946,0,0.033
TUN,1947,0,0.033
TUN,1948,0,0.033
TUN,1949,0,0.033
TUN,1950,0,0.033
TUN,1951,0,0.033
TUN,1952,0,0.033
TUN,1953,0,0.033
TUN,1954,0,0.034
TUN,1955,0,0.034
TUN,1956,0,0.066
TUN,1957,0,0.077
TUN,1958,0,0.103
TUN,1959,1,0.108
TUN,1960,1,0.146
TUN,1961,1,0.146
TUN,1962,1,0.148
TUN,1963,1,0.148
TUN,1964,1,0.150
TUN,1965,1,0.148
TUN,1966,1,0.148
TUN,1967,1,0.148
TUN,1968,1,0.148
TUN,1969,1,0.148
TUN,1970,1,0.148
TUN,1971,1,0.148
TUN,1972,1,0.148
TUN,1973,1,0.148
TUN,1974,1,0.148
TUN,1975,1,0.148
TUN,1976,1,0.150
TUN,1977,1,0.151
TUN,1978,1,0.151
TUN,1979,1,0.149
TUN,1980,1,0.157
TUN,1981,1,0.158
TUN,1982,1,0.158
TUN,1983,1,0.159
TUN,1984,1,0.159
TUN,1985,1,0.158
TUN,1986,1,0.158
TUN,1987,0,0.154
TUN,1988,0,0.076
TUN,1989,1,0.078
TUN,1990,1,0.092
TUN,1991,1,0.093
TUN,1992,1,0.093
TUN,1993,1,0.092
TUN,1994,1,0.091
TUN,1995,1,0.091
TUN,1996,1,0.091
TUN,1997,1,0.091
TUN,1998,1,0.091
TUN,1999,1,0.091
TUN,2000,1,0.092
TUN,2001,1,0.092
TUN,2002,1,0.091
TUN,2003,1,0.091
TUN,2004,1,0.091
TUN,2005,1,0.092
TUN,2006,1,0.095
TUN,2007,1,0.095
TUN,2008,1,0.095
TUN,2009,1,0.095
TUN,2010,1,0.103
TUN,2011,1,0.247
TUN,2012,2,0.642
TUN,2013,2,0.635
TUN,2014,2,0.632
TUN,2015,2,0.629
TUN,2016,2,0.626
TUN,2017,2,0.632
TUN,2018,2,0.633
TUN,2019,2,0.632
TUN,2020,2,0.623
TUN,2021,2,0.464
TUN,2022,1,0.196
TUN,2023,1,0.283
TUN,2024,1,0.271
TUN,2025,1,0.265
TUR,1946,1,0.137
TUR,1947,1,0.146
TUR,1948,1,0.147
TUR,1949,1,0.146
TUR,1950,1,0.188
TUR,1951,1,0.225
TUR,1952,1,0.225
TUR,1953,1,0.230
TUR,1954,1,0.230
TUR,1955,1,0.218
TUR,1956,1,0.203
TUR,1957,1,0.203
TUR,1958,1,0.200
TUR,1959,1,0.200
TUR,1960,0,0.133
TUR,1961,0,0.115
TUR,1962,0,0.231
TUR,1963,0,0.245
TUR,1964,0,0.252
TUR,1965,0,0.259
TUR,1966,2,0.363
TUR,1967,2,0.396
TUR,1968,2,0.396
TUR,1969,2,0.395
TUR,1970,2,0.369
TUR,1971,1,0.283
TUR,1972,1,0.291
TUR,1973,2,0.310
TUR,1974,2,0.380
TUR,1975,2,0.380
TUR,1976,2,0.383
TUR,1977,2,0.378
TUR,1978,2,0.376
TUR,1979,2,0.375
TUR,1980,1,0.196
TUR,1981,0,0.055
TUR,1982,0,0.061
TUR,1983,1,0.136
TUR,1984,1,0.282
TUR,1985,1,0.282
TUR,1986,1,0.283
TUR,1987,1,0.286
TUR,1988,1,0.321
TUR,1989,1,0.321
TUR,1990,2,0.348
TUR,1991,2,0.361
TUR,1992,2,0.369
TUR,1993,2,0.368
TUR,1994,2,0.371
TUR,1995,2,0.373
TUR,1996,2,0.382
TUR,1997,2,0.391
TUR,1998,2,0.389
TUR,1999,2,0.413
TUR,2000,2,0.425
TUR,2001,2,0.431
TUR,2002,2,0.487
TUR,2003,2,0.498
TUR,2004,2,0.502
TUR,2005,2,0.484
TUR,2006,2,0.483
TUR,2007,2,0.461
TUR,2008,2,0.411
TUR,2009,2,0.403
TUR,2010,2,0.360
TUR,2011,2,0.354
TUR,2012,2,0.346
TUR,2013,1,0.289
TUR,2014,1,0.252
TUR,2015,1,0.230
TUR,2016,1,0.143
TUR,2017,1,0.101
TUR,2018,1,0.104
TUR,2019,1,0.107
TUR,2020,1,0.115
TUR,2021,1,0.113
TUR,2022,1,0.110
TUR,2023,1,0.108
TUR,2024,1,0.109
TUR,2025,1,0.110
TWN,1946,0,0.031
TWN,1947,0,0.033
TWN,1948,0,0.032
TWN,1949,0,0.036
TWN,1950,0,0.051
TWN,1951,0,0.052
TWN,1952,0,0.054
TWN,1953,0,0.054
TWN,1954,0,0.056
TWN,1955,0,0.055
TWN,1956,0,0.055
TWN,1957,0,0.055
TWN,1958,0,0.055
TWN,1959,0,0.055
TWN,1960,0,0.060
TWN,1961,0,0.060
TWN,1962,0,0.061
TWN,1963,0,0.061
TWN,1964,0,0.062
TWN,1965,0,0.062
TWN,1966,0,0.062
TWN,1967,0,0.061
TWN,1968,0,0.061
TWN,1969,0,0.061
TWN,1970,0,0.069
TWN,1971,0,0.068
TWN,1972,0,0.067
TWN,1973,0,0.068
TWN,1974,0,0.070
TWN,1975,0,0.074
TWN,1976,0,0.080
TWN,1977,0,0.082
TWN,1978,0,0.078
TWN,1979,0,0.076
TWN,1980,0,0.087
TWN,1981,0,0.090
TWN,1982,0,0.098
TWN,1983,0,0.099
TWN,1984,0,0.103
TWN,1985,0,0.103
TWN,1986,0,0.117
TWN,1987,0,0.128
TWN,1988,0,0.169
TWN,1989,0,0.198
TWN,1990,0,0.226
TWN,1991,0,0.238
TWN,1992,0,0.259
TWN,1993,0,0.275
TWN,1994,0,0.277
TWN,1995,0,0.279
TWN,1996,2,0.389
TWN,1997,2,0.483
TWN,1998,2,0.493
TWN,1999,2,0.489
TWN,2000,3,0.674
TWN,2001,3,0.682
TWN,2002,3,0.687
TWN,2003,3,0.684
TWN,2004,3,0.677
TWN,2005,3,0.675
TWN,2006,3,0.679
TWN,2007,3,0.679
TWN,2008,3,0.685
TWN,2009,3,0.667
TWN,2010,3,0.668
TWN,2011,3,0.668
TWN,2012,3,0.676
TWN,2013,3,0.684
TWN,2014,3,0.685
TWN,2015,3,0.686
TWN,2016,3,0.727
TWN,2017,3,0.737
TWN,2018,3,0.739
TWN,2019,3,0.725
TWN,2020,3,0.719
TWN,2021,3,0.711
TWN,2022,3,0.729
TWN,2023,3,0.725
TWN,2024,3,0.707
TWN,2025,3,0.704
TZA,1946,0,0.090
TZA,1947,0,0.090
TZA,1948,0,0.090
TZA,1949,0,0.090
TZA,1950,0,0.090
TZA,1951,0,0.090
TZA,1952,0,0.090
TZA,1953,0,0.094
TZA,1954,0,0.093
TZA,1955,0,0.094
TZA,1956,0,0.094
TZA,1957,0,0.095
TZA,1958,0,0.102
TZA,1959,0,0.111
TZA,1960,0,0.117
TZA,1961,0,0.194
TZA,1962,1,0.245
TZA,1963,1,0.282
TZA,1964,1,0.279
TZA,1965,1,0.251
TZA,1966,1,0.242
TZA,1967,1,0.241
TZA,1968,1,0.240
TZA,1969,1,0.240
TZA,1970,1,0.239
TZA,1971,1,0.240
TZA,1972,1,0.238
TZA,1973,1,0.239
TZA,1974,1,0.239
TZA,1975,1,0.239
TZA,1976,1,0.239
TZA,1977,1,0.240
TZA,1978,1,0.240
TZA,1979,1,0.240
TZA,1980,1,0.240
TZA,1981,1,0.240
TZA,1982,1,0.242
TZA,1983,1,0.242
TZA,1984,1,0.242
TZA,1985,1,0.245
TZA,1986,1,0.249
TZA,1987,1,0.251
TZA,1988,1,0.251
TZA,1989,1,0.251
TZA,1990,1,0.270
TZA,1991,1,0.278
TZA,1992,1,0.331
TZA,1993,1,0.336
TZA,1994,1,0.345
TZA,1995,1,0.394
TZA,1996,1,0.403
TZA,1997,1,0.403
TZA,1998,1,0.403
TZA,1999,1,0.403
TZA,2000,1,0.396
TZA,2001,1,0.373
TZA,2002,1,0.373
TZA,2003,1,0.373
TZA,2004,1,0.373
TZA,2005,1,0.372
TZA,2006,1,0.395
TZA,2007,1,0.393
TZA,2008,1,0.396
TZA,2009,1,0.395
TZA,2010,1,0.397
TZA,2011,1,0.404
TZA,2012,1,0.401
TZA,2013,1,0.396
TZA,2014,1,0.394
TZA,2015,1,0.391
TZA,2016,1,0.355
TZA,2017,1,0.351
TZA,2018,1,0.331
TZA,2019,1,0.325
TZA,2020,1,0.330
TZA,2021,1,0.324
TZA,2022,1,0.347
TZA,2023,1,0.355
TZA,2024,1,0.357
TZA,2025,1,0.297
UGA,1946,0,0.100
UGA,1947,0,0.100
UGA,1948,0,0.100
UGA,1949,0,0.100
UGA,1950,0,0.100
UGA,1951,0,0.102
UGA,1952,0,0.106
UGA,1953,0,0.106
UGA,1954,0,0.107
UGA,1955,0,0.108
UGA,1956,0,0.112
UGA,1957,0,0.112
UGA,1958,0,0.130
UGA,1959,0,0.130
UGA,1960,0,0.133
UGA,1961,0,0.136
UGA,1962,0,0.159
UGA,1963,1,0.227
UGA,1964,1,0.225
UGA,1965,1,0.225
UGA,1966,0,0.149
UGA,1967,0,0.100
UGA,1968,0,0.103
UGA,1969,0,0.098
UGA,1970,0,0.096
UGA,1971,0,0.035
UGA,1972,0,0.021
UGA,1973,0,0.017
UGA,1974,0,0.017
UGA,1975,0,0.017
UGA,1976,0,0.017
UGA,1977,0,0.017
UGA,1978,0,0.017
UGA,1979,0,0.017
UGA,1980,1,0.043
UGA,1981,1,0.098
UGA,1982,1,0.097
UGA,1983,1,0.093
UGA,1984,1,0.093
UGA,1985,0,0.069
UGA,1986,0,0.107
UGA,1987,0,0.138
UGA,1988,0,0.140
UGA,1989,0,0.150
UGA,1990,1,0.161
UGA,1991,1,0.189
UGA,1992,1,0.190
UGA,1993,1,0.195
UGA,1994,0,0.206
UGA,1995,0,0.225
UGA,1996,1,0.241
UGA,1997,1,0.239
UGA,1998,1,0.239
UGA,1999,1,0.239
UGA,2000,1,0.236
UGA,2001,1,0.222
UGA,2002,1,0.214
UGA,2003,1,0.212
UGA,2004,1,0.216
UGA,2005,1,0.231
UGA,2006,1,0.243
UGA,2007,1,0.246
UGA,2008,1,0.243
UGA,2009,1,0.241
UGA,2010,1,0.238
UGA,2011,1,0.233
UGA,2012,1,0.232
UGA,2013,1,0.230
UGA,2014,1,0.226
UGA,2015,1,0.222
UGA,2016,1,0.205
UGA,2017,1,0.201
UGA,2018,1,0.194
UGA,2019,1,0.193
UGA,2020,1,0.192
UGA,2021,1,0.180
UGA,2022,1,0.185
UGA,2023,1,0.179
UGA,2024,1,0.168
UGA,2025,1,0.165
UKR,1946,0,0.015
UKR,1947,0,0.015
UKR,1948,0,0.015
UKR,1949,0,0.015
UKR,1950,0,0.015
UKR,1951,0,0.015
UKR,1952,0,0.015
UKR,1953,0,0.015
UKR,1954,0,0.021
UKR,1955,0,0.021
UKR,1956,0,0.022
UKR,1957,0,0.024
UKR,1958,0,0.024
UKR,1959,0,0.024
UKR,1960,0,0.024
UKR,1961,0,0.024
UKR,1962,0,0.023
UKR,1963,0,0.023
UKR,1964,0,0.023
UKR,1965,0,0.023
UKR,1966,0,0.023
UKR,1967,0,0.023
UKR,1968,0,0.023
UKR,1969,0,0.023
UKR,1970,0,0.024
UKR,1971,0,0.025
UKR,1972,0,0.025
UKR,1973,0,0.025
UKR,1974,0,0.025
UKR,1975,0,0.025
UKR,1976,0,0.025
UKR,1977,0,0.024
UKR,1978,0,0.024
UKR,1979,0,0.025
UKR,1980,0,0.028
UKR,1981,0,0.028
UKR,1982,0,0.028
UKR,1983,0,0.027
UKR,1984,0,0.027
UKR,1985,0,0.029
UKR,1986,0,0.037
UKR,1987,0,0.041
UKR,1988,0,0.043
UKR,1989,0,0.064
UKR,1990,0,0.227
UKR,1991,1,0.268
UKR,1992,1,0.326
UKR,1993,1,0.349
UKR,1994,2,0.351
UKR,1995,2,0.325
UKR,1996,2,0.319
UKR,1997,2,0.299
UKR,1998,1,0.257
UKR,1999,1,0.245
UKR,2000,1,0.229
UKR,2001,1,0.233
UKR,2002,1,0.245
UKR,2003,1,0.262
UKR,2004,1,0.271
UKR,2005,1,0.285
UKR,2006,2,0.376
UKR,2007,2,0.400
UKR,2008,2,0.394
UKR,2009,2,0.394
UKR,2010,1,0.264
UKR,2011,1,0.264
UKR,2012,1,0.260
UKR,2013,1,0.251
UKR,2014,1,0.215
UKR,2015,1,0.228
UKR,2016,1,0.240
UKR,2017,1,0.240
UKR,2018,1,0.244
UKR,2019,2,0.318
UKR,2020,2,0.325
UKR,2021,2,0.323
UKR,2022,1,0.235
UKR,2023,1,0.239
UKR,2024,1,0.230
UKR,2025,1,0.240
URY,1946,2,0.631
URY,1947,2,0.649
URY,1948,2,0.649
URY,1949,2,0.655
URY,1950,2,0.655
URY,1951,2,0.657
URY,1952,2,0.657
URY,1953,2,0.661
URY,1954,2,0.661
URY,1955,2,0.662
URY,1956,2,0.669
URY,1957,2,0.669
URY,1958,2,0.669
URY,1959,2,0.665
URY,1960,2,0.664
URY,1961,2,0.664
URY,1962,2,0.664
URY,1963,2,0.649
URY,1964,2,0.643
URY,1965,2,0.641
URY,1966,2,0.646
URY,1967,2,0.630
URY,1968,2,0.492
URY,1969,2,0.483
URY,1970,2,0.440
URY,1971,2,0.411
URY,1972,1,0.337
URY,1973,1,0.061
URY,1974,0,0.044
URY,1975,0,0.044
URY,1976,0,0.043
URY,1977,0,0.042
URY,1978,0,0.042
URY,1979,0,0.042
URY,1980,0,0.045
URY,1981,0,0.045
URY,1982,0,0.046
URY,1983,0,0.046
URY,1984,0,0.054
URY,1985,3,0.573
URY,1986,3,0.700
URY,1987,3,0.726
URY,1988,3,0.726
URY,1989,3,0.727
URY,1990,3,0.760
URY,1991,3,0.762
URY,1992,3,0.762
URY,1993,3,0.762
URY,1994,3,0.761
URY,1995,3,0.794
URY,1996,3,0.796
URY,1997,3,0.795
URY,1998,3,0.804
URY,1999,3,0.802
URY,2000,3,0.797
URY,2001,3,0.802
URY,2002,3,0.802
URY,2003,3,0.790
URY,2004,3,0.808
URY,2005,3,0.819
URY,2006,3,0.823
URY,2007,3,0.823
URY,2008,3,0.822
URY,2009,3,0.825
URY,2010,3,0.847
URY,2011,3,0.847
URY,2012,3,0.847
URY,2013,3,0.843
URY,2014,3,0.843
URY,2015,3,0.832
URY,2016,3,0.832
URY,2017,3,0.828
URY,2018,3,0.836
URY,2019,3,0.836
URY,2020,3,0.808
URY,2021,3,0.789
URY,2022,3,0.747
URY,2023,3,0.756
URY,2024,3,0.768
URY,2025,3,0.790
USA,1946,2,0.506
USA,1947,2,0.517
USA,1948,2,0.510
USA,1949,2,0.496
USA,1950,2,0.502
USA,1951,2,0.522
USA,1952,2,0.522
USA,1953,2,0.515
USA,1954,2,0.516
USA,1955,2,0.511
USA,1956,2,0.517
USA,1957,2,0.521
USA,1958,2,0.527
USA,1959,2,0.527
USA,1960,2,0.544
USA,1961,2,0.559
USA,1962,2,0.560
USA,1963,2,0.570
USA,1964,2,0.572
USA,1965,2,0.570
USA,1966,2,0.594
USA,1967,2,0.602
USA,1968,2,0.602
USA,1969,3,0.607
USA,1970,3,0.639
USA,1971,3,0.646
USA,1972,3,0.659
USA,1973,3,0.689
USA,1974,3,0.696
USA,1975,3,0.716
USA,1976,3,0.726
USA,1977,3,0.765
USA,1978,3,0.768
USA,1979,3,0.767
USA,1980,3,0.778
USA,1981,3,0.790
USA,1982,3,0.791
USA,1983,3,0.795
USA,1984,3,0.794
USA,1985,3,0.787
USA,1986,3,0.792
USA,1987,3,0.798
USA,1988,3,0.797
USA,1989,3,0.794
USA,1990,3,0.800
USA,1991,3,0.805
USA,1992,3,0.809
USA,1993,3,0.805
USA,1994,3,0.806
USA,1995,3,0.808
USA,1996,3,0.808
USA,1997,3,0.811
USA,1998,3,0.810
USA,1999,3,0.808
USA,2000,3,0.808
USA,2001,3,0.769
USA,2002,3,0.769
USA,2003,3,0.798
USA,2004,3,0.799
USA,2005,3,0.794
USA,2006,3,0.801
USA,2007,3,0.840
USA,2008,3,0.845
USA,2009,3,0.848
USA,2010,3,0.848
USA,2011,3,0.845
USA,2012,3,0.842
USA,2013,3,0.852
USA,2014,3,0.848
USA,2015,3,0.848
USA,2016,3,0.830
USA,2017,3,0.749
USA,2018,3,0.739
USA,2019,3,0.740
USA,2020,3,0.734
USA,2021,3,0.756
USA,2022,3,0.769
USA,2023,3,0.789
USA,2024,3,0.751
USA,2025,2,0.571
UZB,1946,0,0.015
UZB,1947,0,0.015
UZB,1948,0,0.015
UZB,1949,0,0.015
UZB,1950,0,0.015
UZB,1951,0,0.015
UZB,1952,0,0.015
UZB,1953,0,0.015
UZB,1954,0,0.021
UZB,1955,0,0.021
UZB,1956,0,0.022
UZB,1957,0,0.024
UZB,1958,0,0.024
UZB,1959,0,0.024
UZB,1960,0,0.024
UZB,1961,0,0.024
UZB,1962,0,0.023
UZB,1963,0,0.023
UZB,1964,0,0.023
UZB,1965,0,0.023
UZB,1966,0,0.023
UZB,1967,0,0.023
UZB,1968,0,0.023
UZB,1969,0,0.023
UZB,1970,0,0.024
UZB,1971,0,0.025
UZB,1972,0,0.025
UZB,1973,0,0.025
UZB,1974,0,0.025
UZB,1975,0,0.025
UZB,1976,0,0.025
UZB,1977,0,0.024
UZB,1978,0,0.024
UZB,1979,0,0.025
UZB,1980,0,0.028
UZB,1981,0,0.028
UZB,1982,0,0.028
UZB,1983,0,0.027
UZB,1984,0,0.027
UZB,1985,0,0.029
UZB,1986,0,0.037
UZB,1987,0,0.041
UZB,1988,0,0.043
UZB,1989,0,0.064
UZB,1990,0,0.069
UZB,1991,0,0.072
UZB,1992,1,0.057
UZB,1993,1,0.049
UZB,1994,1,0.045
UZB,1995,1,0.041
UZB,1996,1,0.041
UZB,1997,1,0.040
UZB,1998,1,0.037
UZB,1999,1,0.035
UZB,2000,1,0.035
UZB,2001,1,0.034
UZB,2002,1,0.034
UZB,2003,1,0.035
UZB,2004,1,0.035
UZB,2005,1,0.031
UZB,2006,1,0.032
UZB,2007,1,0.033
UZB,2008,1,0.034
UZB,2009,1,0.034
UZB,2010,1,0.035
UZB,2011,1,0.036
UZB,2012,1,0.036
UZB,2013,1,0.037
UZB,2014,0,0.037
UZB,2015,0,0.036
UZB,2016,0,0.037
UZB,2017,1,0.052
UZB,2018,1,0.065
UZB,2019,1,0.077
UZB,2020,0,0.083
UZB,2021,0,0.078
UZB,2022,0,0.078
UZB,2023,0,0.079
UZB,2024,1,0.074
UZB,2025,1,0.079
VEN,1946,0,0.155
VEN,1947,0,0.197
VEN,1948,1,0.217
VEN,1949,0,0.069
VEN,1950,0,0.053
VEN,1951,0,0.051
VEN,1952,0,0.050
VEN,1953,0,0.047
VEN,1954,0,0.047
VEN,1955,0,0.047
VEN,1956,0,0.047
VEN,1957,0,0.049
VEN,1958,0,0.169
VEN,1959,2,0.475
VEN,1960,2,0.515
VEN,1961,2,0.531
VEN,1962,2,0.527
VEN,1963,2,0.525
VEN,1964,2,0.504
VEN,1965,2,0.510
VEN,1966,2,0.510
VEN,1967,2,0.510
VEN,1968,2,0.518
VEN,1969,2,0.545
VEN,1970,2,0.555
VEN,1971,2,0.558
VEN,1972,2,0.568
VEN,1973,2,0.562
VEN,1974,2,0.587
VEN,1975,2,0.585
VEN,1976,2,0.590
VEN,1977,2,0.590
VEN,1978,2,0.586
VEN,1979,2,0.587
VEN,1980,2,0.590
VEN,1981,2,0.585
VEN,1982,2,0.587
VEN,1983,2,0.587
VEN,1984,2,0.588
VEN,1985,2,0.586
VEN,1986,2,0.584
VEN,1987,2,0.584
VEN,1988,2,0.584
VEN,1989,2,0.585
VEN,1990,2,0.595
VEN,1991,2,0.618
VEN,1992,2,0.609
VEN,1993,2,0.614
VEN,1994,2,0.602
VEN,1995,2,0.604
VEN,1996,2,0.604
VEN,1997,2,0.603
VEN,1998,2,0.575
VEN,1999,2,0.440
VEN,2000,2,0.310
VEN,2001,2,0.288
VEN,2002,1,0.255
VEN,2003,1,0.243
VEN,2004,1,0.216
VEN,2005,1,0.182
VEN,2006,1,0.168
VEN,2007,1,0.162
VEN,2008,1,0.159
VEN,2009,1,0.160
VEN,2010,1,0.154
VEN,2011,1,0.152
VEN,2012,1,0.145
VEN,2013,1,0.109
VEN,2014,1,0.102
VEN,2015,1,0.103
VEN,2016,1,0.118
VEN,2017,1,0.082
VEN,2018,1,0.061
VEN,2019,1,0.060
VEN,2020,1,0.056
VEN,2021,1,0.056
VEN,2022,1,0.054
VEN,2023,1,0.053
VEN,2024,1,0.046
VEN,2025,1,0.042
VNM,1976,1,0.071
VNM,1977,1,0.071
VNM,1978,1,0.058
VNM,1979,1,0.060
VNM,1980,1,0.060
VNM,1981,1,0.059
VNM,1982,1,0.059
VNM,1983,1,0.059
VNM,1984,1,0.059
VNM,1985,1,0.059
VNM,1986,1,0.065
VNM,1987,1,0.069
VNM,1988,1,0.069
VNM,1989,1,0.069
VNM,1990,1,0.073
VNM,1991,1,0.075
VNM,1992,0,0.077
VNM,1993,0,0.076
VNM,1994,0,0.080
VNM,1995,0,0.080
VNM,1996,0,0.082
VNM,1997,0,0.082
VNM,1998,0,0.083
VNM,1999,0,0.089
VNM,2000,0,0.092
VNM,2001,0,0.092
VNM,2002,1,0.092
VNM,2003,1,0.092
VNM,2004,1,0.091
VNM,2005,1,0.103
VNM,2006,1,0.104
VNM,2007,1,0.105
VNM,2008,1,0.105
VNM,2009,1,0.105
VNM,2010,1,0.105
VNM,2011,1,0.104
VNM,2012,1,0.105
VNM,2013,1,0.113
VNM,2014,1,0.115
VNM,2015,1,0.115
VNM,2016,1,0.117
VNM,2017,1,0.115
VNM,2018,1,0.113
VNM,2019,1,0.117
VNM,2020,1,0.106
VNM,2021,0,0.109
VNM,2022,0,0.106
VNM,2023,0,0.111
VNM,2024,0,0.109
VNM,2025,0,0.102
VUT,1946,0,0.152
VUT,1947,0,0.152
VUT,1948,0,0.152
VUT,1949,0,0.152
VUT,1950,0,0.150
VUT,1951,0,0.153
VUT,1952,0,0.153
VUT,1953,0,0.153
VUT,1954,0,0.153
VUT,1955,0,0.153
VUT,1956,0,0.153
VUT,1957,0,0.153
VUT,1958,0,0.152
VUT,1959,0,0.152
VUT,1960,0,0.152
VUT,1961,0,0.152
VUT,1962,0,0.152
VUT,1963,0,0.152
VUT,1964,0,0.152
VUT,1965,0,0.152
VUT,1966,0,0.152
VUT,1967,0,0.152
VUT,1968,0,0.152
VUT,1969,0,0.152
VUT,1970,0,0.168
VUT,1971,0,0.181
VUT,1972,0,0.181
VUT,1973,0,0.181
VUT,1974,0,0.181
VUT,1975,0,0.202
VUT,1976,0,0.320
VUT,1977,1,0.326
VUT,1978,1,0.383
VUT,1979,1,0.422
VUT,1980,2,0.584
VUT,1981,2,0.584
VUT,1982,2,0.584
VUT,1983,2,0.584
VUT,1984,2,0.582
VUT,1985,2,0.582
VUT,1986,2,0.582
VUT,1987,2,0.582
VUT,1988,2,0.574
VUT,1989,2,0.574
VUT,1990,2,0.580
VUT,1991,2,0.570
VUT,1992,2,0.512
VUT,1993,2,0.512
VUT,1994,2,0.518
VUT,1995,2,0.518
VUT,1996,2,0.518
VUT,1997,2,0.518
VUT,1998,2,0.517
VUT,1999,2,0.517
VUT,2000,2,0.518
VUT,2001,2,0.518
VUT,2002,2,0.519
VUT,2003,2,0.519
VUT,2004,2,0.517
VUT,2005,2,0.514
VUT,2006,2,0.514
VUT,2007,2,0.514
VUT,2008,2,0.549
VUT,2009,2,0.618
VUT,2010,2,0.619
VUT,2011,2,0.619
VUT,2012,2,0.620
VUT,2013,2,0.626
VUT,2014,2,0.626
VUT,2015,2,0.639
VUT,2016,2,0.661
VUT,2017,2,0.682
VUT,2018,2,0.680
VUT,2019,2,0.662
VUT,2020,2,0.659
VUT,2021,2,0.673
VUT,2022,2,0.681
VUT,2023,2,0.704
VUT,2024,2,0.686
VUT,2025,2,0.623
YEM,1946,0,0.012
YEM,1947,0,0.012
YEM,1948,0,0.012
YEM,1949,0,0.018
YEM,1950,0,0.018
YEM,1951,0,0.018
YEM,1952,0,0.018
YEM,1953,0,0.023
YEM,1954,0,0.029
YEM,1955,0,0.029
YEM,1956,0,0.029
YEM,1957,0,0.029
YEM,1958,0,0.029
YEM,1959,0,0.029
YEM,1960,0,0.033
YEM,1961,0,0.033
YEM,1962,0,0.033
YEM,1963,0,0.042
YEM,1964,0,0.044
YEM,1965,0,0.044
YEM,1966,0,0.044
YEM,1967,0,0.037
YEM,1968,0,0.037
YEM,1969,0,0.037
YEM,1970,0,0.037
YEM,1971,0,0.071
YEM,1972,0,0.061
YEM,1973,0,0.062
YEM,1974,0,0.068
YEM,1975,0,0.054
YEM,1976,0,0.054
YEM,1977,0,0.054
YEM,1978,0,0.061
YEM,1979,0,0.060
YEM,1980,0,0.060
YEM,1981,0,0.060
YEM,1982,0,0.060
YEM,1983,0,0.060
YEM,1984,0,0.060
YEM,1985,0,0.060
YEM,1986,0,0.060
YEM,1987,0,0.059
YEM,1988,1,0.066
YEM,1989,1,0.073
YEM,1990,1,0.114
YEM,1991,1,0.150
YEM,1992,1,0.151
YEM,1993,1,0.161
YEM,1994,1,0.147
YEM,1995,1,0.132
YEM,1996,1,0.132
YEM,1997,1,0.137
YEM,1998,1,0.132
YEM,1999,1,0.131
YEM,2000,1,0.136
YEM,2001,1,0.136
YEM,2002,1,0.137
YEM,2003,1,0.152
YEM,2004,1,0.153
YEM,2005,1,0.153
YEM,2006,1,0.154
YEM,2007,1,0.153
YEM,2008,1,0.153
YEM,2009,1,0.153
YEM,2010,1,0.153
YEM,2011,1,0.141
YEM,2012,1,0.164
YEM,2013,1,0.148
YEM,2014,1,0.117
YEM,2015,1,0.069
YEM,2016,0,0.037
YEM,2017,0,0.036
YEM,2018,0,0.034
YEM,2019,0,0.038
YEM,2020,0,0.033
YEM,2021,0,0.033
YEM,2022,0,0.041
YEM,2023,0,0.045
YEM,2024,0,0.047
YEM,2025,0,0.043
YMD,1946,0,0.130
YMD,1947,0,0.164
YMD,1948,0,0.164
YMD,1949,0,0.164
YMD,1950,0,0.166
YMD,1951,0,0.166
YMD,1952,0,0.167
YMD,1953,0,0.167
YMD,1954,0,0.167
YMD,1955,0,0.184
YMD,1956,0,0.188
YMD,1957,0,0.188
YMD,1958,0,0.188
YMD,1959,0,0.188
YMD,1960,0,0.176
YMD,1961,0,0.176
YMD,1962,0,0.176
YMD,1963,0,0.172
YMD,1964,0,0.166
YMD,1965,0,0.160
YMD,1966,0,0.156
YMD,1967,0,0.139
YMD,1968,0,0.093
YMD,1969,0,0.093
YMD,1970,0,0.112
YMD,1971,0,0.112
YMD,1972,0,0.112
YMD,1973,0,0.112
YMD,1974,0,0.114
YMD,1975,0,0.114
YMD,1976,0,0.114
YMD,1977,0,0.113
YMD,1978,0,0.111
YMD,1979,0,0.117
YMD,1980,0,0.104
YMD,1981,0,0.123
YMD,1982,0,0.124
YMD,1983,0,0.124
YMD,1984,0,0.124
YMD,1985,0,0.124
YMD,1986,0,0.089
YMD,1987,0,0.090
YMD,1988,0,0.090
YMD,1989,0,0.090
YMD,1990,0,0.093
YUG,1946,0,0.073
YUG,1947,0,0.071
YUG,1948,0,0.071
YUG,1949,0,0.081
YUG,1950,0,0.088
YUG,1951,0,0.092
YUG,1952,0,0.093
YUG,1953,0,0.097
YUG,1954,0,0.097
YUG,1955,0,0.098
YUG,1956,0,0.098
YUG,1957,0,0.098
YUG,1958,0,0.097
YUG,1959,0,0.097
YUG,1960,0,0.097
YUG,1961,0,0.097
YUG,1962,0,0.097
YUG,1963,0,0.113
YUG,1964,0,0.113
YUG,1965,0,0.116
YUG,1966,0,0.116
YUG,1967,0,0.117
YUG,1968,0,0.117
YUG,1969,0,0.117
YUG,1970,0,0.117
YUG,1971,0,0.117
YUG,1972,0,0.117
YUG,1973,0,0.117
YUG,1974,0,0.120
YUG,1975,0,0.122
YUG,1976,0,0.122
YUG,1977,0,0.122
YUG,1978,0,0.122
YUG,1979,0,0.120
YUG,1980,0,0.125
YUG,1981,0,0.133
YUG,1982,0,0.135
YUG,1983,0,0.135
YUG,1984,0,0.135
YUG,1985,0,0.135
YUG,1986,0,0.135
YUG,1987,0,0.135
YUG,1988,0,0.138
YUG,1989,0,0.129
YUG,1990,0,0.150
YUG,1991,0,0.103
ZAF,1946,1,0.132
ZAF,1947,1,0.126
ZAF,1948,1,0.111
ZAF,1949,1,0.109
ZAF,1950,1,0.102
ZAF,1951,1,0.102
ZAF,1952,1,0.102
ZAF,1953,1,0.102
ZAF,1954,1,0.101
ZAF,1955,1,0.101
ZAF,1956,1,0.101
ZAF,1957,1,0.101
ZAF,1958,1,0.102
ZAF,1959,1,0.102
ZAF,1960,1,0.099
ZAF,1961,1,0.092
ZAF,1962,1,0.094
ZAF,1963,1,0.094
ZAF,1964,1,0.094
ZAF,1965,1,0.094
ZAF,1966,1,0.093
ZAF,1967,1,0.093
ZAF,1968,1,0.093
ZAF,1969,1,0.093
ZAF,1970,1,0.093
ZAF,1971,1,0.093
ZAF,1972,1,0.093
ZAF,1973,1,0.093
ZAF,1974,1,0.093
ZAF,1975,1,0.094
ZAF,1976,1,0.094
ZAF,1977,1,0.093
ZAF,1978,1,0.093
ZAF,1979,1,0.093
ZAF,1980,1,0.093
ZAF,1981,1,0.096
ZAF,1982,1,0.096
ZAF,1983,1,0.096
ZAF,1984,0,0.118
ZAF,1985,0,0.118
ZAF,1986,0,0.119
ZAF,1987,0,0.118
ZAF,1988,0,0.119
ZAF,1989,0,0.121
ZAF,1990,0,0.139
ZAF,1991,0,0.148
ZAF,1992,0,0.149
ZAF,1993,0,0.159
ZAF,1994,1,0.293
ZAF,1995,2,0.528
ZAF,1996,3,0.560
ZAF,1997,3,0.560
ZAF,1998,3,0.564
ZAF,1999,3,0.598
ZAF,2000,3,0.629
ZAF,2001,3,0.629
ZAF,2002,3,0.629
ZAF,2003,3,0.629
ZAF,2004,3,0.649
ZAF,2005,3,0.658
ZAF,2006,3,0.661
ZAF,2007,3,0.662
ZAF,2008,3,0.657
ZAF,2009,3,0.656
ZAF,2010,3,0.666
ZAF,2011,3,0.666
ZAF,2012,3,0.668
ZAF,2013,2,0.650
ZAF,2014,2,0.641
ZAF,2015,2,0.649
ZAF,2016,2,0.645
ZAF,2017,2,0.626
ZAF,2018,2,0.640
ZAF,2019,2,0.623
ZAF,2020,2,0.604
ZAF,2021,2,0.609
ZAF,2022,2,0.610
ZAF,2023,2,0.602
ZAF,2024,2,0.648
ZAF,2025,2,0.633
ZMB,1946,0,0.102
ZMB,1947,0,0.102
ZMB,1948,0,0.105
ZMB,1949,0,0.106
ZMB,1950,0,0.106
ZMB,1951,0,0.107
ZMB,1952,0,0.107
ZMB,1953,0,0.106
ZMB,1954,0,0.106
ZMB,1955,0,0.106
ZMB,1956,0,0.106
ZMB,1957,0,0.106
ZMB,1958,0,0.107
ZMB,1959,0,0.107
ZMB,1960,0,0.109
ZMB,1961,0,0.110
ZMB,1962,0,0.111
ZMB,1963,0,0.117
ZMB,1964,1,0.168
ZMB,1965,1,0.211
ZMB,1966,1,0.211
ZMB,1967,1,0.212
ZMB,1968,1,0.214
ZMB,1969,1,0.206
ZMB,1970,1,0.204
ZMB,1971,1,0.195
ZMB,1972,1,0.194
ZMB,1973,1,0.159
ZMB,1974,1,0.147
ZMB,1975,1,0.147
ZMB,1976,1,0.147
ZMB,1977,1,0.147
ZMB,1978,1,0.147
ZMB,1979,1,0.147
ZMB,1980,1,0.147
ZMB,1981,1,0.147
ZMB,1982,1,0.147
ZMB,1983,1,0.147
ZMB,1984,1,0.148
ZMB,1985,1,0.148
ZMB,1986,1,0.148
ZMB,1987,1,0.148
ZMB,1988,1,0.148
ZMB,1989,1,0.149
ZMB,1990,1,0.161
ZMB,1991,1,0.248
ZMB,1992,1,0.344
ZMB,1993,1,0.355
ZMB,1994,1,0.377
ZMB,1995,1,0.377
ZMB,1996,1,0.384
ZMB,1997,1,0.374
ZMB,1998,1,0.374
ZMB,1999,1,0.374
ZMB,2000,1,0.380
ZMB,2001,1,0.394
ZMB,2002,1,0.405
ZMB,2003,1,0.405
ZMB,2004,1,0.405
ZMB,2005,1,0.419
ZMB,2006,1,0.418
ZMB,2007,2,0.420
ZMB,2008,2,0.424
ZMB,2009,2,0.426
ZMB,2010,2,0.427
ZMB,2011,2,0.420
ZMB,2012,2,0.421
ZMB,2013,1,0.391
ZMB,2014,1,0.388
ZMB,2015,1,0.371
ZMB,2016,1,0.328
ZMB,2017,1,0.294
ZMB,2018,1,0.294
ZMB,2019,1,0.301
ZMB,2020,1,0.292
ZMB,2021,1,0.339
ZMB,2022,2,0.436
ZMB,2023,2,0.427
ZMB,2024,2,0.390
ZMB,2025,1,0.375
ZWE,1946,1,0.180
ZWE,1947,1,0.180
ZWE,1948,1,0.180
ZWE,1949,1,0.179
ZWE,1950,1,0.179
ZWE,1951,1,0.180
ZWE,1952,1,0.180
ZWE,1953,1,0.186
ZWE,1954,1,0.186
ZWE,1955,1,0.186
ZWE,1956,1,0.186
ZWE,1957,1,0.183
ZWE,1958,1,0.179
ZWE,1959,1,0.175
ZWE,1960,1,0.174
ZWE,1961,1,0.174
ZWE,1962,1,0.174
ZWE,1963,1,0.172
ZWE,1964,1,0.143
ZWE,1965,1,0.126
ZWE,1966,1,0.124
ZWE,1967,1,0.124
ZWE,1968,1,0.124
ZWE,1969,1,0.121
ZWE,1970,1,0.121
ZWE,1971,1,0.120
ZWE,1972,1,0.120
ZWE,1973,1,0.120
ZWE,1974,1,0.120
ZWE,1975,1,0.121
ZWE,1976,1,0.121
ZWE,1977,1,0.121
ZWE,1978,0,0.094
ZWE,1979,1,0.114
ZWE,1980,1,0.215
ZWE,1981,1,0.229
ZWE,1982,1,0.228
ZWE,1983,1,0.228
ZWE,1984,1,0.226
ZWE,1985,1,0.224
ZWE,1986,1,0.222
ZWE,1987,1,0.185
ZWE,1988,1,0.221
ZWE,1989,1,0.222
ZWE,1990,1,0.222
ZWE,1991,1,0.225
ZWE,1992,1,0.225
ZWE,1993,1,0.225
ZWE,1994,1,0.225
ZWE,1995,1,0.225
ZWE,1996,1,0.228
ZWE,1997,1,0.229
ZWE,1998,1,0.226
ZWE,1999,1,0.228
ZWE,2000,1,0.187
ZWE,2001,1,0.164
ZWE,2002,1,0.167
ZWE,2003,1,0.157
ZWE,2004,1,0.154
ZWE,2005,1,0.153
ZWE,2006,1,0.152
ZWE,2007,1,0.152
ZWE,2008,1,0.149
ZWE,2009,1,0.179
ZWE,2010,1,0.200
ZWE,2011,1,0.201
ZWE,2012,1,0.202
ZWE,2013,1,0.209
ZWE,2014,1,0.213
ZWE,2015,1,0.212
ZWE,2016,1,0.203
ZWE,2017,1,0.225
ZWE,2018,1,0.216
ZWE,2019,1,0.202
ZWE,2020,1,0.192
ZWE,2021,1,0.194
ZWE,2022,1,0.186
ZWE,2023,1,0.175
ZWE,2024,1,0.156
ZWE,2025,1,0.147
