code,year,share,source
AFE,1997,11.8,ipu
AFE,1998,12.8,ipu
AFE,1999,12.5,ipu
AFE,2000,14.8,ipu
AFE,2001,15.4,ipu
AFE,2002,16.7,ipu
AFE,2003,16.7,ipu
AFE,2004,17.4,ipu
AFE,2005,19.3,ipu
AFE,2006,19.8,ipu
AFE,2007,20.2,ipu
AFE,2008,21.4,ipu
AFE,2009,22.4,ipu
AFE,2010,22.6,ipu
AFE,2011,25.2,ipu
AFE,2012,25.0,ipu
AFE,2013,25.9,ipu
AFE,2014,25.7,ipu
AFE,2015,28.1,ipu
AFE,2016,29.0,ipu
AFE,2017,28.7,ipu
AFE,2018,28.8,ipu
AFE,2019,29.3,ipu
AFE,2020,30.1,ipu
AFE,2021,30.5,ipu
AFE,2022,30.5,ipu
AFE,2023,30.5,ipu
AFE,2024,30.2,ipu
AFE,2025,30.4,ipu
AFG,1946,0.0,vdem
AFG,1947,0.0,vdem
AFG,1948,0.0,vdem
AFG,1949,0.0,vdem
AFG,1950,0.0,vdem
AFG,1951,0.0,vdem
AFG,1952,0.0,vdem
AFG,1953,0.0,vdem
AFG,1954,0.0,vdem
AFG,1955,0.0,vdem
AFG,1956,0.0,vdem
AFG,1957,0.0,vdem
AFG,1958,0.0,vdem
AFG,1959,0.0,vdem
AFG,1960,0.0,vdem
AFG,1961,0.0,vdem
AFG,1962,0.0,vdem
AFG,1963,0.0,vdem
AFG,1964,0.0,vdem
AFG,1965,2.0,vdem
AFG,1966,2.0,vdem
AFG,1967,2.0,vdem
AFG,1968,2.0,vdem
AFG,1969,0.0,vdem
AFG,1970,0.0,vdem
AFG,1971,0.0,vdem
AFG,1972,0.0,vdem
AFG,1978,0.0,vdem
AFG,1979,0.0,vdem
AFG,1980,0.0,vdem
AFG,1981,0.0,vdem
AFG,1982,0.0,vdem
AFG,1983,0.0,vdem
AFG,1984,0.0,vdem
AFG,1985,0.0,vdem
AFG,1986,0.0,vdem
AFG,1987,0.0,vdem
AFG,1988,3.7,vdem
AFG,1989,3.7,vdem
AFG,1990,3.7,vdem
AFG,1991,3.7,vdem
AFG,2005,27.3,ipu
AFG,2006,27.3,ipu
AFG,2007,27.7,ipu
AFG,2008,27.7,ipu
AFG,2009,27.3,ipu
AFG,2010,27.7,ipu
AFG,2011,27.7,ipu
AFG,2012,27.7,ipu
AFG,2013,27.7,ipu
AFG,2014,27.7,ipu
AFG,2015,27.7,ipu
AFG,2016,27.7,ipu
AFG,2017,27.7,ipu
AFG,2018,27.3,vdem
AFG,2019,27.9,ipu
AFG,2020,27.0,ipu
AFG,2021,27.0,ipu
AFW,2000,6.8,ipu
AFW,2001,7.4,ipu
AFW,2002,7.9,ipu
AFW,2003,9.0,ipu
AFW,2004,10.1,ipu
AFW,2005,10.7,ipu
AFW,2006,11.2,ipu
AFW,2007,12.3,ipu
AFW,2008,11.2,ipu
AFW,2009,11.1,ipu
AFW,2010,11.2,ipu
AFW,2011,11.9,ipu
AFW,2012,13.6,ipu
AFW,2013,14.7,ipu
AFW,2014,15.6,ipu
AFW,2015,15.1,ipu
AFW,2016,14.8,ipu
AFW,2017,15.3,ipu
AFW,2018,15.3,ipu
AFW,2019,15.4,ipu
AFW,2020,16.3,ipu
AFW,2021,17.8,ipu
AFW,2022,19.2,ipu
AFW,2023,20.8,ipu
AFW,2024,20.8,ipu
AFW,2025,21.1,ipu
AGO,1973,0.0,vdem
AGO,1974,0.0,vdem
AGO,1975,0.0,vdem
AGO,1976,0.0,vdem
AGO,1977,0.0,vdem
AGO,1978,0.0,vdem
AGO,1979,0.0,vdem
AGO,1980,8.3,vdem
AGO,1981,8.3,vdem
AGO,1982,8.3,vdem
AGO,1983,8.3,vdem
AGO,1984,8.3,vdem
AGO,1985,8.3,vdem
AGO,1986,14.5,vdem
AGO,1987,14.5,vdem
AGO,1988,14.5,vdem
AGO,1989,14.5,vdem
AGO,1990,14.5,vdem
AGO,1991,19.0,vdem
AGO,1992,9.5,vdem
AGO,1993,9.5,vdem
AGO,1994,9.5,vdem
AGO,1995,9.5,vdem
AGO,1996,9.5,vdem
AGO,1997,9.5,ipu
AGO,1998,15.5,ipu
AGO,1999,15.5,ipu
AGO,2000,15.5,ipu
AGO,2001,15.5,ipu
AGO,2002,15.5,ipu
AGO,2003,15.5,ipu
AGO,2004,15.0,ipu
AGO,2005,15.0,ipu
AGO,2006,15.0,ipu
AGO,2007,15.0,ipu
AGO,2008,37.3,ipu
AGO,2009,38.6,ipu
AGO,2010,38.6,ipu
AGO,2011,38.2,ipu
AGO,2012,34.1,ipu
AGO,2013,34.1,ipu
AGO,2014,36.8,ipu
AGO,2015,36.8,ipu
AGO,2016,36.8,ipu
AGO,2017,30.5,ipu
AGO,2018,30.5,ipu
AGO,2019,30.0,ipu
AGO,2020,30.0,ipu
AGO,2021,29.5,ipu
AGO,2022,33.6,ipu
AGO,2023,33.6,ipu
AGO,2024,39.5,ipu
AGO,2025,39.1,ipu
ALB,1946,3.7,vdem
ALB,1947,3.7,vdem
ALB,1948,3.7,vdem
ALB,1949,3.7,vdem
ALB,1950,14.0,vdem
ALB,1951,14.0,vdem
ALB,1952,14.0,vdem
ALB,1953,14.0,vdem
ALB,1954,11.9,vdem
ALB,1955,11.9,vdem
ALB,1956,11.9,vdem
ALB,1957,11.9,vdem
ALB,1958,9.1,vdem
ALB,1959,9.1,vdem
ALB,1960,9.1,vdem
ALB,1961,9.1,vdem
ALB,1962,11.7,vdem
ALB,1963,11.7,vdem
ALB,1964,11.7,vdem
ALB,1965,11.7,vdem
ALB,1966,16.3,vdem
ALB,1967,16.3,vdem
ALB,1968,16.3,vdem
ALB,1969,16.3,vdem
ALB,1970,27.2,vdem
ALB,1971,27.2,vdem
ALB,1972,27.2,vdem
ALB,1973,27.2,vdem
ALB,1974,33.2,vdem
ALB,1975,33.2,vdem
ALB,1976,33.2,vdem
ALB,1977,33.2,vdem
ALB,1978,32.4,vdem
ALB,1979,32.4,vdem
ALB,1980,32.4,vdem
ALB,1981,32.4,vdem
ALB,1982,30.4,vdem
ALB,1983,30.4,vdem
ALB,1984,30.4,vdem
ALB,1985,30.4,vdem
ALB,1986,30.4,vdem
ALB,1987,28.8,vdem
ALB,1988,28.8,vdem
ALB,1989,28.8,vdem
ALB,1990,28.8,vdem
ALB,1991,3.6,vdem
ALB,1992,5.7,vdem
ALB,1993,5.7,vdem
ALB,1994,5.7,vdem
ALB,1995,5.7,vdem
ALB,1996,12.1,vdem
ALB,1997,5.2,vdem
ALB,1998,5.2,vdem
ALB,1999,5.2,ipu
ALB,2000,5.2,ipu
ALB,2001,5.7,ipu
ALB,2002,5.7,ipu
ALB,2003,5.7,ipu
ALB,2004,6.4,ipu
ALB,2005,7.1,ipu
ALB,2006,7.1,ipu
ALB,2007,7.1,ipu
ALB,2008,7.1,ipu
ALB,2009,16.4,ipu
ALB,2010,16.4,ipu
ALB,2011,15.7,ipu
ALB,2012,15.7,ipu
ALB,2013,17.9,ipu
ALB,2014,20.0,ipu
ALB,2015,20.7,ipu
ALB,2016,22.9,ipu
ALB,2017,27.9,ipu
ALB,2018,27.9,ipu
ALB,2019,29.5,ipu
ALB,2020,29.5,ipu
ALB,2021,35.7,ipu
ALB,2022,35.7,ipu
ALB,2023,35.7,ipu
ALB,2024,35.7,ipu
ALB,2025,35.0,ipu
AND,1997,7.1,ipu
AND,1998,7.1,ipu
AND,1999,7.1,ipu
AND,2000,7.1,ipu
AND,2001,14.3,ipu
AND,2002,14.3,ipu
AND,2003,14.3,ipu
AND,2004,14.3,ipu
AND,2005,28.6,ipu
AND,2006,28.6,ipu
AND,2007,28.6,ipu
AND,2008,25.0,ipu
AND,2009,35.7,ipu
AND,2010,35.7,ipu
AND,2011,50.0,ipu
AND,2012,50.0,ipu
AND,2013,50.0,ipu
AND,2014,50.0,ipu
AND,2015,39.3,ipu
AND,2016,32.1,ipu
AND,2017,32.1,ipu
AND,2018,32.1,ipu
AND,2019,46.4,ipu
AND,2020,46.4,ipu
AND,2021,46.4,ipu
AND,2022,46.4,ipu
AND,2023,50.0,ipu
AND,2024,50.0,ipu
AND,2025,50.0,ipu
ARB,1997,3.7,ipu
ARB,1998,3.5,ipu
ARB,1999,3.6,ipu
ARB,2000,3.8,ipu
ARB,2001,4.6,ipu
ARB,2002,6.1,ipu
ARB,2003,6.0,ipu
ARB,2004,6.7,ipu
ARB,2005,7.0,ipu
ARB,2006,9.3,ipu
ARB,2007,9.8,ipu
ARB,2008,9.8,ipu
ARB,2009,9.9,ipu
ARB,2010,11.9,ipu
ARB,2011,11.3,ipu
ARB,2012,14.9,ipu
ARB,2013,17.4,ipu
ARB,2014,17.8,ipu
ARB,2015,18.8,ipu
ARB,2016,19.3,ipu
ARB,2017,18.9,ipu
ARB,2018,19.1,ipu
ARB,2019,17.6,ipu
ARB,2020,19.5,ipu
ARB,2021,18.2,ipu
ARB,2022,18.2,ipu
ARB,2023,17.7,ipu
ARB,2024,18.2,ipu
ARB,2025,17.8,ipu
ARE,1971,0.0,vdem
ARE,1972,0.0,vdem
ARE,1973,0.0,vdem
ARE,1974,0.0,vdem
ARE,1975,0.0,vdem
ARE,1976,0.0,vdem
ARE,1977,0.0,vdem
ARE,1978,0.0,vdem
ARE,1979,0.0,vdem
ARE,1980,0.0,vdem
ARE,1981,0.0,vdem
ARE,1982,0.0,vdem
ARE,1983,0.0,vdem
ARE,1984,0.0,vdem
ARE,1985,0.0,vdem
ARE,1986,0.0,vdem
ARE,1987,0.0,vdem
ARE,1988,0.0,vdem
ARE,1989,0.0,vdem
ARE,1990,0.0,vdem
ARE,1991,0.0,vdem
ARE,1992,0.0,vdem
ARE,1993,0.0,vdem
ARE,1994,0.0,vdem
ARE,1995,0.0,vdem
ARE,1996,0.0,vdem
ARE,1997,0.0,ipu
ARE,1998,0.0,ipu
ARE,1999,0.0,ipu
ARE,2000,0.0,ipu
ARE,2001,0.0,ipu
ARE,2002,0.0,ipu
ARE,2003,0.0,ipu
ARE,2004,0.0,ipu
ARE,2005,0.0,ipu
ARE,2006,5.0,ipu
ARE,2007,22.5,ipu
ARE,2008,22.5,ipu
ARE,2009,22.5,ipu
ARE,2010,22.5,ipu
ARE,2011,17.5,ipu
ARE,2012,17.5,ipu
ARE,2013,17.5,ipu
ARE,2014,17.5,ipu
ARE,2015,22.5,ipu
ARE,2016,22.5,ipu
ARE,2017,22.5,ipu
ARE,2018,22.5,ipu
ARE,2019,50.0,ipu
ARE,2020,50.0,ipu
ARE,2021,50.0,ipu
ARE,2022,50.0,ipu
ARE,2023,50.0,ipu
ARE,2024,50.0,ipu
ARE,2025,50.0,ipu
ARG,1946,0.0,vdem
ARG,1947,0.0,vdem
ARG,1948,0.0,vdem
ARG,1949,0.0,vdem
ARG,1950,0.0,vdem
ARG,1951,15.5,vdem
ARG,1952,15.5,vdem
ARG,1953,15.5,vdem
ARG,1954,15.5,vdem
ARG,1958,2.2,vdem
ARG,1959,2.2,vdem
ARG,1960,1.1,vdem
ARG,1961,1.1,vdem
ARG,1963,0.5,vdem
ARG,1964,0.5,vdem
ARG,1965,2.1,vdem
ARG,1973,7.8,vdem
ARG,1974,7.8,vdem
ARG,1975,7.8,vdem
ARG,1983,3.9,vdem
ARG,1984,3.9,vdem
ARG,1985,3.9,vdem
ARG,1986,3.9,vdem
ARG,1987,4.7,vdem
ARG,1988,4.7,vdem
ARG,1989,6.3,vdem
ARG,1990,6.3,vdem
ARG,1991,5.8,vdem
ARG,1992,5.8,vdem
ARG,1993,14.4,vdem
ARG,1994,14.4,vdem
ARG,1995,21.8,vdem
ARG,1996,21.8,vdem
ARG,1997,27.6,ipu
ARG,1998,27.6,ipu
ARG,1999,26.5,vdem
ARG,2000,26.5,ipu
ARG,2001,30.7,vdem
ARG,2002,30.7,ipu
ARG,2003,30.7,ipu
ARG,2004,33.7,ipu
ARG,2005,36.2,ipu
ARG,2006,35.0,ipu
ARG,2007,40.0,ipu
ARG,2008,40.0,ipu
ARG,2009,38.5,ipu
ARG,2010,38.5,ipu
ARG,2011,37.4,ipu
ARG,2012,37.4,ipu
ARG,2013,36.6,ipu
ARG,2014,36.6,ipu
ARG,2015,35.8,vdem
ARG,2016,35.8,ipu
ARG,2017,38.1,ipu
ARG,2018,38.9,ipu
ARG,2019,40.2,ipu
ARG,2020,40.9,ipu
ARG,2021,44.7,ipu
ARG,2022,44.7,ipu
ARG,2023,43.2,ipu
ARG,2024,42.4,ipu
ARG,2025,41.2,ipu
ARM,1946,17.0,vdem
ARM,1947,17.0,vdem
ARM,1948,17.0,vdem
ARM,1949,17.0,vdem
ARM,1950,19.6,vdem
ARM,1951,19.6,vdem
ARM,1952,19.6,vdem
ARM,1953,19.6,vdem
ARM,1954,24.0,vdem
ARM,1955,24.0,vdem
ARM,1956,24.0,vdem
ARM,1957,24.0,vdem
ARM,1958,25.7,vdem
ARM,1959,25.7,vdem
ARM,1960,25.7,vdem
ARM,1961,25.7,vdem
ARM,1962,27.2,vdem
ARM,1963,27.2,vdem
ARM,1964,27.2,vdem
ARM,1965,27.2,vdem
ARM,1966,28.9,vdem
ARM,1967,28.9,vdem
ARM,1968,28.9,vdem
ARM,1969,28.9,vdem
ARM,1970,30.2,vdem
ARM,1971,30.2,vdem
ARM,1972,30.2,vdem
ARM,1973,30.2,vdem
ARM,1974,30.5,vdem
ARM,1975,30.5,vdem
ARM,1976,30.5,vdem
ARM,1977,30.5,vdem
ARM,1978,30.5,vdem
ARM,1979,32.0,vdem
ARM,1980,32.0,vdem
ARM,1981,32.0,vdem
ARM,1982,32.0,vdem
ARM,1983,32.0,vdem
ARM,1984,31.1,vdem
ARM,1985,31.1,vdem
ARM,1986,31.1,vdem
ARM,1987,31.1,vdem
ARM,1988,31.1,vdem
ARM,1989,20.3,vdem
ARM,1990,35.6,vdem
ARM,1991,3.7,vdem
ARM,1992,3.7,vdem
ARM,1993,3.7,vdem
ARM,1994,3.7,vdem
ARM,1995,6.3,vdem
ARM,1996,6.3,vdem
ARM,1997,6.3,ipu
ARM,1998,6.3,ipu
ARM,1999,3.1,ipu
ARM,2000,3.1,ipu
ARM,2001,3.1,ipu
ARM,2002,3.1,ipu
ARM,2003,4.6,ipu
ARM,2004,5.3,ipu
ARM,2005,5.3,ipu
ARM,2006,5.3,ipu
ARM,2007,9.2,ipu
ARM,2008,8.4,ipu
ARM,2009,9.2,ipu
ARM,2010,9.2,ipu
ARM,2011,8.4,ipu
ARM,2012,10.7,ipu
ARM,2013,10.7,ipu
ARM,2014,10.7,ipu
ARM,2015,10.7,ipu
ARM,2016,10.7,ipu
ARM,2017,18.1,ipu
ARM,2018,18.1,ipu
ARM,2019,23.5,ipu
ARM,2020,23.5,ipu
ARM,2021,33.6,ipu
ARM,2022,35.5,ipu
ARM,2023,35.5,ipu
ARM,2024,36.4,ipu
ARM,2025,38.3,ipu
ATG,1997,5.3,ipu
ATG,1998,5.3,ipu
ATG,2000,5.3,ipu
ATG,2001,5.3,ipu
ATG,2002,5.3,ipu
ATG,2003,5.3,ipu
ATG,2004,10.5,ipu
ATG,2005,10.5,ipu
ATG,2006,10.5,ipu
ATG,2007,10.5,ipu
ATG,2008,10.5,ipu
ATG,2009,10.5,ipu
ATG,2010,10.5,ipu
ATG,2011,10.5,ipu
ATG,2012,10.5,ipu
ATG,2013,10.5,ipu
ATG,2014,11.1,ipu
ATG,2015,11.1,ipu
ATG,2016,11.1,ipu
ATG,2017,11.1,ipu
ATG,2018,11.1,ipu
ATG,2019,11.1,ipu
ATG,2020,11.1,ipu
ATG,2021,11.1,ipu
ATG,2022,11.1,ipu
ATG,2023,5.6,ipu
ATG,2024,5.6,ipu
ATG,2025,5.6,ipu
AUS,1946,2.7,vdem
AUS,1947,2.7,vdem
AUS,1948,2.7,vdem
AUS,1949,0.8,vdem
AUS,1950,0.8,vdem
AUS,1951,0.0,vdem
AUS,1952,0.0,vdem
AUS,1953,0.0,vdem
AUS,1954,0.0,vdem
AUS,1955,0.0,vdem
AUS,1956,0.0,vdem
AUS,1957,0.0,vdem
AUS,1958,0.0,vdem
AUS,1959,0.0,vdem
AUS,1960,0.0,vdem
AUS,1961,0.0,vdem
AUS,1962,0.0,vdem
AUS,1963,0.0,vdem
AUS,1964,0.0,vdem
AUS,1965,0.0,vdem
AUS,1966,0.8,vdem
AUS,1967,0.8,vdem
AUS,1968,0.8,vdem
AUS,1969,0.0,vdem
AUS,1970,0.0,vdem
AUS,1971,0.0,vdem
AUS,1972,0.0,vdem
AUS,1973,0.0,vdem
AUS,1974,0.8,vdem
AUS,1975,0.0,vdem
AUS,1976,0.0,vdem
AUS,1977,0.0,vdem
AUS,1978,0.0,vdem
AUS,1979,0.0,vdem
AUS,1980,2.4,vdem
AUS,1981,2.4,vdem
AUS,1982,2.4,vdem
AUS,1983,4.8,vdem
AUS,1984,5.4,vdem
AUS,1985,5.4,vdem
AUS,1986,5.4,vdem
AUS,1987,6.1,vdem
AUS,1988,6.1,vdem
AUS,1989,6.1,vdem
AUS,1990,6.8,vdem
AUS,1991,6.8,vdem
AUS,1992,6.8,vdem
AUS,1993,8.8,vdem
AUS,1994,8.8,vdem
AUS,1995,8.8,vdem
AUS,1996,15.5,vdem
AUS,1997,15.5,ipu
AUS,1998,15.5,ipu
AUS,1999,22.4,ipu
AUS,2000,23.0,ipu
AUS,2001,25.3,vdem
AUS,2002,25.3,ipu
AUS,2003,25.3,ipu
AUS,2004,24.7,ipu
AUS,2005,24.7,ipu
AUS,2006,24.7,ipu
AUS,2007,26.7,ipu
AUS,2008,26.7,ipu
AUS,2009,27.3,ipu
AUS,2010,24.7,ipu
AUS,2011,24.7,ipu
AUS,2012,24.7,ipu
AUS,2013,26.0,ipu
AUS,2014,26.0,ipu
AUS,2015,26.7,ipu
AUS,2016,28.7,ipu
AUS,2017,28.7,ipu
AUS,2018,28.7,ipu
AUS,2019,30.5,ipu
AUS,2020,30.5,ipu
AUS,2021,31.1,ipu
AUS,2022,38.4,ipu
AUS,2023,38.4,ipu
AUS,2024,38.0,ipu
AUS,2025,46.0,ipu
AUT,1946,5.5,vdem
AUT,1947,5.5,vdem
AUT,1948,5.5,vdem
AUT,1949,4.8,vdem
AUT,1950,4.8,vdem
AUT,1951,4.8,vdem
AUT,1952,4.8,vdem
AUT,1953,5.5,vdem
AUT,1954,5.5,vdem
AUT,1955,5.5,vdem
AUT,1956,4.8,vdem
AUT,1957,4.8,vdem
AUT,1958,4.8,vdem
AUT,1959,5.5,vdem
AUT,1960,5.5,vdem
AUT,1961,5.5,vdem
AUT,1962,5.5,vdem
AUT,1963,5.5,vdem
AUT,1964,5.5,vdem
AUT,1965,5.5,vdem
AUT,1966,5.5,vdem
AUT,1967,5.5,vdem
AUT,1968,5.5,vdem
AUT,1969,5.5,vdem
AUT,1970,4.8,vdem
AUT,1971,6.0,vdem
AUT,1972,6.0,vdem
AUT,1973,6.0,vdem
AUT,1974,6.0,vdem
AUT,1975,7.7,vdem
AUT,1976,7.7,vdem
AUT,1977,7.7,vdem
AUT,1978,7.7,vdem
AUT,1979,9.8,vdem
AUT,1980,9.8,vdem
AUT,1981,9.8,vdem
AUT,1982,9.8,vdem
AUT,1983,9.3,vdem
AUT,1984,9.3,vdem
AUT,1985,9.3,vdem
AUT,1986,11.5,vdem
AUT,1987,11.5,vdem
AUT,1988,11.5,vdem
AUT,1989,11.5,vdem
AUT,1990,19.7,vdem
AUT,1991,19.7,vdem
AUT,1992,19.7,vdem
AUT,1993,19.7,vdem
AUT,1994,21.9,vdem
AUT,1995,26.2,vdem
AUT,1996,26.2,vdem
AUT,1997,26.2,ipu
AUT,1998,26.2,ipu
AUT,1999,26.2,vdem
AUT,2000,26.8,ipu
AUT,2001,26.8,ipu
AUT,2002,33.9,vdem
AUT,2003,33.9,ipu
AUT,2004,33.9,ipu
AUT,2005,33.9,ipu
AUT,2006,32.2,ipu
AUT,2007,32.8,ipu
AUT,2008,27.3,ipu
AUT,2009,27.9,ipu
AUT,2010,27.9,ipu
AUT,2011,27.9,ipu
AUT,2012,27.9,ipu
AUT,2013,33.3,ipu
AUT,2014,32.2,ipu
AUT,2015,30.6,ipu
AUT,2016,30.6,ipu
AUT,2017,34.4,ipu
AUT,2018,34.4,ipu
AUT,2019,39.3,ipu
AUT,2020,39.3,ipu
AUT,2021,40.4,ipu
AUT,2022,41.0,ipu
AUT,2023,41.0,ipu
AUT,2024,36.1,ipu
AUT,2025,35.5,ipu
AZE,1946,17.0,vdem
AZE,1947,17.0,vdem
AZE,1948,17.0,vdem
AZE,1949,17.0,vdem
AZE,1950,19.6,vdem
AZE,1951,19.6,vdem
AZE,1952,19.6,vdem
AZE,1953,19.6,vdem
AZE,1954,24.0,vdem
AZE,1955,24.0,vdem
AZE,1956,24.0,vdem
AZE,1957,24.0,vdem
AZE,1958,25.7,vdem
AZE,1959,25.7,vdem
AZE,1960,25.7,vdem
AZE,1961,25.7,vdem
AZE,1962,27.2,vdem
AZE,1963,27.2,vdem
AZE,1964,27.2,vdem
AZE,1965,27.2,vdem
AZE,1966,28.9,vdem
AZE,1967,28.9,vdem
AZE,1968,28.9,vdem
AZE,1969,28.9,vdem
AZE,1970,30.2,vdem
AZE,1971,30.2,vdem
AZE,1972,30.2,vdem
AZE,1973,30.2,vdem
AZE,1974,30.5,vdem
AZE,1975,30.5,vdem
AZE,1976,30.5,vdem
AZE,1977,30.5,vdem
AZE,1978,30.5,vdem
AZE,1979,32.0,vdem
AZE,1980,32.0,vdem
AZE,1981,32.0,vdem
AZE,1982,32.0,vdem
AZE,1983,32.0,vdem
AZE,1984,31.1,vdem
AZE,1985,31.1,vdem
AZE,1986,31.1,vdem
AZE,1987,31.1,vdem
AZE,1988,31.1,vdem
AZE,1989,20.3,vdem
AZE,1990,0.0,vdem
AZE,1991,2.0,vdem
AZE,1992,2.0,vdem
AZE,1993,2.0,vdem
AZE,1994,2.0,vdem
AZE,1995,12.0,vdem
AZE,1996,12.0,vdem
AZE,1997,12.0,ipu
AZE,1998,12.0,ipu
AZE,1999,12.0,ipu
AZE,2000,10.5,vdem
AZE,2001,10.5,ipu
AZE,2002,10.5,ipu
AZE,2003,10.5,ipu
AZE,2004,10.5,ipu
AZE,2005,13.0,ipu
AZE,2006,11.3,ipu
AZE,2007,11.4,ipu
AZE,2008,11.4,ipu
AZE,2009,11.4,ipu
AZE,2010,16.0,ipu
AZE,2011,16.0,ipu
AZE,2012,16.0,ipu
AZE,2013,15.6,ipu
AZE,2014,15.6,ipu
AZE,2015,16.9,ipu
AZE,2016,16.8,ipu
AZE,2017,16.8,ipu
AZE,2018,16.8,ipu
AZE,2019,16.8,ipu
AZE,2020,17.4,ipu
AZE,2021,18.2,ipu
AZE,2022,18.3,ipu
AZE,2023,18.6,ipu
AZE,2024,20.8,ipu
AZE,2025,20.8,ipu
BDI,1961,0.0,vdem
BDI,1962,0.0,vdem
BDI,1963,0.0,vdem
BDI,1964,0.0,vdem
BDI,1965,0.0,vdem
BDI,1982,9.2,vdem
BDI,1983,9.2,vdem
BDI,1984,9.2,vdem
BDI,1985,9.2,vdem
BDI,1986,9.2,vdem
BDI,1993,9.9,vdem
BDI,1994,9.9,vdem
BDI,1995,9.9,vdem
BDI,1996,9.9,vdem
BDI,1997,9.9,vdem
BDI,1998,11.9,ipu
BDI,1999,6.0,ipu
BDI,2000,14.4,ipu
BDI,2001,14.4,ipu
BDI,2002,18.4,ipu
BDI,2003,18.4,ipu
BDI,2004,18.4,ipu
BDI,2005,30.5,ipu
BDI,2006,30.5,ipu
BDI,2007,30.5,ipu
BDI,2008,30.5,ipu
BDI,2009,31.4,ipu
BDI,2010,32.1,ipu
BDI,2011,30.5,ipu
BDI,2012,30.5,ipu
BDI,2013,30.5,ipu
BDI,2014,30.5,ipu
BDI,2015,36.4,ipu
BDI,2016,36.4,ipu
BDI,2017,36.4,ipu
BDI,2018,36.4,ipu
BDI,2019,36.4,ipu
BDI,2020,38.2,ipu
BDI,2021,38.2,ipu
BDI,2022,38.2,ipu
BDI,2023,38.2,ipu
BDI,2024,38.2,ipu
BDI,2025,39.6,ipu
BEL,1946,1.5,vdem
BEL,1947,1.5,vdem
BEL,1948,1.5,vdem
BEL,1949,2.4,vdem
BEL,1950,3.3,vdem
BEL,1951,3.3,vdem
BEL,1952,3.3,vdem
BEL,1953,3.3,vdem
BEL,1954,4.2,vdem
BEL,1955,4.2,vdem
BEL,1956,4.2,vdem
BEL,1957,4.2,vdem
BEL,1958,4.2,vdem
BEL,1959,4.2,vdem
BEL,1960,4.2,vdem
BEL,1961,5.2,vdem
BEL,1962,5.2,vdem
BEL,1963,5.2,vdem
BEL,1964,5.2,vdem
BEL,1965,3.3,vdem
BEL,1966,3.3,vdem
BEL,1967,3.3,vdem
BEL,1968,3.8,vdem
BEL,1969,3.8,vdem
BEL,1970,3.8,vdem
BEL,1971,2.8,vdem
BEL,1972,2.8,vdem
BEL,1973,2.8,vdem
BEL,1974,6.6,vdem
BEL,1975,6.6,vdem
BEL,1976,6.6,vdem
BEL,1977,7.1,vdem
BEL,1978,7.5,vdem
BEL,1979,7.5,vdem
BEL,1980,7.5,vdem
BEL,1981,5.7,vdem
BEL,1982,5.7,vdem
BEL,1983,5.7,vdem
BEL,1984,5.7,vdem
BEL,1985,7.5,vdem
BEL,1986,7.5,vdem
BEL,1987,8.5,vdem
BEL,1988,8.5,vdem
BEL,1989,8.5,vdem
BEL,1990,9.0,vdem
BEL,1991,9.4,vdem
BEL,1992,9.4,vdem
BEL,1993,9.4,vdem
BEL,1994,9.4,vdem
BEL,1995,12.7,vdem
BEL,1996,12.7,vdem
BEL,1997,12.7,ipu
BEL,1998,12.7,ipu
BEL,1999,23.3,ipu
BEL,2000,23.3,ipu
BEL,2001,23.3,ipu
BEL,2002,23.3,ipu
BEL,2003,35.3,ipu
BEL,2004,34.7,ipu
BEL,2005,34.7,ipu
BEL,2006,34.7,ipu
BEL,2007,35.3,ipu
BEL,2008,35.3,ipu
BEL,2009,38.0,ipu
BEL,2010,39.3,ipu
BEL,2011,38.0,ipu
BEL,2012,38.0,ipu
BEL,2013,38.0,ipu
BEL,2014,39.3,ipu
BEL,2015,39.3,ipu
BEL,2016,39.3,ipu
BEL,2017,38.0,ipu
BEL,2018,38.0,ipu
BEL,2019,42.0,ipu
BEL,2020,41.3,ipu
BEL,2021,42.0,ipu
BEL,2022,42.7,ipu
BEL,2023,42.7,ipu
BEL,2024,41.3,ipu
BEL,2025,41.3,ipu
BEN,1952,0.0,vdem
BEN,1953,0.0,vdem
BEN,1954,0.0,vdem
BEN,1955,0.0,vdem
BEN,1956,0.0,vdem
BEN,1957,0.0,vdem
BEN,1958,0.0,vdem
BEN,1959,0.0,vdem
BEN,1960,0.0,vdem
BEN,1961,0.0,vdem
BEN,1962,0.0,vdem
BEN,1963,0.0,vdem
BEN,1964,0.0,vdem
BEN,1973,0.0,vdem
BEN,1974,0.0,vdem
BEN,1975,0.0,vdem
BEN,1976,0.0,vdem
BEN,1977,0.0,vdem
BEN,1978,0.0,vdem
BEN,1979,8.3,vdem
BEN,1980,8.3,vdem
BEN,1981,8.3,vdem
BEN,1982,8.3,vdem
BEN,1983,8.3,vdem
BEN,1984,4.1,vdem
BEN,1985,4.1,vdem
BEN,1986,4.1,vdem
BEN,1987,4.1,vdem
BEN,1988,4.1,vdem
BEN,1989,2.9,vdem
BEN,1991,6.2,vdem
BEN,1992,6.3,vdem
BEN,1993,6.3,vdem
BEN,1994,6.3,vdem
BEN,1995,6.0,vdem
BEN,1996,7.2,vdem
BEN,1997,7.2,ipu
BEN,1998,7.2,ipu
BEN,1999,6.0,ipu
BEN,2000,6.0,ipu
BEN,2001,6.0,ipu
BEN,2002,6.0,ipu
BEN,2003,6.0,ipu
BEN,2004,7.2,ipu
BEN,2005,7.2,ipu
BEN,2006,7.2,ipu
BEN,2007,10.8,ipu
BEN,2008,10.8,ipu
BEN,2009,10.8,ipu
BEN,2010,10.8,ipu
BEN,2011,8.4,ipu
BEN,2012,8.4,ipu
BEN,2013,8.4,ipu
BEN,2014,8.4,ipu
BEN,2015,7.2,ipu
BEN,2016,7.2,ipu
BEN,2017,7.2,ipu
BEN,2018,7.2,ipu
BEN,2019,7.2,ipu
BEN,2020,7.2,ipu
BEN,2021,8.4,ipu
BEN,2022,7.4,ipu
BEN,2023,26.6,ipu
BEN,2024,26.6,ipu
BEN,2025,26.6,ipu
BFA,1949,0.0,vdem
BFA,1950,0.0,vdem
BFA,1951,0.0,vdem
BFA,1952,0.0,vdem
BFA,1953,0.0,vdem
BFA,1954,0.0,vdem
BFA,1955,0.0,vdem
BFA,1956,0.0,vdem
BFA,1957,0.0,vdem
BFA,1958,0.0,vdem
BFA,1959,0.0,vdem
BFA,1960,0.0,vdem
BFA,1961,0.0,vdem
BFA,1962,0.0,vdem
BFA,1963,0.0,vdem
BFA,1964,0.0,vdem
BFA,1965,0.0,vdem
BFA,1972,0.0,vdem
BFA,1973,0.0,vdem
BFA,1978,1.8,vdem
BFA,1979,1.8,vdem
BFA,1992,5.6,vdem
BFA,1993,5.6,vdem
BFA,1994,5.6,vdem
BFA,1995,3.7,vdem
BFA,1996,3.7,vdem
BFA,1997,9.0,ipu
BFA,1998,8.1,ipu
BFA,1999,8.1,ipu
BFA,2000,8.1,ipu
BFA,2001,8.1,ipu
BFA,2002,11.7,ipu
BFA,2003,11.7,ipu
BFA,2004,11.7,ipu
BFA,2005,11.7,ipu
BFA,2006,11.7,ipu
BFA,2007,15.3,ipu
BFA,2008,15.3,ipu
BFA,2009,15.3,ipu
BFA,2010,15.3,ipu
BFA,2011,15.3,ipu
BFA,2012,15.7,ipu
BFA,2013,15.7,ipu
BFA,2014,13.3,vdem
BFA,2015,9.4,ipu
BFA,2016,9.4,ipu
BFA,2017,11.0,ipu
BFA,2018,11.0,ipu
BFA,2019,13.4,ipu
BFA,2020,6.3,ipu
BFA,2021,6.3,ipu
BFA,2022,16.9,ipu
BFA,2023,16.9,ipu
BFA,2024,18.3,ipu
BFA,2025,18.3,ipu
BGD,1946,0.0,vdem
BGD,1972,0.0,vdem
BGD,1973,4.8,vdem
BGD,1974,4.8,vdem
BGD,1979,9.1,vdem
BGD,1980,9.1,vdem
BGD,1981,9.1,vdem
BGD,1986,9.1,vdem
BGD,1987,9.1,vdem
BGD,1988,10.3,vdem
BGD,1989,10.3,vdem
BGD,1990,10.3,vdem
BGD,1991,10.3,vdem
BGD,1992,10.3,vdem
BGD,1993,10.3,vdem
BGD,1994,10.6,vdem
BGD,1995,10.6,vdem
BGD,1996,9.1,vdem
BGD,1997,9.1,ipu
BGD,1998,9.1,ipu
BGD,1999,9.1,ipu
BGD,2000,9.1,ipu
BGD,2001,2.0,vdem
BGD,2002,2.0,ipu
BGD,2003,2.0,ipu
BGD,2004,2.0,ipu
BGD,2005,14.8,ipu
BGD,2006,15.1,ipu
BGD,2008,6.3,ipu
BGD,2009,18.6,ipu
BGD,2010,18.6,ipu
BGD,2011,19.7,ipu
BGD,2012,19.7,ipu
BGD,2013,19.7,ipu
BGD,2014,19.8,ipu
BGD,2015,20.0,ipu
BGD,2016,20.0,ipu
BGD,2017,20.3,ipu
BGD,2018,20.3,ipu
BGD,2019,20.6,ipu
BGD,2020,20.9,ipu
BGD,2021,20.9,ipu
BGD,2022,20.9,ipu
BGD,2023,20.9,ipu
BGR,1946,8.2,vdem
BGR,1947,8.2,vdem
BGR,1948,8.2,vdem
BGR,1949,15.1,vdem
BGR,1950,15.1,vdem
BGR,1951,15.1,vdem
BGR,1952,15.1,vdem
BGR,1953,15.7,vdem
BGR,1954,15.7,vdem
BGR,1955,15.7,vdem
BGR,1956,15.7,vdem
BGR,1957,16.1,vdem
BGR,1958,16.1,vdem
BGR,1959,16.1,vdem
BGR,1960,16.1,vdem
BGR,1961,16.1,vdem
BGR,1962,16.2,vdem
BGR,1963,16.2,vdem
BGR,1964,16.2,vdem
BGR,1965,16.2,vdem
BGR,1966,17.1,vdem
BGR,1967,17.1,vdem
BGR,1968,17.1,vdem
BGR,1969,17.1,vdem
BGR,1970,17.1,vdem
BGR,1971,18.8,vdem
BGR,1972,18.8,vdem
BGR,1973,18.8,vdem
BGR,1974,18.8,vdem
BGR,1975,18.8,vdem
BGR,1976,19.5,vdem
BGR,1977,19.5,vdem
BGR,1978,19.5,vdem
BGR,1979,19.5,vdem
BGR,1980,19.5,vdem
BGR,1981,21.8,vdem
BGR,1982,21.8,vdem
BGR,1983,21.8,vdem
BGR,1984,21.8,vdem
BGR,1985,21.8,vdem
BGR,1986,21.0,vdem
BGR,1987,21.0,vdem
BGR,1988,21.0,vdem
BGR,1989,21.0,vdem
BGR,1990,8.5,vdem
BGR,1991,12.9,vdem
BGR,1992,12.9,vdem
BGR,1993,12.9,vdem
BGR,1994,13.3,vdem
BGR,1995,13.3,vdem
BGR,1996,13.3,vdem
BGR,1997,10.8,ipu
BGR,1998,10.8,ipu
BGR,1999,10.8,ipu
BGR,2000,10.8,ipu
BGR,2001,26.2,ipu
BGR,2002,26.2,ipu
BGR,2003,26.2,ipu
BGR,2004,26.2,ipu
BGR,2005,22.1,ipu
BGR,2006,22.1,ipu
BGR,2007,21.7,ipu
BGR,2008,21.7,ipu
BGR,2009,20.8,ipu
BGR,2010,20.8,ipu
BGR,2011,20.8,ipu
BGR,2012,22.9,ipu
BGR,2013,24.6,ipu
BGR,2014,20.0,ipu
BGR,2015,20.4,ipu
BGR,2016,20.4,ipu
BGR,2017,23.8,ipu
BGR,2018,23.8,ipu
BGR,2019,25.8,ipu
BGR,2020,26.7,ipu
BGR,2021,23.8,ipu
BGR,2022,24.2,ipu
BGR,2023,24.2,ipu
BGR,2024,20.8,ipu
BGR,2025,25.0,ipu
BHR,1973,0.0,vdem
BHR,1974,0.0,vdem
BHR,1992,0.0,vdem
BHR,1993,0.0,vdem
BHR,1994,0.0,vdem
BHR,1995,0.0,vdem
BHR,1996,0.0,vdem
BHR,1997,0.0,vdem
BHR,1998,0.0,vdem
BHR,1999,0.0,vdem
BHR,2000,0.0,vdem
BHR,2001,0.0,vdem
BHR,2002,0.0,vdem
BHR,2003,0.0,ipu
BHR,2004,0.0,ipu
BHR,2005,0.0,ipu
BHR,2006,2.5,ipu
BHR,2007,2.5,ipu
BHR,2008,2.5,ipu
BHR,2009,2.5,ipu
BHR,2010,2.5,ipu
BHR,2011,10.0,ipu
BHR,2012,10.0,ipu
BHR,2013,10.0,ipu
BHR,2014,7.5,ipu
BHR,2015,7.5,ipu
BHR,2016,7.5,ipu
BHR,2017,7.5,ipu
BHR,2018,15.0,ipu
BHR,2019,15.0,ipu
BHR,2020,15.0,ipu
BHR,2021,15.0,ipu
BHR,2022,20.0,ipu
BHR,2023,20.0,ipu
BHR,2024,20.0,ipu
BHR,2025,20.0,ipu
BHS,1997,15.0,ipu
BHS,1998,15.0,ipu
BHS,1999,15.0,ipu
BHS,2000,15.0,ipu
BHS,2001,15.0,ipu
BHS,2003,20.0,ipu
BHS,2004,20.0,ipu
BHS,2005,20.0,ipu
BHS,2006,20.0,ipu
BHS,2007,12.2,ipu
BHS,2008,12.2,ipu
BHS,2009,12.2,ipu
BHS,2010,12.2,ipu
BHS,2011,12.2,ipu
BHS,2012,13.2,ipu
BHS,2013,13.2,ipu
BHS,2014,13.2,ipu
BHS,2015,13.2,ipu
BHS,2016,13.2,ipu
BHS,2017,12.8,ipu
BHS,2018,12.8,ipu
BHS,2019,12.8,ipu
BHS,2020,12.8,ipu
BHS,2021,17.9,ipu
BHS,2022,17.9,ipu
BHS,2023,17.9,ipu
BHS,2024,17.9,ipu
BHS,2025,18.4,ipu
BIH,1946,2.6,vdem
BIH,1947,2.8,vdem
BIH,1948,2.8,vdem
BIH,1949,2.8,vdem
BIH,1950,3.2,vdem
BIH,1951,3.2,vdem
BIH,1952,3.2,vdem
BIH,1953,5.4,vdem
BIH,1954,5.4,vdem
BIH,1955,5.4,vdem
BIH,1956,5.4,vdem
BIH,1957,5.4,vdem
BIH,1958,6.5,vdem
BIH,1959,6.5,vdem
BIH,1960,6.5,vdem
BIH,1961,6.5,vdem
BIH,1962,6.5,vdem
BIH,1963,17.4,vdem
BIH,1964,17.4,vdem
BIH,1965,13.7,vdem
BIH,1966,13.7,vdem
BIH,1967,9.5,vdem
BIH,1968,9.5,vdem
BIH,1969,13.6,vdem
BIH,1970,13.6,vdem
BIH,1971,13.6,vdem
BIH,1972,13.6,vdem
BIH,1973,13.6,vdem
BIH,1974,19.1,vdem
BIH,1975,19.1,vdem
BIH,1976,19.1,vdem
BIH,1977,19.1,vdem
BIH,1978,20.0,vdem
BIH,1979,20.0,vdem
BIH,1980,20.0,vdem
BIH,1981,20.0,vdem
BIH,1982,20.5,vdem
BIH,1983,20.5,vdem
BIH,1984,20.5,vdem
BIH,1985,20.5,vdem
BIH,1986,18.2,vdem
BIH,1987,18.2,vdem
BIH,1988,18.2,vdem
BIH,1989,18.2,vdem
BIH,1990,18.2,vdem
BIH,1992,4.5,vdem
BIH,1993,4.5,vdem
BIH,1997,4.5,vdem
BIH,1998,4.5,vdem
BIH,1999,4.5,vdem
BIH,2000,7.1,vdem
BIH,2001,7.1,ipu
BIH,2002,16.7,vdem
BIH,2003,16.7,ipu
BIH,2004,16.7,ipu
BIH,2005,16.7,ipu
BIH,2006,14.3,ipu
BIH,2007,11.9,ipu
BIH,2008,11.9,ipu
BIH,2009,19.0,ipu
BIH,2010,16.7,ipu
BIH,2011,21.4,ipu
BIH,2012,21.4,ipu
BIH,2013,21.4,ipu
BIH,2014,21.4,ipu
BIH,2015,21.4,ipu
BIH,2016,21.4,ipu
BIH,2017,21.4,ipu
BIH,2018,21.4,ipu
BIH,2019,21.4,ipu
BIH,2020,26.2,ipu
BIH,2021,26.2,ipu
BIH,2022,16.7,ipu
BIH,2023,19.0,ipu
BIH,2024,19.0,ipu
BIH,2025,19.0,ipu
BLR,1946,17.0,vdem
BLR,1947,17.0,vdem
BLR,1948,17.0,vdem
BLR,1949,17.0,vdem
BLR,1950,19.6,vdem
BLR,1951,19.6,vdem
BLR,1952,19.6,vdem
BLR,1953,19.6,vdem
BLR,1954,24.0,vdem
BLR,1955,24.0,vdem
BLR,1956,24.0,vdem
BLR,1957,24.0,vdem
BLR,1958,25.7,vdem
BLR,1959,25.7,vdem
BLR,1960,25.7,vdem
BLR,1961,25.7,vdem
BLR,1962,27.2,vdem
BLR,1963,27.2,vdem
BLR,1964,27.2,vdem
BLR,1965,27.2,vdem
BLR,1966,28.9,vdem
BLR,1967,28.9,vdem
BLR,1968,28.9,vdem
BLR,1969,28.9,vdem
BLR,1970,30.2,vdem
BLR,1971,30.2,vdem
BLR,1972,30.2,vdem
BLR,1973,30.2,vdem
BLR,1974,30.5,vdem
BLR,1975,30.5,vdem
BLR,1976,30.5,vdem
BLR,1977,30.5,vdem
BLR,1978,30.5,vdem
BLR,1979,32.0,vdem
BLR,1980,32.0,vdem
BLR,1981,32.0,vdem
BLR,1982,32.0,vdem
BLR,1983,32.0,vdem
BLR,1984,31.1,vdem
BLR,1985,31.1,vdem
BLR,1986,31.1,vdem
BLR,1987,31.1,vdem
BLR,1988,31.1,vdem
BLR,1989,20.3,vdem
BLR,1990,0.0,vdem
BLR,1991,3.8,vdem
BLR,1992,3.8,vdem
BLR,1993,3.8,vdem
BLR,1994,3.8,vdem
BLR,1995,3.8,vdem
BLR,1996,3.8,vdem
BLR,1997,3.8,vdem
BLR,1998,3.8,vdem
BLR,1999,4.5,vdem
BLR,2000,10.3,vdem
BLR,2001,10.3,ipu
BLR,2002,10.3,ipu
BLR,2003,10.3,ipu
BLR,2004,29.4,ipu
BLR,2005,29.1,ipu
BLR,2006,29.1,ipu
BLR,2007,29.1,ipu
BLR,2008,31.8,ipu
BLR,2009,31.8,ipu
BLR,2010,31.8,ipu
BLR,2011,31.8,ipu
BLR,2012,26.6,ipu
BLR,2013,26.6,ipu
BLR,2014,26.6,ipu
BLR,2015,27.3,ipu
BLR,2016,34.5,ipu
BLR,2017,34.5,ipu
BLR,2018,34.5,ipu
BLR,2019,40.0,ipu
BLR,2020,40.0,ipu
BLR,2021,40.0,ipu
BLR,2022,40.0,ipu
BLR,2023,40.0,ipu
BLR,2024,33.6,ipu
BLR,2025,33.9,ipu
BLZ,1997,3.4,ipu
BLZ,1998,3.4,ipu
BLZ,1999,6.9,ipu
BLZ,2000,6.9,ipu
BLZ,2001,6.9,ipu
BLZ,2002,6.9,ipu
BLZ,2003,3.3,ipu
BLZ,2004,6.7,ipu
BLZ,2005,6.7,ipu
BLZ,2006,6.7,ipu
BLZ,2007,3.3,ipu
BLZ,2008,0.0,ipu
BLZ,2009,0.0,ipu
BLZ,2010,0.0,ipu
BLZ,2011,0.0,ipu
BLZ,2012,3.1,ipu
BLZ,2013,3.1,ipu
BLZ,2014,3.1,ipu
BLZ,2015,3.1,ipu
BLZ,2016,3.1,ipu
BLZ,2017,9.4,ipu
BLZ,2018,9.4,ipu
BLZ,2019,9.4,ipu
BLZ,2020,9.7,ipu
BLZ,2021,12.5,ipu
BLZ,2022,12.5,ipu
BLZ,2023,15.6,ipu
BLZ,2024,15.6,ipu
BLZ,2025,12.5,ipu
BOL,1947,0.0,vdem
BOL,1948,0.0,vdem
BOL,1949,0.0,vdem
BOL,1950,0.0,vdem
BOL,1951,0.0,vdem
BOL,1952,0.0,vdem
BOL,1953,0.0,vdem
BOL,1954,0.0,vdem
BOL,1955,0.0,vdem
BOL,1956,1.8,vdem
BOL,1957,1.8,vdem
BOL,1958,0.0,vdem
BOL,1959,0.0,vdem
BOL,1960,0.0,vdem
BOL,1961,0.0,vdem
BOL,1962,1.9,vdem
BOL,1963,1.9,vdem
BOL,1966,0.9,vdem
BOL,1967,0.9,vdem
BOL,1968,0.9,vdem
BOL,1979,0.9,vdem
BOL,1982,0.7,vdem
BOL,1983,0.7,vdem
BOL,1984,0.7,vdem
BOL,1985,3.1,vdem
BOL,1986,3.1,vdem
BOL,1987,3.1,vdem
BOL,1988,3.1,vdem
BOL,1989,9.2,vdem
BOL,1990,9.2,vdem
BOL,1991,9.2,vdem
BOL,1992,9.2,vdem
BOL,1993,10.8,vdem
BOL,1994,10.8,vdem
BOL,1995,10.8,vdem
BOL,1996,10.8,vdem
BOL,1997,11.5,vdem
BOL,1998,11.5,vdem
BOL,1999,11.5,ipu
BOL,2000,11.5,ipu
BOL,2001,11.5,ipu
BOL,2002,18.5,ipu
BOL,2003,18.5,ipu
BOL,2004,19.2,ipu
BOL,2005,16.9,ipu
BOL,2006,16.9,ipu
BOL,2007,16.9,ipu
BOL,2008,16.9,ipu
BOL,2009,22.3,ipu
BOL,2010,25.4,ipu
BOL,2011,25.4,ipu
BOL,2012,25.4,ipu
BOL,2013,25.4,ipu
BOL,2014,53.1,ipu
BOL,2015,53.1,ipu
BOL,2016,53.1,ipu
BOL,2017,53.1,ipu
BOL,2018,53.1,ipu
BOL,2019,53.1,ipu
BOL,2020,46.2,ipu
BOL,2021,46.2,ipu
BOL,2022,46.2,ipu
BOL,2023,46.2,ipu
BOL,2024,46.2,ipu
BOL,2025,50.8,ipu
BRA,1946,0.0,vdem
BRA,1947,0.0,vdem
BRA,1948,0.0,vdem
BRA,1949,0.0,vdem
BRA,1950,0.3,vdem
BRA,1951,0.3,vdem
BRA,1952,0.3,vdem
BRA,1953,0.3,vdem
BRA,1954,0.3,vdem
BRA,1955,0.3,vdem
BRA,1956,0.3,vdem
BRA,1957,0.3,vdem
BRA,1958,0.9,vdem
BRA,1959,0.9,vdem
BRA,1960,0.9,vdem
BRA,1961,0.9,vdem
BRA,1962,0.5,vdem
BRA,1963,0.5,vdem
BRA,1964,0.5,vdem
BRA,1965,0.5,vdem
BRA,1966,1.2,vdem
BRA,1967,1.2,vdem
BRA,1968,1.2,vdem
BRA,1969,1.2,vdem
BRA,1970,0.3,vdem
BRA,1971,0.3,vdem
BRA,1972,0.3,vdem
BRA,1973,0.3,vdem
BRA,1974,0.3,vdem
BRA,1975,0.3,vdem
BRA,1976,0.3,vdem
BRA,1977,0.3,vdem
BRA,1978,1.0,vdem
BRA,1979,1.0,vdem
BRA,1980,1.0,vdem
BRA,1981,1.0,vdem
BRA,1982,1.5,vdem
BRA,1983,1.5,vdem
BRA,1984,1.5,vdem
BRA,1985,1.5,vdem
BRA,1986,5.3,vdem
BRA,1987,5.3,vdem
BRA,1988,5.3,vdem
BRA,1989,5.3,vdem
BRA,1990,5.6,vdem
BRA,1991,5.6,vdem
BRA,1992,5.6,vdem
BRA,1993,5.6,vdem
BRA,1994,6.6,vdem
BRA,1995,6.6,vdem
BRA,1996,6.6,vdem
BRA,1997,6.6,ipu
BRA,1998,6.6,ipu
BRA,1999,5.7,ipu
BRA,2000,5.7,ipu
BRA,2001,6.8,ipu
BRA,2002,6.2,ipu
BRA,2003,8.6,ipu
BRA,2004,8.6,ipu
BRA,2005,8.6,ipu
BRA,2006,8.8,ipu
BRA,2007,9.0,ipu
BRA,2008,9.0,ipu
BRA,2009,8.8,ipu
BRA,2010,8.6,ipu
BRA,2011,8.6,ipu
BRA,2012,8.6,ipu
BRA,2013,8.6,ipu
BRA,2014,9.9,ipu
BRA,2015,9.9,ipu
BRA,2016,9.9,ipu
BRA,2017,10.7,ipu
BRA,2018,15.0,ipu
BRA,2019,15.0,ipu
BRA,2020,14.6,ipu
BRA,2021,15.2,ipu
BRA,2022,17.7,ipu
BRA,2023,17.5,ipu
BRA,2024,17.5,ipu
BRA,2025,18.1,ipu
BRB,1946,0.0,vdem
BRB,1947,0.0,vdem
BRB,1948,0.0,vdem
BRB,1949,0.0,vdem
BRB,1950,0.0,vdem
BRB,1966,0.0,vdem
BRB,1967,0.0,vdem
BRB,1968,0.0,vdem
BRB,1969,0.0,vdem
BRB,1970,0.0,vdem
BRB,1971,8.3,vdem
BRB,1972,8.3,vdem
BRB,1973,8.3,vdem
BRB,1974,8.3,vdem
BRB,1975,8.3,vdem
BRB,1976,4.2,vdem
BRB,1977,4.2,vdem
BRB,1978,4.2,vdem
BRB,1979,4.2,vdem
BRB,1980,4.2,vdem
BRB,1981,3.7,vdem
BRB,1982,3.7,vdem
BRB,1983,3.7,vdem
BRB,1984,3.7,vdem
BRB,1985,3.7,vdem
BRB,1986,3.7,vdem
BRB,1987,3.7,vdem
BRB,1988,3.7,vdem
BRB,1989,3.7,vdem
BRB,1990,3.7,vdem
BRB,1991,3.6,vdem
BRB,1992,3.6,vdem
BRB,1993,3.6,vdem
BRB,1994,10.7,vdem
BRB,1995,10.7,vdem
BRB,1996,10.7,vdem
BRB,1997,10.7,ipu
BRB,1998,10.7,ipu
BRB,1999,10.7,ipu
BRB,2000,10.7,ipu
BRB,2001,10.7,ipu
BRB,2002,10.7,ipu
BRB,2003,13.3,ipu
BRB,2004,13.3,ipu
BRB,2005,13.3,ipu
BRB,2006,13.3,ipu
BRB,2007,13.3,ipu
BRB,2008,10.0,ipu
BRB,2009,10.0,ipu
BRB,2010,10.0,ipu
BRB,2011,10.0,ipu
BRB,2012,10.0,ipu
BRB,2013,16.7,ipu
BRB,2014,16.7,ipu
BRB,2015,16.7,ipu
BRB,2016,16.7,ipu
BRB,2017,16.7,ipu
BRB,2018,20.0,ipu
BRB,2019,20.0,ipu
BRB,2020,20.0,ipu
BRB,2021,20.0,ipu
BRB,2022,26.7,ipu
BRB,2023,26.7,ipu
BRB,2024,26.7,ipu
BRB,2025,26.7,ipu
BRN,2016,6.5,ipu
BRN,2017,9.1,ipu
BRN,2018,9.1,ipu
BRN,2019,9.1,ipu
BRN,2020,9.1,ipu
BRN,2021,9.1,ipu
BRN,2022,9.1,ipu
BRN,2023,11.8,ipu
BRN,2024,11.8,ipu
BRN,2025,11.4,ipu
BTN,1953,0.0,vdem
BTN,1954,0.0,vdem
BTN,1955,0.0,vdem
BTN,1956,0.0,vdem
BTN,1957,0.0,vdem
BTN,1958,0.0,vdem
BTN,1959,0.0,vdem
BTN,1960,0.0,vdem
BTN,1961,0.0,vdem
BTN,1962,0.0,vdem
BTN,1963,0.0,vdem
BTN,1964,0.0,vdem
BTN,1965,0.0,vdem
BTN,1966,0.0,vdem
BTN,1967,0.0,vdem
BTN,1968,0.0,vdem
BTN,1969,0.0,vdem
BTN,1970,0.0,vdem
BTN,1971,0.0,vdem
BTN,1972,0.0,vdem
BTN,1973,0.0,vdem
BTN,1974,0.0,vdem
BTN,1975,2.0,vdem
BTN,1976,2.0,vdem
BTN,1977,2.0,vdem
BTN,1978,2.0,vdem
BTN,1979,2.0,vdem
BTN,1980,2.0,vdem
BTN,1981,2.0,vdem
BTN,1982,2.0,vdem
BTN,1983,2.0,vdem
BTN,1984,2.0,vdem
BTN,1985,2.0,vdem
BTN,1986,2.0,vdem
BTN,1987,2.0,vdem
BTN,1988,2.0,vdem
BTN,1989,2.0,vdem
BTN,1990,2.0,vdem
BTN,1991,0.0,vdem
BTN,1992,0.0,vdem
BTN,1993,0.0,vdem
BTN,1994,0.0,vdem
BTN,1995,0.0,vdem
BTN,1996,0.0,vdem
BTN,1997,2.0,ipu
BTN,1998,2.0,ipu
BTN,1999,2.0,ipu
BTN,2000,9.3,ipu
BTN,2001,9.3,ipu
BTN,2002,9.3,ipu
BTN,2003,9.3,ipu
BTN,2004,9.2,ipu
BTN,2005,9.3,ipu
BTN,2006,2.7,ipu
BTN,2007,2.7,ipu
BTN,2008,8.5,ipu
BTN,2009,8.5,ipu
BTN,2010,8.5,ipu
BTN,2011,8.5,ipu
BTN,2012,8.5,ipu
BTN,2013,6.4,ipu
BTN,2014,8.5,ipu
BTN,2015,8.5,ipu
BTN,2016,8.5,ipu
BTN,2017,8.5,ipu
BTN,2018,14.9,ipu
BTN,2019,14.9,ipu
BTN,2020,14.9,ipu
BTN,2021,17.0,ipu
BTN,2022,17.4,ipu
BTN,2023,17.4,ipu
BTN,2024,4.3,ipu
BTN,2025,4.3,ipu
BWA,1961,0.0,vdem
BWA,1962,0.0,vdem
BWA,1963,0.0,vdem
BWA,1964,0.0,vdem
BWA,1965,0.0,vdem
BWA,1966,0.0,vdem
BWA,1967,0.0,vdem
BWA,1968,0.0,vdem
BWA,1969,0.0,vdem
BWA,1970,0.0,vdem
BWA,1971,0.0,vdem
BWA,1972,0.0,vdem
BWA,1973,0.0,vdem
BWA,1974,0.0,vdem
BWA,1975,0.0,vdem
BWA,1976,0.0,vdem
BWA,1977,0.0,vdem
BWA,1978,0.0,vdem
BWA,1979,5.4,vdem
BWA,1980,5.4,vdem
BWA,1981,5.4,vdem
BWA,1982,5.4,vdem
BWA,1983,5.4,vdem
BWA,1984,5.1,vdem
BWA,1985,5.1,vdem
BWA,1986,5.1,vdem
BWA,1987,5.1,vdem
BWA,1988,5.1,vdem
BWA,1989,5.0,vdem
BWA,1990,5.0,vdem
BWA,1991,5.0,vdem
BWA,1992,5.0,vdem
BWA,1993,5.0,vdem
BWA,1994,8.5,vdem
BWA,1995,8.5,vdem
BWA,1996,8.5,vdem
BWA,1997,8.5,ipu
BWA,1998,8.5,ipu
BWA,1999,17.0,vdem
BWA,2000,17.0,ipu
BWA,2001,17.0,ipu
BWA,2002,17.0,ipu
BWA,2003,17.0,ipu
BWA,2004,11.1,ipu
BWA,2005,11.1,ipu
BWA,2006,11.1,ipu
BWA,2007,11.1,ipu
BWA,2008,11.1,ipu
BWA,2009,7.9,ipu
BWA,2010,7.9,ipu
BWA,2011,7.9,ipu
BWA,2012,7.9,ipu
BWA,2013,7.9,ipu
BWA,2014,9.5,ipu
BWA,2015,9.5,ipu
BWA,2016,9.5,ipu
BWA,2017,9.5,ipu
BWA,2018,9.5,ipu
BWA,2019,10.8,ipu
BWA,2020,10.8,ipu
BWA,2021,10.8,ipu
BWA,2022,11.1,ipu
BWA,2023,11.1,ipu
BWA,2024,8.7,ipu
BWA,2025,9.0,ipu
CAF,1946,0.0,vdem
CAF,1947,0.0,vdem
CAF,1948,0.0,vdem
CAF,1949,0.0,vdem
CAF,1950,0.0,vdem
CAF,1951,0.0,vdem
CAF,1952,0.0,vdem
CAF,1953,0.0,vdem
CAF,1954,0.0,vdem
CAF,1955,0.0,vdem
CAF,1956,0.0,vdem
CAF,1957,0.0,vdem
CAF,1958,0.0,vdem
CAF,1959,0.0,vdem
CAF,1960,0.0,vdem
CAF,1961,0.0,vdem
CAF,1962,0.0,vdem
CAF,1963,0.0,vdem
CAF,1987,3.8,vdem
CAF,1988,3.8,vdem
CAF,1989,3.8,vdem
CAF,1990,3.8,vdem
CAF,1991,3.8,vdem
CAF,1992,3.5,vdem
CAF,1993,3.5,vdem
CAF,1994,3.5,vdem
CAF,1995,3.5,vdem
CAF,1996,3.5,vdem
CAF,1997,3.5,ipu
CAF,1998,3.5,ipu
CAF,1999,7.3,ipu
CAF,2000,7.3,ipu
CAF,2001,7.3,ipu
CAF,2002,7.3,ipu
CAF,2004,7.3,vdem
CAF,2005,10.5,ipu
CAF,2006,10.5,ipu
CAF,2007,10.5,ipu
CAF,2008,10.5,ipu
CAF,2009,9.6,ipu
CAF,2010,9.6,ipu
CAF,2011,12.5,ipu
CAF,2012,12.5,ipu
CAF,2013,11.4,vdem
CAF,2014,11.4,vdem
CAF,2015,11.4,vdem
CAF,2016,7.2,ipu
CAF,2017,8.6,ipu
CAF,2018,8.6,ipu
CAF,2019,8.6,ipu
CAF,2020,8.6,ipu
CAF,2021,12.9,ipu
CAF,2022,12.9,ipu
CAF,2023,12.9,ipu
CAF,2024,11.4,ipu
CAF,2025,11.4,ipu
CAN,1946,0.4,vdem
CAN,1947,0.4,vdem
CAN,1948,0.4,vdem
CAN,1949,0.4,vdem
CAN,1950,0.4,vdem
CAN,1951,0.4,vdem
CAN,1952,0.4,vdem
CAN,1953,1.5,vdem
CAN,1954,1.5,vdem
CAN,1955,1.5,vdem
CAN,1956,1.5,vdem
CAN,1957,0.8,vdem
CAN,1958,1.9,vdem
CAN,1959,1.9,vdem
CAN,1960,1.9,vdem
CAN,1961,1.9,vdem
CAN,1962,1.9,vdem
CAN,1963,2.3,vdem
CAN,1964,2.3,vdem
CAN,1965,1.5,vdem
CAN,1966,1.5,vdem
CAN,1967,1.5,vdem
CAN,1968,0.4,vdem
CAN,1969,0.4,vdem
CAN,1970,0.4,vdem
CAN,1971,0.4,vdem
CAN,1972,1.9,vdem
CAN,1973,1.9,vdem
CAN,1974,3.4,vdem
CAN,1975,3.4,vdem
CAN,1976,3.4,vdem
CAN,1977,3.4,vdem
CAN,1978,3.4,vdem
CAN,1979,3.5,vdem
CAN,1980,5.0,vdem
CAN,1981,5.0,vdem
CAN,1982,5.0,vdem
CAN,1983,5.0,vdem
CAN,1984,9.6,vdem
CAN,1985,9.6,vdem
CAN,1986,9.6,vdem
CAN,1987,9.6,vdem
CAN,1988,13.3,vdem
CAN,1989,13.3,vdem
CAN,1990,13.3,vdem
CAN,1991,13.3,vdem
CAN,1992,13.3,vdem
CAN,1993,18.0,vdem
CAN,1994,18.0,vdem
CAN,1995,18.0,vdem
CAN,1996,18.0,vdem
CAN,1997,20.6,ipu
CAN,1998,20.6,ipu
CAN,1999,20.6,ipu
CAN,2000,20.6,vdem
CAN,2001,20.6,ipu
CAN,2002,20.6,ipu
CAN,2003,20.6,ipu
CAN,2004,21.1,ipu
CAN,2005,21.1,ipu
CAN,2006,20.8,ipu
CAN,2007,21.3,ipu
CAN,2008,22.1,ipu
CAN,2009,22.1,ipu
CAN,2010,22.1,ipu
CAN,2011,24.8,ipu
CAN,2012,24.7,ipu
CAN,2013,24.7,ipu
CAN,2014,25.1,ipu
CAN,2015,26.0,ipu
CAN,2016,26.0,ipu
CAN,2017,26.3,ipu
CAN,2018,26.9,ipu
CAN,2019,29.0,ipu
CAN,2020,29.0,ipu
CAN,2021,30.5,ipu
CAN,2022,30.5,ipu
CAN,2023,30.7,ipu
CAN,2024,30.7,ipu
CAN,2025,30.3,ipu
CEB,1997,11.5,ipu
CEB,1998,11.0,ipu
CEB,1999,11.5,ipu
CEB,2000,13.0,ipu
CEB,2001,15.6,ipu
CEB,2002,16.1,ipu
CEB,2003,16.3,ipu
CEB,2004,17.1,ipu
CEB,2005,16.7,ipu
CEB,2006,17.1,ipu
CEB,2007,16.8,ipu
CEB,2008,16.8,ipu
CEB,2009,17.1,ipu
CEB,2010,17.0,ipu
CEB,2011,18.4,ipu
CEB,2012,19.3,ipu
CEB,2013,19.2,ipu
CEB,2014,19.7,ipu
CEB,2015,20.1,ipu
CEB,2016,19.9,ipu
CEB,2017,22.3,ipu
CEB,2018,22.7,ipu
CEB,2019,23.7,ipu
CEB,2020,25.0,ipu
CEB,2021,24.2,ipu
CEB,2022,25.1,ipu
CEB,2023,25.5,ipu
CEB,2024,25.5,ipu
CEB,2025,27.4,ipu
CHE,1946,0.0,vdem
CHE,1947,0.0,vdem
CHE,1948,0.0,vdem
CHE,1949,0.0,vdem
CHE,1950,0.0,vdem
CHE,1951,0.0,vdem
CHE,1952,0.0,vdem
CHE,1953,0.0,vdem
CHE,1954,0.0,vdem
CHE,1955,0.0,vdem
CHE,1956,0.0,vdem
CHE,1957,0.0,vdem
CHE,1958,0.0,vdem
CHE,1959,0.0,vdem
CHE,1960,0.0,vdem
CHE,1961,0.0,vdem
CHE,1962,0.0,vdem
CHE,1963,0.0,vdem
CHE,1964,0.0,vdem
CHE,1965,0.0,vdem
CHE,1966,0.0,vdem
CHE,1967,0.0,vdem
CHE,1968,0.0,vdem
CHE,1969,0.0,vdem
CHE,1970,0.0,vdem
CHE,1971,5.5,vdem
CHE,1972,5.5,vdem
CHE,1973,5.5,vdem
CHE,1974,5.5,vdem
CHE,1975,7.0,vdem
CHE,1976,7.0,vdem
CHE,1977,7.0,vdem
CHE,1978,7.0,vdem
CHE,1979,10.5,vdem
CHE,1980,10.5,vdem
CHE,1981,10.5,vdem
CHE,1982,10.5,vdem
CHE,1983,11.0,vdem
CHE,1984,11.0,vdem
CHE,1985,11.0,vdem
CHE,1986,11.0,vdem
CHE,1987,14.0,vdem
CHE,1988,14.0,vdem
CHE,1989,14.0,vdem
CHE,1990,14.0,vdem
CHE,1991,17.5,vdem
CHE,1992,17.5,vdem
CHE,1993,17.5,vdem
CHE,1994,17.5,vdem
CHE,1995,21.0,vdem
CHE,1996,21.0,vdem
CHE,1997,21.0,ipu
CHE,1998,21.0,ipu
CHE,1999,22.5,ipu
CHE,2000,23.0,ipu
CHE,2001,23.0,ipu
CHE,2002,23.0,ipu
CHE,2003,25.0,ipu
CHE,2004,25.0,ipu
CHE,2005,25.0,ipu
CHE,2006,25.0,ipu
CHE,2007,28.5,ipu
CHE,2008,28.5,ipu
CHE,2009,29.0,ipu
CHE,2010,29.0,ipu
CHE,2011,28.5,ipu
CHE,2012,29.0,ipu
CHE,2013,31.0,ipu
CHE,2014,31.0,ipu
CHE,2015,32.0,ipu
CHE,2016,32.0,ipu
CHE,2017,32.5,ipu
CHE,2018,32.5,ipu
CHE,2019,41.5,ipu
CHE,2020,41.5,ipu
CHE,2021,42.5,ipu
CHE,2022,41.5,ipu
CHE,2023,38.5,ipu
CHE,2024,38.5,ipu
CHE,2025,39.0,ipu
CHL,1946,0.0,vdem
CHL,1947,0.0,vdem
CHL,1948,0.0,vdem
CHL,1949,0.7,vdem
CHL,1950,0.7,vdem
CHL,1951,1.3,vdem
CHL,1952,1.3,vdem
CHL,1953,0.7,vdem
CHL,1954,0.7,vdem
CHL,1955,0.7,vdem
CHL,1956,0.7,vdem
CHL,1957,1.3,vdem
CHL,1958,1.3,vdem
CHL,1959,1.3,vdem
CHL,1960,1.3,vdem
CHL,1961,3.3,vdem
CHL,1962,3.3,vdem
CHL,1963,3.3,vdem
CHL,1964,3.3,vdem
CHL,1965,8.0,vdem
CHL,1966,8.0,vdem
CHL,1967,8.0,vdem
CHL,1968,8.0,vdem
CHL,1969,6.7,vdem
CHL,1970,6.7,vdem
CHL,1971,6.7,vdem
CHL,1972,6.7,vdem
CHL,1990,5.8,vdem
CHL,1991,5.8,vdem
CHL,1992,5.8,vdem
CHL,1993,7.5,vdem
CHL,1994,7.5,vdem
CHL,1995,7.5,vdem
CHL,1996,7.5,vdem
CHL,1997,7.5,ipu
CHL,1998,10.8,ipu
CHL,1999,10.8,ipu
CHL,2000,10.8,ipu
CHL,2001,10.8,ipu
CHL,2002,12.5,ipu
CHL,2003,12.5,ipu
CHL,2004,12.5,ipu
CHL,2005,15.0,ipu
CHL,2006,15.0,ipu
CHL,2007,15.0,ipu
CHL,2008,15.0,ipu
CHL,2009,14.2,ipu
CHL,2010,14.2,ipu
CHL,2011,14.2,ipu
CHL,2012,14.2,ipu
CHL,2013,15.8,ipu
CHL,2014,15.8,ipu
CHL,2015,15.8,ipu
CHL,2016,15.8,ipu
CHL,2017,22.6,vdem
CHL,2018,22.6,ipu
CHL,2019,22.6,ipu
CHL,2020,22.6,ipu
CHL,2021,35.5,ipu
CHL,2022,35.5,ipu
CHL,2023,35.5,ipu
CHL,2024,35.5,ipu
CHL,2025,33.5,ipu
CHN,1948,0.0,vdem
CHN,1954,12.0,vdem
CHN,1955,12.0,vdem
CHN,1956,12.0,vdem
CHN,1957,12.0,vdem
CHN,1958,12.0,vdem
CHN,1959,12.2,vdem
CHN,1960,12.2,vdem
CHN,1961,12.2,vdem
CHN,1962,12.2,vdem
CHN,1963,12.2,vdem
CHN,1964,17.8,vdem
CHN,1965,17.8,vdem
CHN,1966,17.8,vdem
CHN,1967,17.8,vdem
CHN,1968,17.8,vdem
CHN,1969,17.8,vdem
CHN,1970,17.8,vdem
CHN,1971,17.8,vdem
CHN,1972,17.8,vdem
CHN,1973,17.8,vdem
CHN,1974,17.8,vdem
CHN,1975,22.6,vdem
CHN,1976,22.6,vdem
CHN,1977,22.6,vdem
CHN,1978,21.2,vdem
CHN,1979,21.2,vdem
CHN,1980,21.2,vdem
CHN,1981,21.2,vdem
CHN,1982,21.2,vdem
CHN,1983,21.2,vdem
CHN,1984,21.2,vdem
CHN,1985,21.2,vdem
CHN,1986,21.2,vdem
CHN,1987,21.3,vdem
CHN,1988,21.3,vdem
CHN,1989,21.3,vdem
CHN,1990,21.3,vdem
CHN,1991,21.3,vdem
CHN,1992,21.0,vdem
CHN,1993,21.0,vdem
CHN,1994,21.0,vdem
CHN,1995,21.0,vdem
CHN,1996,21.0,vdem
CHN,1997,21.8,vdem
CHN,1998,21.8,ipu
CHN,1999,21.8,ipu
CHN,2000,21.8,ipu
CHN,2001,21.8,ipu
CHN,2002,21.8,ipu
CHN,2003,20.2,ipu
CHN,2004,20.2,ipu
CHN,2005,20.3,ipu
CHN,2006,20.3,ipu
CHN,2007,20.6,ipu
CHN,2008,21.3,ipu
CHN,2009,21.3,ipu
CHN,2010,21.3,ipu
CHN,2011,21.3,ipu
CHN,2012,21.3,ipu
CHN,2013,23.4,ipu
CHN,2014,23.4,ipu
CHN,2015,23.6,ipu
CHN,2016,23.6,ipu
CHN,2017,24.2,ipu
CHN,2018,24.9,ipu
CHN,2019,24.9,ipu
CHN,2020,24.9,ipu
CHN,2021,24.9,ipu
CHN,2022,24.9,ipu
CHN,2023,26.5,ipu
CHN,2024,26.5,ipu
CHN,2025,26.5,ipu
CIV,1946,0.0,vdem
CIV,1947,0.0,vdem
CIV,1948,0.0,vdem
CIV,1949,0.0,vdem
CIV,1950,0.0,vdem
CIV,1951,0.0,vdem
CIV,1952,0.0,vdem
CIV,1953,0.0,vdem
CIV,1954,0.0,vdem
CIV,1955,0.0,vdem
CIV,1956,0.0,vdem
CIV,1957,0.0,vdem
CIV,1958,0.0,vdem
CIV,1959,0.0,vdem
CIV,1960,0.0,vdem
CIV,1961,0.0,vdem
CIV,1962,0.0,vdem
CIV,1963,0.0,vdem
CIV,1964,0.0,vdem
CIV,1965,3.5,vdem
CIV,1966,3.5,vdem
CIV,1967,3.5,vdem
CIV,1968,3.5,vdem
CIV,1969,3.5,vdem
CIV,1970,3.0,vdem
CIV,1971,3.0,vdem
CIV,1972,3.0,vdem
CIV,1973,3.0,vdem
CIV,1974,3.0,vdem
CIV,1975,9.2,vdem
CIV,1976,9.2,vdem
CIV,1977,9.2,vdem
CIV,1978,9.2,vdem
CIV,1979,9.2,vdem
CIV,1980,4.8,vdem
CIV,1981,5.4,vdem
CIV,1982,5.4,vdem
CIV,1983,5.4,vdem
CIV,1984,5.4,vdem
CIV,1985,5.7,vdem
CIV,1986,5.7,vdem
CIV,1987,5.7,vdem
CIV,1988,5.7,vdem
CIV,1989,5.7,vdem
CIV,1990,4.6,vdem
CIV,1991,4.6,vdem
CIV,1992,4.6,vdem
CIV,1993,4.6,vdem
CIV,1994,4.6,vdem
CIV,1995,8.0,vdem
CIV,1996,8.3,vdem
CIV,1997,8.0,ipu
CIV,1998,8.0,ipu
CIV,1999,8.0,ipu
CIV,2001,8.5,ipu
CIV,2002,8.5,ipu
CIV,2003,8.5,ipu
CIV,2004,8.5,ipu
CIV,2005,8.5,ipu
CIV,2006,8.5,ipu
CIV,2007,8.9,ipu
CIV,2008,8.9,ipu
CIV,2009,8.9,ipu
CIV,2010,8.9,ipu
CIV,2011,11.0,ipu
CIV,2012,10.4,ipu
CIV,2013,10.4,ipu
CIV,2014,9.4,ipu
CIV,2015,9.2,ipu
CIV,2016,9.2,ipu
CIV,2017,10.6,ipu
CIV,2018,10.6,ipu
CIV,2019,11.0,ipu
CIV,2020,11.4,ipu
CIV,2021,14.2,ipu
CIV,2022,14.2,ipu
CIV,2023,13.7,ipu
CIV,2024,13.4,ipu
CIV,2025,13.4,ipu
CMR,1961,1.0,vdem
CMR,1962,2.0,vdem
CMR,1963,2.0,vdem
CMR,1964,2.0,vdem
CMR,1965,2.0,vdem
CMR,1966,2.0,vdem
CMR,1967,2.0,vdem
CMR,1968,2.0,vdem
CMR,1969,2.0,vdem
CMR,1970,4.0,vdem
CMR,1971,4.0,vdem
CMR,1972,4.0,vdem
CMR,1973,5.8,vdem
CMR,1974,5.8,vdem
CMR,1975,5.8,vdem
CMR,1976,5.8,vdem
CMR,1977,5.8,vdem
CMR,1978,10.0,vdem
CMR,1979,10.0,vdem
CMR,1980,10.0,vdem
CMR,1981,10.0,vdem
CMR,1982,10.0,vdem
CMR,1983,14.2,vdem
CMR,1984,14.2,vdem
CMR,1985,14.2,vdem
CMR,1986,14.2,vdem
CMR,1987,14.2,vdem
CMR,1988,14.4,vdem
CMR,1989,14.4,vdem
CMR,1990,14.4,vdem
CMR,1991,14.4,vdem
CMR,1992,12.2,vdem
CMR,1993,12.2,vdem
CMR,1994,12.2,vdem
CMR,1995,12.2,vdem
CMR,1996,12.2,vdem
CMR,1997,5.6,ipu
CMR,1998,5.6,ipu
CMR,1999,5.6,ipu
CMR,2000,5.6,ipu
CMR,2001,5.6,ipu
CMR,2002,8.9,ipu
CMR,2003,8.9,ipu
CMR,2004,8.9,ipu
CMR,2005,8.9,ipu
CMR,2006,8.9,ipu
CMR,2007,13.9,ipu
CMR,2008,13.9,ipu
CMR,2009,13.9,ipu
CMR,2010,13.9,ipu
CMR,2011,13.9,ipu
CMR,2012,13.9,ipu
CMR,2013,31.1,ipu
CMR,2014,31.1,ipu
CMR,2015,31.1,ipu
CMR,2016,31.1,ipu
CMR,2017,31.1,ipu
CMR,2018,31.1,ipu
CMR,2019,31.1,ipu
CMR,2020,33.9,ipu
CMR,2021,33.9,ipu
CMR,2022,33.9,ipu
CMR,2023,33.9,ipu
CMR,2024,33.9,ipu
CMR,2025,33.9,ipu
COD,1960,0.0,vdem
COD,1961,0.0,vdem
COD,1962,0.0,vdem
COD,1963,0.0,vdem
COD,1964,0.0,vdem
COD,1965,0.0,vdem
COD,1966,0.0,vdem
COD,1967,0.0,vdem
COD,1968,0.0,vdem
COD,1969,0.0,vdem
COD,1970,2.9,vdem
COD,1971,2.8,vdem
COD,1972,2.8,vdem
COD,1973,2.8,vdem
COD,1974,2.8,vdem
COD,1975,11.1,vdem
COD,1976,11.1,vdem
COD,1977,1.8,vdem
COD,1978,1.8,vdem
COD,1979,1.8,vdem
COD,1980,1.8,vdem
COD,1981,1.8,vdem
COD,1982,3.5,vdem
COD,1983,3.5,vdem
COD,1984,3.5,vdem
COD,1985,3.5,vdem
COD,1986,3.5,vdem
COD,1987,5.7,vdem
COD,1988,5.4,vdem
COD,1989,5.4,vdem
COD,1990,5.4,vdem
COD,1991,5.4,vdem
COD,2003,12.0,vdem
COD,2004,12.0,ipu
COD,2005,12.0,ipu
COD,2006,8.4,ipu
COD,2007,8.4,ipu
COD,2008,8.4,ipu
COD,2009,8.4,ipu
COD,2010,8.4,ipu
COD,2011,8.9,vdem
COD,2012,8.9,ipu
COD,2013,8.9,ipu
COD,2014,10.6,ipu
COD,2015,8.9,ipu
COD,2016,8.9,ipu
COD,2017,8.9,ipu
COD,2018,8.9,ipu
COD,2019,10.0,ipu
COD,2020,12.8,ipu
COD,2021,12.8,ipu
COD,2022,12.8,ipu
COD,2023,12.8,ipu
COD,2024,13.0,ipu
COD,2025,12.8,ipu
COG,1947,0.0,vdem
COG,1948,0.0,vdem
COG,1949,0.0,vdem
COG,1950,0.0,vdem
COG,1951,0.0,vdem
COG,1952,0.0,vdem
COG,1953,0.0,vdem
COG,1954,0.0,vdem
COG,1955,0.0,vdem
COG,1956,0.0,vdem
COG,1957,0.0,vdem
COG,1958,0.0,vdem
COG,1959,0.0,vdem
COG,1960,0.0,vdem
COG,1961,0.0,vdem
COG,1962,0.0,vdem
COG,1963,5.5,vdem
COG,1968,5.5,vdem
COG,1973,7.0,vdem
COG,1974,7.0,vdem
COG,1975,7.0,vdem
COG,1976,7.0,vdem
COG,1979,8.5,vdem
COG,1980,8.5,vdem
COG,1981,8.5,vdem
COG,1982,8.5,vdem
COG,1983,8.5,vdem
COG,1984,9.8,vdem
COG,1985,9.8,vdem
COG,1986,9.8,vdem
COG,1987,9.8,vdem
COG,1988,9.8,vdem
COG,1989,14.3,vdem
COG,1990,14.3,vdem
COG,1991,6.5,vdem
COG,1992,6.4,vdem
COG,1993,1.6,vdem
COG,1994,1.6,vdem
COG,1995,1.6,vdem
COG,1996,1.6,vdem
COG,1998,12.0,ipu
COG,1999,12.0,ipu
COG,2000,12.0,ipu
COG,2001,12.0,ipu
COG,2002,8.5,vdem
COG,2003,8.5,ipu
COG,2004,8.5,ipu
COG,2005,8.5,ipu
COG,2006,8.5,ipu
COG,2007,7.3,ipu
COG,2008,7.3,ipu
COG,2009,7.3,ipu
COG,2010,7.3,ipu
COG,2011,7.3,ipu
COG,2012,7.4,ipu
COG,2013,7.4,ipu
COG,2014,7.4,ipu
COG,2015,7.4,ipu
COG,2016,7.4,ipu
COG,2017,11.3,ipu
COG,2018,11.3,ipu
COG,2019,11.3,ipu
COG,2020,11.3,ipu
COG,2021,11.3,ipu
COG,2022,14.6,ipu
COG,2023,14.6,ipu
COG,2024,14.6,ipu
COG,2025,14.6,ipu
COL,1946,0.0,vdem
COL,1947,0.0,vdem
COL,1948,0.0,vdem
COL,1951,0.0,vdem
COL,1952,0.0,vdem
COL,1953,0.0,vdem
COL,1954,0.0,vdem
COL,1955,0.0,vdem
COL,1956,0.0,vdem
COL,1957,0.0,vdem
COL,1958,5.4,vdem
COL,1959,5.4,vdem
COL,1960,2.7,vdem
COL,1961,2.7,vdem
COL,1962,4.3,vdem
COL,1963,4.3,vdem
COL,1964,4.9,vdem
COL,1965,4.9,vdem
COL,1966,3.7,vdem
COL,1967,3.7,vdem
COL,1968,3.9,vdem
COL,1969,3.9,vdem
COL,1970,4.3,vdem
COL,1971,4.3,vdem
COL,1972,4.3,vdem
COL,1973,4.3,vdem
COL,1974,6.0,vdem
COL,1975,6.0,vdem
COL,1976,6.0,vdem
COL,1977,6.0,vdem
COL,1978,5.0,vdem
COL,1979,5.0,vdem
COL,1980,5.0,vdem
COL,1981,5.0,vdem
COL,1982,3.5,vdem
COL,1983,3.5,vdem
COL,1984,3.5,vdem
COL,1985,3.5,vdem
COL,1986,4.5,vdem
COL,1987,4.5,vdem
COL,1988,4.5,vdem
COL,1989,4.5,vdem
COL,1990,8.5,vdem
COL,1991,10.2,vdem
COL,1992,10.2,vdem
COL,1993,10.2,vdem
COL,1994,10.8,vdem
COL,1995,10.8,vdem
COL,1996,10.8,vdem
COL,1997,11.7,ipu
COL,1998,11.8,vdem
COL,1999,11.8,ipu
COL,2000,11.8,ipu
COL,2001,11.8,ipu
COL,2002,12.0,ipu
COL,2003,12.0,ipu
COL,2004,12.0,ipu
COL,2005,12.1,ipu
COL,2006,8.4,ipu
COL,2007,8.4,ipu
COL,2008,8.4,ipu
COL,2009,8.4,ipu
COL,2010,12.7,ipu
COL,2011,12.1,ipu
COL,2012,12.1,ipu
COL,2013,12.1,ipu
COL,2014,19.9,ipu
COL,2015,19.9,ipu
COL,2016,19.9,ipu
COL,2017,18.7,ipu
COL,2018,18.1,ipu
COL,2019,18.7,ipu
COL,2020,18.3,ipu
COL,2021,18.8,ipu
COL,2022,28.9,ipu
COL,2023,28.9,ipu
COL,2024,29.4,ipu
COL,2025,29.4,ipu
COM,1972,0.0,vdem
COM,1973,0.0,vdem
COM,1974,0.0,vdem
COM,1975,0.0,vdem
COM,1976,0.0,vdem
COM,1977,0.0,vdem
COM,1978,0.0,vdem
COM,1979,0.0,vdem
COM,1980,0.0,vdem
COM,1981,0.0,vdem
COM,1982,0.0,vdem
COM,1983,0.0,vdem
COM,1984,0.0,vdem
COM,1985,0.0,vdem
COM,1986,0.0,vdem
COM,1987,0.0,vdem
COM,1988,0.0,vdem
COM,1989,0.0,vdem
COM,1990,0.0,vdem
COM,1991,0.0,vdem
COM,1992,0.0,vdem
COM,1993,2.4,vdem
COM,1994,0.0,vdem
COM,1995,0.0,vdem
COM,1996,0.0,vdem
COM,1997,0.0,ipu
COM,1998,0.0,ipu
COM,2004,3.0,ipu
COM,2005,3.0,ipu
COM,2006,3.0,ipu
COM,2007,3.0,ipu
COM,2008,3.0,ipu
COM,2009,0.0,ipu
COM,2010,3.0,ipu
COM,2011,3.0,ipu
COM,2012,3.0,ipu
COM,2013,3.0,ipu
COM,2014,3.0,ipu
COM,2015,3.0,ipu
COM,2016,3.0,ipu
COM,2017,6.1,ipu
COM,2018,6.1,ipu
COM,2019,6.1,ipu
COM,2020,16.7,ipu
COM,2021,16.7,ipu
COM,2022,16.7,ipu
COM,2023,16.7,ipu
COM,2024,16.7,ipu
COM,2025,18.2,ipu
CPV,1973,0.0,vdem
CPV,1974,0.0,vdem
CPV,1980,12.7,vdem
CPV,1981,12.7,vdem
CPV,1982,12.7,vdem
CPV,1983,12.7,vdem
CPV,1984,12.7,vdem
CPV,1985,12.0,vdem
CPV,1986,12.0,vdem
CPV,1987,12.0,vdem
CPV,1988,12.0,vdem
CPV,1989,12.0,vdem
CPV,1990,12.0,vdem
CPV,1991,7.6,vdem
CPV,1992,7.6,vdem
CPV,1993,7.6,vdem
CPV,1994,7.6,vdem
CPV,1995,11.1,vdem
CPV,1996,11.1,vdem
CPV,1997,11.1,ipu
CPV,1998,11.1,ipu
CPV,1999,11.1,ipu
CPV,2000,11.1,ipu
CPV,2001,11.1,ipu
CPV,2002,11.1,ipu
CPV,2003,11.1,ipu
CPV,2004,11.1,ipu
CPV,2005,11.1,ipu
CPV,2006,15.3,ipu
CPV,2007,18.1,ipu
CPV,2008,18.1,ipu
CPV,2009,18.1,ipu
CPV,2010,18.1,ipu
CPV,2011,20.8,ipu
CPV,2012,20.8,ipu
CPV,2013,20.8,ipu
CPV,2014,20.8,ipu
CPV,2015,20.8,ipu
CPV,2016,23.6,ipu
CPV,2017,23.6,ipu
CPV,2018,23.6,ipu
CPV,2019,23.6,ipu
CPV,2020,25.0,ipu
CPV,2021,38.9,ipu
CPV,2022,38.9,ipu
CPV,2023,41.7,ipu
CPV,2024,38.9,ipu
CPV,2025,44.4,ipu
CRI,1946,0.0,vdem
CRI,1947,0.0,vdem
CRI,1949,0.0,vdem
CRI,1950,0.0,vdem
CRI,1951,0.0,vdem
CRI,1952,0.0,vdem
CRI,1953,6.7,vdem
CRI,1954,6.7,vdem
CRI,1955,6.7,vdem
CRI,1956,6.7,vdem
CRI,1957,6.7,vdem
CRI,1958,4.4,vdem
CRI,1959,4.4,vdem
CRI,1960,4.4,vdem
CRI,1961,4.4,vdem
CRI,1962,1.8,vdem
CRI,1963,1.8,vdem
CRI,1964,1.8,vdem
CRI,1965,1.8,vdem
CRI,1966,5.2,vdem
CRI,1967,5.2,vdem
CRI,1968,5.2,vdem
CRI,1969,5.2,vdem
CRI,1970,7.0,vdem
CRI,1971,7.0,vdem
CRI,1972,7.0,vdem
CRI,1973,7.0,vdem
CRI,1974,5.3,vdem
CRI,1975,5.3,vdem
CRI,1976,5.3,vdem
CRI,1977,5.3,vdem
CRI,1978,7.0,vdem
CRI,1979,7.0,vdem
CRI,1980,7.0,vdem
CRI,1981,7.0,vdem
CRI,1982,7.0,vdem
CRI,1983,7.0,vdem
CRI,1984,7.0,vdem
CRI,1985,7.0,vdem
CRI,1986,10.5,vdem
CRI,1987,10.5,vdem
CRI,1988,10.5,vdem
CRI,1989,10.5,vdem
CRI,1990,12.3,vdem
CRI,1991,12.3,vdem
CRI,1992,12.3,vdem
CRI,1993,12.3,vdem
CRI,1994,14.0,vdem
CRI,1995,14.0,vdem
CRI,1996,14.0,vdem
CRI,1997,15.8,ipu
CRI,1998,19.3,ipu
CRI,1999,19.3,ipu
CRI,2000,19.3,ipu
CRI,2001,19.3,ipu
CRI,2002,35.1,ipu
CRI,2003,35.1,ipu
CRI,2004,35.1,ipu
CRI,2005,35.1,ipu
CRI,2006,38.6,ipu
CRI,2007,36.8,ipu
CRI,2008,36.8,ipu
CRI,2009,36.8,ipu
CRI,2010,38.6,ipu
CRI,2011,38.6,ipu
CRI,2012,38.6,ipu
CRI,2013,38.6,ipu
CRI,2014,33.3,ipu
CRI,2015,33.3,ipu
CRI,2016,33.3,ipu
CRI,2017,35.1,ipu
CRI,2018,45.6,ipu
CRI,2019,45.6,ipu
CRI,2020,45.6,ipu
CRI,2021,45.6,ipu
CRI,2022,47.4,ipu
CRI,2023,47.4,ipu
CRI,2024,49.1,ipu
CRI,2025,49.1,ipu
CSK,1946,9.3,vdem
CSK,1947,9.3,vdem
CSK,1948,16.0,vdem
CSK,1949,16.0,vdem
CSK,1950,16.0,vdem
CSK,1951,16.0,vdem
CSK,1952,16.0,vdem
CSK,1953,16.0,vdem
CSK,1954,15.5,vdem
CSK,1955,15.5,vdem
CSK,1956,15.5,vdem
CSK,1957,15.5,vdem
CSK,1958,15.5,vdem
CSK,1959,15.5,vdem
CSK,1960,20.7,vdem
CSK,1961,20.7,vdem
CSK,1962,20.7,vdem
CSK,1963,20.7,vdem
CSK,1964,20.0,vdem
CSK,1965,20.0,vdem
CSK,1966,20.0,vdem
CSK,1967,20.0,vdem
CSK,1968,20.0,vdem
CSK,1969,20.0,vdem
CSK,1970,20.0,vdem
CSK,1971,26.0,vdem
CSK,1972,26.0,vdem
CSK,1973,26.0,vdem
CSK,1974,26.0,vdem
CSK,1975,26.0,vdem
CSK,1976,29.5,vdem
CSK,1977,29.5,vdem
CSK,1978,29.5,vdem
CSK,1979,29.5,vdem
CSK,1980,29.5,vdem
CSK,1981,28.0,vdem
CSK,1982,28.0,vdem
CSK,1983,28.0,vdem
CSK,1984,28.0,vdem
CSK,1985,28.0,vdem
CSK,1986,29.5,vdem
CSK,1987,29.5,vdem
CSK,1988,29.5,vdem
CSK,1989,29.5,vdem
CSK,1990,8.7,vdem
CSK,1991,8.7,vdem
CSK,1992,8.7,vdem
CSS,1997,11.6,ipu
CSS,1998,11.7,ipu
CSS,1999,12.8,ipu
CSS,2001,14.8,ipu
CSS,2002,16.4,ipu
CSS,2003,16.6,ipu
CSS,2004,18.8,ipu
CSS,2005,18.8,ipu
CSS,2006,18.1,ipu
CSS,2007,18.8,ipu
CSS,2008,18.1,ipu
CSS,2009,18.0,ipu
CSS,2010,15.5,ipu
CSS,2011,16.4,ipu
CSS,2012,16.8,ipu
CSS,2013,17.8,ipu
CSS,2014,17.9,ipu
CSS,2015,20.9,ipu
CSS,2016,20.9,ipu
CSS,2017,21.9,ipu
CSS,2018,22.7,ipu
CSS,2019,23.4,ipu
CSS,2020,25.0,ipu
CSS,2021,25.5,ipu
CSS,2022,25.5,ipu
CSS,2023,26.4,ipu
CSS,2024,27.3,ipu
CSS,2025,26.0,ipu
CUB,1946,2.9,vdem
CUB,1947,2.9,vdem
CUB,1948,5.6,vdem
CUB,1949,5.6,vdem
CUB,1950,5.6,vdem
CUB,1951,5.6,vdem
CUB,1952,5.6,vdem
CUB,1953,5.6,vdem
CUB,1954,5.6,vdem
CUB,1955,5.6,vdem
CUB,1956,5.6,vdem
CUB,1957,5.6,vdem
CUB,1958,2.3,vdem
CUB,1976,22.2,vdem
CUB,1977,22.2,vdem
CUB,1978,22.2,vdem
CUB,1979,22.2,vdem
CUB,1980,22.2,vdem
CUB,1981,22.6,vdem
CUB,1982,22.6,vdem
CUB,1983,22.6,vdem
CUB,1984,22.6,vdem
CUB,1985,22.6,vdem
CUB,1986,33.9,vdem
CUB,1987,33.9,vdem
CUB,1988,33.9,vdem
CUB,1989,33.9,vdem
CUB,1990,33.9,vdem
CUB,1991,33.9,vdem
CUB,1992,33.9,vdem
CUB,1993,22.8,vdem
CUB,1994,22.8,vdem
CUB,1995,22.8,vdem
CUB,1996,22.8,vdem
CUB,1997,22.8,ipu
CUB,1998,27.6,ipu
CUB,1999,27.6,ipu
CUB,2000,27.6,ipu
CUB,2001,27.6,ipu
CUB,2002,27.6,ipu
CUB,2003,36.0,ipu
CUB,2004,36.0,ipu
CUB,2005,36.0,ipu
CUB,2006,36.0,ipu
CUB,2007,36.0,ipu
CUB,2008,43.2,ipu
CUB,2009,43.2,ipu
CUB,2010,43.2,ipu
CUB,2011,45.2,ipu
CUB,2012,45.2,ipu
CUB,2013,48.9,ipu
CUB,2014,48.9,ipu
CUB,2015,48.9,ipu
CUB,2016,48.9,ipu
CUB,2017,48.9,ipu
CUB,2018,53.2,ipu
CUB,2019,53.2,ipu
CUB,2020,53.2,ipu
CUB,2021,53.4,ipu
CUB,2022,53.4,ipu
CUB,2023,55.7,ipu
CUB,2024,55.7,ipu
CUB,2025,55.7,ipu
CYP,1960,0.0,vdem
CYP,1961,0.0,vdem
CYP,1962,0.0,vdem
CYP,1963,2.9,vdem
CYP,1964,2.9,vdem
CYP,1965,2.9,vdem
CYP,1966,2.9,vdem
CYP,1967,2.9,vdem
CYP,1968,2.9,vdem
CYP,1969,2.9,vdem
CYP,1970,0.0,vdem
CYP,1971,0.0,vdem
CYP,1972,0.0,vdem
CYP,1973,0.0,vdem
CYP,1974,0.0,vdem
CYP,1975,0.0,vdem
CYP,1976,0.0,vdem
CYP,1977,0.0,vdem
CYP,1978,0.0,vdem
CYP,1979,0.0,vdem
CYP,1980,0.0,vdem
CYP,1981,2.9,vdem
CYP,1982,2.9,vdem
CYP,1983,2.9,vdem
CYP,1984,2.9,vdem
CYP,1985,1.8,vdem
CYP,1986,1.8,vdem
CYP,1987,1.8,vdem
CYP,1988,1.8,vdem
CYP,1989,1.8,vdem
CYP,1990,1.8,vdem
CYP,1991,5.4,vdem
CYP,1992,5.4,vdem
CYP,1993,3.6,vdem
CYP,1994,3.6,vdem
CYP,1995,3.6,vdem
CYP,1996,5.4,vdem
CYP,1997,5.4,ipu
CYP,1998,5.4,ipu
CYP,1999,5.4,ipu
CYP,2000,7.1,ipu
CYP,2001,10.7,ipu
CYP,2002,10.7,ipu
CYP,2003,10.7,ipu
CYP,2004,16.1,ipu
CYP,2005,16.1,ipu
CYP,2006,14.3,ipu
CYP,2007,14.3,ipu
CYP,2008,14.3,ipu
CYP,2009,12.5,ipu
CYP,2010,12.5,ipu
CYP,2011,10.7,ipu
CYP,2012,10.7,ipu
CYP,2013,10.7,ipu
CYP,2014,12.5,ipu
CYP,2015,12.5,ipu
CYP,2016,17.9,ipu
CYP,2017,17.9,ipu
CYP,2018,17.9,ipu
CYP,2019,17.9,ipu
CYP,2020,19.6,ipu
CYP,2021,14.3,ipu
CYP,2022,14.3,ipu
CYP,2023,14.3,ipu
CYP,2024,14.3,ipu
CYP,2025,14.3,ipu
CZE,1946,9.3,vdem
CZE,1947,9.3,vdem
CZE,1948,16.0,vdem
CZE,1949,16.0,vdem
CZE,1950,16.0,vdem
CZE,1951,16.0,vdem
CZE,1952,16.0,vdem
CZE,1953,16.0,vdem
CZE,1954,15.5,vdem
CZE,1955,15.5,vdem
CZE,1956,15.5,vdem
CZE,1957,15.5,vdem
CZE,1958,15.5,vdem
CZE,1959,15.5,vdem
CZE,1960,20.7,vdem
CZE,1961,20.7,vdem
CZE,1962,20.7,vdem
CZE,1963,20.7,vdem
CZE,1964,20.0,vdem
CZE,1965,20.0,vdem
CZE,1966,20.0,vdem
CZE,1967,20.0,vdem
CZE,1968,20.0,vdem
CZE,1969,20.0,vdem
CZE,1970,20.0,vdem
CZE,1971,26.0,vdem
CZE,1972,26.0,vdem
CZE,1973,26.0,vdem
CZE,1974,26.0,vdem
CZE,1975,26.0,vdem
CZE,1976,29.5,vdem
CZE,1977,29.5,vdem
CZE,1978,29.5,vdem
CZE,1979,29.5,vdem
CZE,1980,29.5,vdem
CZE,1981,28.0,vdem
CZE,1982,28.0,vdem
CZE,1983,28.0,vdem
CZE,1984,28.0,vdem
CZE,1985,28.0,vdem
CZE,1986,29.5,vdem
CZE,1987,29.5,vdem
CZE,1988,29.5,vdem
CZE,1989,29.5,vdem
CZE,1990,8.7,vdem
CZE,1991,8.7,vdem
CZE,1992,8.7,vdem
CZE,1993,10.0,vdem
CZE,1994,10.0,vdem
CZE,1995,10.0,vdem
CZE,1996,15.0,vdem
CZE,1997,15.0,ipu
CZE,1998,15.0,ipu
CZE,1999,15.0,ipu
CZE,2000,15.0,ipu
CZE,2001,15.0,ipu
CZE,2002,17.0,ipu
CZE,2003,17.0,ipu
CZE,2004,17.0,ipu
CZE,2005,17.0,ipu
CZE,2006,15.5,ipu
CZE,2007,15.5,ipu
CZE,2008,15.5,ipu
CZE,2009,15.5,ipu
CZE,2010,22.0,ipu
CZE,2011,22.0,ipu
CZE,2012,22.0,ipu
CZE,2013,19.5,ipu
CZE,2014,19.5,ipu
CZE,2015,20.0,ipu
CZE,2016,20.0,ipu
CZE,2017,22.0,ipu
CZE,2018,22.0,ipu
CZE,2019,22.5,ipu
CZE,2020,22.5,ipu
CZE,2021,25.0,ipu
CZE,2022,25.5,ipu
CZE,2023,26.0,ipu
CZE,2024,26.0,ipu
CZE,2025,33.5,ipu
DDR,1949,0.0,vdem
DDR,1950,27.5,vdem
DDR,1951,27.5,vdem
DDR,1952,27.5,vdem
DDR,1953,27.5,vdem
DDR,1954,24.5,vdem
DDR,1955,24.5,vdem
DDR,1956,24.5,vdem
DDR,1957,24.5,vdem
DDR,1958,24.5,vdem
DDR,1959,24.5,vdem
DDR,1960,24.5,vdem
DDR,1961,24.5,vdem
DDR,1962,24.5,vdem
DDR,1963,27.4,vdem
DDR,1964,27.4,vdem
DDR,1965,27.4,vdem
DDR,1966,27.4,vdem
DDR,1967,30.6,vdem
DDR,1968,30.6,vdem
DDR,1969,30.6,vdem
DDR,1970,30.6,vdem
DDR,1971,31.8,vdem
DDR,1972,31.8,vdem
DDR,1973,31.8,vdem
DDR,1974,31.8,vdem
DDR,1975,31.8,vdem
DDR,1976,33.6,vdem
DDR,1977,33.6,vdem
DDR,1978,33.6,vdem
DDR,1979,33.6,vdem
DDR,1980,33.6,vdem
DDR,1981,32.4,vdem
DDR,1982,32.4,vdem
DDR,1983,32.4,vdem
DDR,1984,32.4,vdem
DDR,1985,32.4,vdem
DDR,1986,32.2,vdem
DDR,1987,32.2,vdem
DDR,1988,32.2,vdem
DDR,1989,32.2,vdem
DDR,1990,32.2,vdem
DEU,1991,20.5,vdem
DEU,1992,20.5,vdem
DEU,1993,20.5,vdem
DEU,1994,26.2,vdem
DEU,1995,26.2,vdem
DEU,1996,26.2,vdem
DEU,1997,26.2,ipu
DEU,1998,26.2,ipu
DEU,1999,30.9,ipu
DEU,2000,30.9,ipu
DEU,2001,31.1,ipu
DEU,2002,32.2,ipu
DEU,2003,32.2,ipu
DEU,2004,32.8,ipu
DEU,2005,31.8,ipu
DEU,2006,31.6,ipu
DEU,2007,31.6,ipu
DEU,2008,32.2,ipu
DEU,2009,32.8,ipu
DEU,2010,32.8,ipu
DEU,2011,32.9,ipu
DEU,2012,32.9,ipu
DEU,2013,36.5,ipu
DEU,2014,36.5,ipu
DEU,2015,36.5,ipu
DEU,2016,36.5,ipu
DEU,2017,30.7,ipu
DEU,2018,30.7,ipu
DEU,2019,30.9,ipu
DEU,2020,31.2,ipu
DEU,2021,34.9,ipu
DEU,2022,34.9,ipu
DEU,2023,35.2,ipu
DEU,2024,35.3,ipu
DEU,2025,32.4,ipu
DJI,1946,0.0,vdem
DJI,1947,0.0,vdem
DJI,1948,0.0,vdem
DJI,1949,0.0,vdem
DJI,1950,0.0,vdem
DJI,1951,0.0,vdem
DJI,1952,0.0,vdem
DJI,1953,0.0,vdem
DJI,1954,0.0,vdem
DJI,1955,0.0,vdem
DJI,1956,0.0,vdem
DJI,1957,0.0,vdem
DJI,1958,0.0,vdem
DJI,1959,0.0,vdem
DJI,1960,0.0,vdem
DJI,1961,0.0,vdem
DJI,1962,0.0,vdem
DJI,1963,0.0,vdem
DJI,1964,0.0,vdem
DJI,1965,0.0,vdem
DJI,1966,0.0,vdem
DJI,1967,0.0,vdem
DJI,1968,0.0,vdem
DJI,1969,0.0,vdem
DJI,1970,0.0,vdem
DJI,1971,0.0,vdem
DJI,1972,0.0,vdem
DJI,1973,0.0,vdem
DJI,1974,0.0,vdem
DJI,1975,0.0,vdem
DJI,1976,0.0,vdem
DJI,1977,0.0,vdem
DJI,1978,0.0,vdem
DJI,1979,0.0,vdem
DJI,1980,0.0,vdem
DJI,1981,0.0,vdem
DJI,1982,0.0,vdem
DJI,1983,0.0,vdem
DJI,1984,0.0,vdem
DJI,1985,0.0,vdem
DJI,1986,0.0,vdem
DJI,1987,0.0,vdem
DJI,1988,0.0,vdem
DJI,1989,0.0,vdem
DJI,1990,0.0,vdem
DJI,1991,0.0,vdem
DJI,1992,0.0,vdem
DJI,1993,0.0,vdem
DJI,1994,0.0,vdem
DJI,1995,0.0,vdem
DJI,1996,0.0,vdem
DJI,1997,0.0,vdem
DJI,1998,0.0,ipu
DJI,1999,0.0,ipu
DJI,2000,0.0,ipu
DJI,2001,0.0,ipu
DJI,2002,0.0,ipu
DJI,2003,10.8,ipu
DJI,2004,10.8,ipu
DJI,2005,10.8,ipu
DJI,2006,10.8,ipu
DJI,2007,13.8,ipu
DJI,2008,13.8,ipu
DJI,2009,13.8,ipu
DJI,2010,13.8,ipu
DJI,2011,13.8,ipu
DJI,2012,13.8,ipu
DJI,2013,12.7,ipu
DJI,2014,12.7,ipu
DJI,2015,12.7,ipu
DJI,2016,12.7,ipu
DJI,2017,10.8,ipu
DJI,2018,26.2,ipu
DJI,2019,26.2,ipu
DJI,2020,26.2,ipu
DJI,2021,26.2,ipu
DJI,2022,26.2,ipu
DJI,2023,26.2,ipu
DJI,2024,26.2,ipu
DJI,2025,26.2,ipu
DMA,1997,9.4,ipu
DMA,1998,9.4,ipu
DMA,1999,9.4,ipu
DMA,2001,18.8,ipu
DMA,2002,18.8,ipu
DMA,2003,18.8,ipu
DMA,2004,19.4,ipu
DMA,2005,12.9,ipu
DMA,2006,12.9,ipu
DMA,2007,16.1,ipu
DMA,2008,18.8,ipu
DMA,2009,14.3,ipu
DMA,2010,12.5,ipu
DMA,2011,12.5,ipu
DMA,2012,12.5,ipu
DMA,2013,12.5,ipu
DMA,2014,12.9,ipu
DMA,2015,21.9,ipu
DMA,2016,21.9,ipu
DMA,2017,25.0,ipu
DMA,2018,25.0,ipu
DMA,2019,25.0,ipu
DMA,2020,34.4,ipu
DMA,2021,34.4,ipu
DMA,2022,34.4,ipu
DMA,2023,37.5,ipu
DMA,2024,37.5,ipu
DMA,2025,40.6,ipu
DNK,1946,5.4,vdem
DNK,1947,8.7,vdem
DNK,1948,8.7,vdem
DNK,1949,8.7,vdem
DNK,1950,7.9,vdem
DNK,1951,7.9,vdem
DNK,1952,7.9,vdem
DNK,1953,9.5,vdem
DNK,1954,9.5,vdem
DNK,1955,9.5,vdem
DNK,1956,9.5,vdem
DNK,1957,8.4,vdem
DNK,1958,8.4,vdem
DNK,1959,8.4,vdem
DNK,1960,9.5,vdem
DNK,1961,9.5,vdem
DNK,1962,9.5,vdem
DNK,1963,9.5,vdem
DNK,1964,9.5,vdem
DNK,1965,9.5,vdem
DNK,1966,10.6,vdem
DNK,1967,10.6,vdem
DNK,1968,10.6,vdem
DNK,1969,10.6,vdem
DNK,1970,10.6,vdem
DNK,1971,17.3,vdem
DNK,1972,17.3,vdem
DNK,1973,15.1,vdem
DNK,1974,15.1,vdem
DNK,1975,15.6,vdem
DNK,1976,15.6,vdem
DNK,1977,16.8,vdem
DNK,1978,16.8,vdem
DNK,1979,23.5,vdem
DNK,1980,23.5,vdem
DNK,1981,23.5,vdem
DNK,1982,23.5,vdem
DNK,1983,23.5,vdem
DNK,1984,26.3,vdem
DNK,1985,26.3,vdem
DNK,1986,26.3,vdem
DNK,1987,29.0,vdem
DNK,1988,30.7,vdem
DNK,1989,30.7,vdem
DNK,1990,33.0,vdem
DNK,1991,33.0,vdem
DNK,1992,33.0,vdem
DNK,1993,33.0,vdem
DNK,1994,33.0,vdem
DNK,1995,33.0,vdem
DNK,1996,33.0,vdem
DNK,1997,33.0,ipu
DNK,1998,37.4,ipu
DNK,1999,37.4,ipu
DNK,2000,37.4,ipu
DNK,2001,38.0,vdem
DNK,2002,38.0,ipu
DNK,2003,38.0,ipu
DNK,2004,38.0,ipu
DNK,2005,36.9,ipu
DNK,2006,36.9,ipu
DNK,2007,38.0,ipu
DNK,2008,38.0,ipu
DNK,2009,38.0,ipu
DNK,2010,38.0,ipu
DNK,2011,39.1,ipu
DNK,2012,39.1,ipu
DNK,2013,39.1,ipu
DNK,2014,39.1,ipu
DNK,2015,37.4,ipu
DNK,2016,37.4,ipu
DNK,2017,37.4,ipu
DNK,2018,37.4,ipu
DNK,2019,39.1,ipu
DNK,2020,39.7,ipu
DNK,2021,39.7,ipu
DNK,2022,43.6,ipu
DNK,2023,43.6,ipu
DNK,2024,45.3,ipu
DNK,2025,43.6,ipu
DOM,1946,5.6,vdem
DOM,1947,2.6,vdem
DOM,1948,2.6,vdem
DOM,1949,2.6,vdem
DOM,1950,2.6,vdem
DOM,1951,2.6,vdem
DOM,1952,5.8,vdem
DOM,1953,5.8,vdem
DOM,1954,5.8,vdem
DOM,1955,5.8,vdem
DOM,1956,5.8,vdem
DOM,1957,1.7,vdem
DOM,1958,1.7,vdem
DOM,1959,1.7,vdem
DOM,1960,1.7,vdem
DOM,1961,1.7,vdem
DOM,1962,2.7,vdem
DOM,1965,2.7,vdem
DOM,1966,4.1,vdem
DOM,1967,4.1,vdem
DOM,1968,4.1,vdem
DOM,1969,4.1,vdem
DOM,1970,4.1,vdem
DOM,1971,4.1,vdem
DOM,1972,4.1,vdem
DOM,1973,4.1,vdem
DOM,1974,14.3,vdem
DOM,1975,14.3,vdem
DOM,1976,14.3,vdem
DOM,1977,14.3,vdem
DOM,1978,12.1,vdem
DOM,1979,12.1,vdem
DOM,1980,12.1,vdem
DOM,1981,12.1,vdem
DOM,1982,5.8,vdem
DOM,1983,5.8,vdem
DOM,1984,5.8,vdem
DOM,1985,5.8,vdem
DOM,1986,7.5,vdem
DOM,1987,7.5,vdem
DOM,1988,7.5,vdem
DOM,1989,7.5,vdem
DOM,1990,11.7,vdem
DOM,1991,11.7,vdem
DOM,1992,11.7,vdem
DOM,1993,11.7,vdem
DOM,1994,11.7,vdem
DOM,1995,11.7,vdem
DOM,1996,11.7,vdem
DOM,1997,11.7,ipu
DOM,1998,16.1,ipu
DOM,1999,16.1,ipu
DOM,2000,16.1,ipu
DOM,2001,16.1,ipu
DOM,2002,17.3,ipu
DOM,2003,17.3,ipu
DOM,2004,17.3,ipu
DOM,2005,17.3,ipu
DOM,2006,19.7,ipu
DOM,2007,19.7,ipu
DOM,2008,19.7,ipu
DOM,2009,19.7,ipu
DOM,2010,20.8,ipu
DOM,2011,20.8,ipu
DOM,2012,20.8,ipu
DOM,2013,20.8,ipu
DOM,2014,20.8,ipu
DOM,2015,20.8,ipu
DOM,2016,26.8,ipu
DOM,2017,26.8,ipu
DOM,2018,26.8,ipu
DOM,2019,26.8,ipu
DOM,2020,27.9,ipu
DOM,2021,27.9,ipu
DOM,2022,27.9,ipu
DOM,2023,27.9,ipu
DOM,2024,36.8,ipu
DOM,2025,37.4,ipu
DZA,1946,0.0,vdem
DZA,1947,0.0,vdem
DZA,1948,0.0,vdem
DZA,1949,0.0,vdem
DZA,1950,0.0,vdem
DZA,1951,0.0,vdem
DZA,1952,0.0,vdem
DZA,1953,0.0,vdem
DZA,1954,0.0,vdem
DZA,1955,0.0,vdem
DZA,1962,5.1,vdem
DZA,1963,5.1,vdem
DZA,1964,1.4,vdem
DZA,1977,3.8,vdem
DZA,1978,3.8,vdem
DZA,1979,3.8,vdem
DZA,1980,3.8,vdem
DZA,1981,3.8,vdem
DZA,1982,1.4,vdem
DZA,1983,1.4,vdem
DZA,1984,1.4,vdem
DZA,1985,1.4,vdem
DZA,1986,1.4,vdem
DZA,1987,2.4,vdem
DZA,1988,2.4,vdem
DZA,1989,2.4,vdem
DZA,1990,2.4,vdem
DZA,1991,2.4,vdem
DZA,1994,6.7,vdem
DZA,1995,6.7,vdem
DZA,1996,6.7,vdem
DZA,1997,3.2,ipu
DZA,1998,3.2,ipu
DZA,1999,3.2,ipu
DZA,2000,3.4,ipu
DZA,2001,3.4,ipu
DZA,2002,6.2,ipu
DZA,2003,6.2,ipu
DZA,2004,6.2,ipu
DZA,2005,6.2,ipu
DZA,2006,6.2,ipu
DZA,2007,7.7,ipu
DZA,2008,7.7,ipu
DZA,2009,7.7,ipu
DZA,2010,7.7,ipu
DZA,2011,8.0,ipu
DZA,2012,31.6,ipu
DZA,2013,31.6,ipu
DZA,2014,31.6,ipu
DZA,2015,31.6,ipu
DZA,2016,31.6,ipu
DZA,2017,25.8,ipu
DZA,2018,25.8,ipu
DZA,2019,25.8,ipu
DZA,2020,25.8,ipu
DZA,2021,8.1,ipu
DZA,2022,8.1,ipu
DZA,2023,7.9,ipu
DZA,2024,7.9,ipu
DZA,2025,7.9,ipu
EAP,1998,17.6,ipu
EAP,1999,18.6,ipu
EAP,2000,17.3,ipu
EAP,2001,17.6,ipu
EAP,2002,18.2,ipu
EAP,2003,16.9,ipu
EAP,2004,17.2,ipu
EAP,2005,17.3,ipu
EAP,2006,17.7,ipu
EAP,2007,18.0,ipu
EAP,2008,18.3,ipu
EAP,2009,18.6,ipu
EAP,2010,17.9,ipu
EAP,2011,17.9,ipu
EAP,2012,18.2,ipu
EAP,2013,19.3,ipu
EAP,2014,19.1,ipu
EAP,2015,19.8,ipu
EAP,2016,19.9,ipu
EAP,2017,20.1,ipu
EAP,2018,20.6,ipu
EAP,2019,20.9,ipu
EAP,2020,21.5,ipu
EAP,2021,21.6,ipu
EAP,2022,22.0,ipu
EAP,2023,22.8,ipu
EAP,2024,22.9,ipu
EAP,2025,23.1,ipu
EAR,1997,8.3,ipu
EAR,1998,8.8,ipu
EAR,1999,8.8,ipu
EAR,2000,9.7,ipu
EAR,2001,9.5,ipu
EAR,2002,11.1,ipu
EAR,2003,11.3,ipu
EAR,2004,12.1,ipu
EAR,2005,12.9,ipu
EAR,2006,13.4,ipu
EAR,2007,14.7,ipu
EAR,2008,15.5,ipu
EAR,2009,17.0,ipu
EAR,2010,17.4,ipu
EAR,2011,17.6,ipu
EAR,2012,19.3,ipu
EAR,2013,20.1,ipu
EAR,2014,21.1,ipu
EAR,2015,22.2,ipu
EAR,2016,22.3,ipu
EAR,2017,22.3,ipu
EAR,2018,22.8,ipu
EAR,2019,22.9,ipu
EAR,2020,24.5,ipu
EAR,2021,24.3,ipu
EAR,2022,24.9,ipu
EAR,2023,25.1,ipu
EAR,2024,25.1,ipu
EAR,2025,25.6,ipu
EAS,1998,16.0,ipu
EAS,1999,16.8,ipu
EAS,2000,16.4,ipu
EAS,2001,16.6,ipu
EAS,2002,17.2,ipu
EAS,2003,16.1,ipu
EAS,2004,16.6,ipu
EAS,2005,16.9,ipu
EAS,2006,17.3,ipu
EAS,2007,17.8,ipu
EAS,2008,18.0,ipu
EAS,2009,18.3,ipu
EAS,2010,17.8,ipu
EAS,2011,17.7,ipu
EAS,2012,17.9,ipu
EAS,2013,18.8,ipu
EAS,2014,18.6,ipu
EAS,2015,19.3,ipu
EAS,2016,19.4,ipu
EAS,2017,19.8,ipu
EAS,2018,20.2,ipu
EAS,2019,20.5,ipu
EAS,2020,21.3,ipu
EAS,2021,21.4,ipu
EAS,2022,21.9,ipu
EAS,2023,22.5,ipu
EAS,2024,23.0,ipu
EAS,2025,23.3,ipu
EAZ,2010,24.4,vdem
EAZ,2011,24.4,vdem
EAZ,2012,24.4,vdem
EAZ,2013,24.4,vdem
EAZ,2014,24.4,vdem
EAZ,2015,24.4,vdem
EAZ,2016,36.4,vdem
EAZ,2017,36.4,vdem
EAZ,2018,36.4,vdem
EAZ,2019,36.4,vdem
EAZ,2020,36.4,vdem
EAZ,2021,45.2,vdem
EAZ,2022,38.0,vdem
EAZ,2023,38.2,vdem
EAZ,2024,36.8,vdem
EAZ,2025,34.2,vdem
ECA,1997,5.1,ipu
ECA,1999,6.0,ipu
ECA,2000,6.8,ipu
ECA,2001,7.5,ipu
ECA,2003,7.9,ipu
ECA,2004,9.5,ipu
ECA,2005,9.8,ipu
ECA,2006,10.9,ipu
ECA,2007,13.7,ipu
ECA,2008,13.9,ipu
ECA,2009,15.1,ipu
ECA,2010,15.2,ipu
ECA,2011,16.3,ipu
ECA,2012,18.1,ipu
ECA,2013,18.3,ipu
ECA,2014,19.2,ipu
ECA,2015,19.2,ipu
ECA,2016,20.0,ipu
ECA,2017,20.8,ipu
ECA,2018,21.3,ipu
ECA,2019,23.5,ipu
ECA,2020,24.8,ipu
ECA,2021,26.4,ipu
ECA,2022,26.3,ipu
ECA,2023,26.2,ipu
ECA,2024,27.1,ipu
ECA,2025,27.4,ipu
ECS,1997,14.5,ipu
ECS,1998,15.2,ipu
ECS,1999,16.1,ipu
ECS,2000,16.6,ipu
ECS,2001,16.5,ipu
ECS,2002,18.3,ipu
ECS,2003,17.8,ipu
ECS,2004,18.8,ipu
ECS,2005,19.2,ipu
ECS,2006,19.5,ipu
ECS,2007,21.0,ipu
ECS,2008,21.3,ipu
ECS,2009,21.9,ipu
ECS,2010,22.0,ipu
ECS,2011,22.7,ipu
ECS,2012,23.8,ipu
ECS,2013,24.8,ipu
ECS,2014,25.3,ipu
ECS,2015,25.7,ipu
ECS,2016,26.0,ipu
ECS,2017,27.4,ipu
ECS,2018,28.0,ipu
ECS,2019,29.5,ipu
ECS,2020,30.3,ipu
ECS,2021,31.1,ipu
ECS,2022,30.9,ipu
ECS,2023,31.1,ipu
ECS,2024,31.5,ipu
ECS,2025,31.7,ipu
ECU,1946,0.0,vdem
ECU,1947,0.0,vdem
ECU,1948,0.0,vdem
ECU,1949,0.0,vdem
ECU,1950,0.0,vdem
ECU,1951,0.0,vdem
ECU,1952,0.0,vdem
ECU,1953,0.0,vdem
ECU,1954,0.0,vdem
ECU,1955,0.0,vdem
ECU,1956,0.0,vdem
ECU,1957,0.0,vdem
ECU,1958,0.0,vdem
ECU,1959,0.0,vdem
ECU,1960,2.7,vdem
ECU,1961,2.7,vdem
ECU,1962,2.7,vdem
ECU,1966,1.3,vdem
ECU,1967,1.3,vdem
ECU,1968,0.0,vdem
ECU,1969,0.0,vdem
ECU,1979,0.0,vdem
ECU,1980,0.0,vdem
ECU,1981,0.0,vdem
ECU,1982,0.0,vdem
ECU,1983,0.0,vdem
ECU,1984,4.2,vdem
ECU,1985,4.2,vdem
ECU,1986,1.4,vdem
ECU,1987,1.4,vdem
ECU,1988,4.5,vdem
ECU,1989,4.5,vdem
ECU,1990,7.5,vdem
ECU,1991,7.5,vdem
ECU,1992,6.0,vdem
ECU,1993,6.0,vdem
ECU,1994,4.5,vdem
ECU,1995,4.5,vdem
ECU,1996,3.7,vdem
ECU,1997,3.7,ipu
ECU,1998,17.4,ipu
ECU,1999,17.4,ipu
ECU,2000,14.6,ipu
ECU,2001,14.6,ipu
ECU,2002,16.0,vdem
ECU,2003,16.0,ipu
ECU,2004,16.0,ipu
ECU,2005,16.0,ipu
ECU,2006,25.0,ipu
ECU,2007,25.0,ipu
ECU,2008,25.0,ipu
ECU,2009,32.3,ipu
ECU,2010,32.3,ipu
ECU,2011,32.3,ipu
ECU,2012,32.3,ipu
ECU,2013,38.7,ipu
ECU,2014,41.6,ipu
ECU,2015,41.6,ipu
ECU,2016,41.6,ipu
ECU,2017,38.0,ipu
ECU,2018,38.0,ipu
ECU,2019,38.0,ipu
ECU,2020,39.4,ipu
ECU,2021,39.4,ipu
ECU,2022,38.7,ipu
ECU,2023,43.1,ipu
ECU,2024,43.1,ipu
ECU,2025,45.0,ipu
EGY,1946,0.0,vdem
EGY,1947,0.0,vdem
EGY,1948,0.0,vdem
EGY,1949,0.0,vdem
EGY,1950,0.0,vdem
EGY,1951,0.0,vdem
EGY,1952,0.0,vdem
EGY,1957,0.6,vdem
EGY,1960,1.8,vdem
EGY,1964,2.2,vdem
EGY,1965,2.2,vdem
EGY,1966,2.2,vdem
EGY,1967,2.2,vdem
EGY,1968,2.2,vdem
EGY,1969,0.8,vdem
EGY,1970,0.8,vdem
EGY,1971,2.2,vdem
EGY,1972,2.2,vdem
EGY,1973,2.2,vdem
EGY,1974,2.2,vdem
EGY,1975,2.2,vdem
EGY,1976,1.7,vdem
EGY,1977,1.7,vdem
EGY,1978,1.7,vdem
EGY,1979,8.9,vdem
EGY,1980,8.9,vdem
EGY,1981,8.9,vdem
EGY,1982,8.9,vdem
EGY,1983,8.9,vdem
EGY,1984,7.9,vdem
EGY,1985,7.9,vdem
EGY,1986,7.9,vdem
EGY,1987,3.9,vdem
EGY,1988,3.9,vdem
EGY,1989,3.9,vdem
EGY,1990,2.2,vdem
EGY,1991,2.2,vdem
EGY,1992,2.2,vdem
EGY,1993,2.2,vdem
EGY,1994,2.2,vdem
EGY,1995,2.0,vdem
EGY,1996,2.0,vdem
EGY,1997,2.0,ipu
EGY,1998,2.0,ipu
EGY,1999,2.0,ipu
EGY,2000,2.0,ipu
EGY,2001,2.4,ipu
EGY,2002,2.4,ipu
EGY,2003,2.4,ipu
EGY,2004,2.9,ipu
EGY,2005,2.0,ipu
EGY,2006,2.0,ipu
EGY,2007,1.8,ipu
EGY,2008,1.8,ipu
EGY,2009,1.8,ipu
EGY,2010,12.7,ipu
EGY,2011,2.0,ipu
EGY,2012,2.0,ipu
EGY,2016,14.9,ipu
EGY,2017,14.9,ipu
EGY,2018,14.9,ipu
EGY,2019,14.9,ipu
EGY,2020,27.4,ipu
EGY,2021,27.7,ipu
EGY,2022,27.6,ipu
EGY,2023,27.5,ipu
EGY,2024,27.7,ipu
EGY,2025,26.8,ipu
EMU,1997,16.3,ipu
EMU,1998,16.5,ipu
EMU,1999,17.6,ipu
EMU,2000,18.9,ipu
EMU,2001,19.5,ipu
EMU,2002,19.5,ipu
EMU,2003,21.0,ipu
EMU,2004,21.9,ipu
EMU,2005,22.1,ipu
EMU,2006,22.9,ipu
EMU,2007,24.4,ipu
EMU,2008,24.7,ipu
EMU,2009,25.2,ipu
EMU,2010,25.0,ipu
EMU,2011,25.7,ipu
EMU,2012,27.1,ipu
EMU,2013,29.5,ipu
EMU,2014,29.4,ipu
EMU,2015,29.2,ipu
EMU,2016,29.2,ipu
EMU,2017,30.4,ipu
EMU,2018,31.1,ipu
EMU,2019,32.6,ipu
EMU,2020,33.4,ipu
EMU,2021,33.9,ipu
EMU,2022,33.6,ipu
EMU,2023,34.0,ipu
EMU,2024,33.3,ipu
EMU,2025,33.4,ipu
ERI,1952,0.0,vdem
ERI,1953,0.0,vdem
ERI,1954,0.0,vdem
ERI,1955,0.0,vdem
ERI,1956,0.0,vdem
ERI,1957,0.0,vdem
ERI,1958,0.0,vdem
ERI,1959,0.0,vdem
ERI,1960,0.0,vdem
ERI,1961,0.0,vdem
ERI,1992,0.0,vdem
ERI,1993,0.0,vdem
ERI,1994,21.0,vdem
ERI,1995,21.0,vdem
ERI,1996,21.0,vdem
ERI,1997,21.0,ipu
ERI,1998,21.0,ipu
ERI,1999,14.7,ipu
ERI,2000,14.7,ipu
ERI,2001,14.7,ipu
ERI,2002,22.0,ipu
ERI,2003,22.0,ipu
ERI,2004,22.0,ipu
ERI,2005,22.0,ipu
ERI,2006,22.0,ipu
ERI,2007,22.0,ipu
ERI,2008,22.0,ipu
ERI,2009,22.0,ipu
ERI,2010,22.0,ipu
ERI,2011,22.0,ipu
ERI,2012,22.0,ipu
ERI,2013,22.0,ipu
ERI,2014,22.0,ipu
ERI,2015,22.0,ipu
ERI,2016,22.0,ipu
ERI,2017,22.0,ipu
ERI,2018,22.0,ipu
ERI,2019,22.0,ipu
ESP,1946,0.3,vdem
ESP,1947,0.3,vdem
ESP,1948,0.3,vdem
ESP,1949,0.3,vdem
ESP,1950,0.3,vdem
ESP,1951,0.3,vdem
ESP,1952,0.3,vdem
ESP,1953,0.3,vdem
ESP,1954,0.3,vdem
ESP,1955,0.3,vdem
ESP,1956,0.3,vdem
ESP,1957,0.3,vdem
ESP,1958,0.3,vdem
ESP,1959,0.3,vdem
ESP,1960,0.3,vdem
ESP,1961,0.4,vdem
ESP,1962,0.4,vdem
ESP,1963,0.4,vdem
ESP,1964,0.5,vdem
ESP,1965,0.5,vdem
ESP,1966,0.5,vdem
ESP,1967,1.0,vdem
ESP,1968,1.0,vdem
ESP,1969,1.0,vdem
ESP,1970,1.0,vdem
ESP,1971,1.1,vdem
ESP,1972,1.1,vdem
ESP,1973,1.1,vdem
ESP,1974,1.1,vdem
ESP,1975,1.1,vdem
ESP,1976,1.1,vdem
ESP,1977,6.0,vdem
ESP,1978,6.0,vdem
ESP,1979,5.4,vdem
ESP,1980,5.4,vdem
ESP,1981,5.4,vdem
ESP,1982,4.9,vdem
ESP,1983,4.9,vdem
ESP,1984,4.9,vdem
ESP,1985,4.9,vdem
ESP,1986,9.4,vdem
ESP,1987,9.4,vdem
ESP,1988,9.4,vdem
ESP,1989,14.6,vdem
ESP,1990,14.6,vdem
ESP,1991,14.6,vdem
ESP,1992,14.6,vdem
ESP,1993,16.0,vdem
ESP,1994,16.0,vdem
ESP,1995,16.0,vdem
ESP,1996,21.6,vdem
ESP,1997,24.7,ipu
ESP,1998,24.7,ipu
ESP,1999,21.6,ipu
ESP,2000,28.3,ipu
ESP,2001,28.3,ipu
ESP,2002,28.3,ipu
ESP,2003,28.3,ipu
ESP,2004,36.0,ipu
ESP,2005,36.0,ipu
ESP,2006,36.0,ipu
ESP,2007,36.6,ipu
ESP,2008,36.3,ipu
ESP,2009,36.6,ipu
ESP,2010,36.6,ipu
ESP,2011,36.0,ipu
ESP,2012,36.0,ipu
ESP,2013,36.0,ipu
ESP,2014,39.7,ipu
ESP,2015,41.1,ipu
ESP,2016,39.1,ipu
ESP,2017,39.1,ipu
ESP,2018,39.1,ipu
ESP,2019,44.0,ipu
ESP,2020,44.0,ipu
ESP,2021,43.4,ipu
ESP,2022,43.0,ipu
ESP,2023,44.3,ipu
ESP,2024,44.3,ipu
ESP,2025,44.3,ipu
EST,1946,17.0,vdem
EST,1947,17.0,vdem
EST,1948,17.0,vdem
EST,1949,17.0,vdem
EST,1950,19.6,vdem
EST,1951,19.6,vdem
EST,1952,19.6,vdem
EST,1953,19.6,vdem
EST,1954,24.0,vdem
EST,1955,24.0,vdem
EST,1956,24.0,vdem
EST,1957,24.0,vdem
EST,1958,25.7,vdem
EST,1959,25.7,vdem
EST,1960,25.7,vdem
EST,1961,25.7,vdem
EST,1962,27.2,vdem
EST,1963,27.2,vdem
EST,1964,27.2,vdem
EST,1965,27.2,vdem
EST,1966,28.9,vdem
EST,1967,28.9,vdem
EST,1968,28.9,vdem
EST,1969,28.9,vdem
EST,1970,30.2,vdem
EST,1971,30.2,vdem
EST,1972,30.2,vdem
EST,1973,30.2,vdem
EST,1974,30.5,vdem
EST,1975,30.5,vdem
EST,1976,30.5,vdem
EST,1977,30.5,vdem
EST,1978,30.5,vdem
EST,1979,32.0,vdem
EST,1980,32.0,vdem
EST,1981,32.0,vdem
EST,1982,32.0,vdem
EST,1983,32.0,vdem
EST,1984,31.1,vdem
EST,1985,31.1,vdem
EST,1986,31.1,vdem
EST,1987,31.1,vdem
EST,1988,31.1,vdem
EST,1989,20.3,vdem
EST,1990,0.0,vdem
EST,1992,13.7,vdem
EST,1993,13.7,vdem
EST,1994,13.7,vdem
EST,1995,12.9,vdem
EST,1996,12.9,vdem
EST,1997,10.9,ipu
EST,1998,10.9,ipu
EST,1999,17.8,ipu
EST,2000,17.8,ipu
EST,2001,17.8,ipu
EST,2002,17.8,ipu
EST,2003,18.8,ipu
EST,2004,18.8,ipu
EST,2005,18.8,ipu
EST,2006,18.8,ipu
EST,2007,20.8,ipu
EST,2008,20.8,ipu
EST,2009,22.8,ipu
EST,2010,22.8,ipu
EST,2011,19.8,ipu
EST,2012,20.8,ipu
EST,2013,20.8,ipu
EST,2014,19.0,ipu
EST,2015,23.8,ipu
EST,2016,23.8,ipu
EST,2017,26.7,ipu
EST,2018,26.7,ipu
EST,2019,29.7,ipu
EST,2020,28.7,ipu
EST,2021,25.7,ipu
EST,2022,25.7,ipu
EST,2023,28.7,ipu
EST,2024,29.7,ipu
EST,2025,28.7,ipu
ETH,1946,0.0,vdem
ETH,1947,0.0,vdem
ETH,1948,0.0,vdem
ETH,1949,0.0,vdem
ETH,1950,0.0,vdem
ETH,1951,0.0,vdem
ETH,1952,0.0,vdem
ETH,1953,0.0,vdem
ETH,1954,0.0,vdem
ETH,1955,0.0,vdem
ETH,1956,0.0,vdem
ETH,1957,1.0,vdem
ETH,1958,1.0,vdem
ETH,1959,1.0,vdem
ETH,1960,1.0,vdem
ETH,1961,1.2,vdem
ETH,1962,1.9,vdem
ETH,1963,1.9,vdem
ETH,1964,1.9,vdem
ETH,1965,0.8,vdem
ETH,1966,1.9,vdem
ETH,1967,1.9,vdem
ETH,1968,1.9,vdem
ETH,1969,2.0,vdem
ETH,1970,1.9,vdem
ETH,1971,1.9,vdem
ETH,1972,1.9,vdem
ETH,1973,3.2,vdem
ETH,1987,13.3,vdem
ETH,1988,0.1,vdem
ETH,1989,0.1,vdem
ETH,1990,0.1,vdem
ETH,1991,0.1,vdem
ETH,1992,0.1,vdem
ETH,1993,0.1,vdem
ETH,1995,2.4,vdem
ETH,1996,2.0,vdem
ETH,1997,2.0,ipu
ETH,1998,2.0,ipu
ETH,1999,2.0,ipu
ETH,2000,7.7,ipu
ETH,2001,7.7,ipu
ETH,2002,7.7,ipu
ETH,2003,7.7,ipu
ETH,2004,7.7,ipu
ETH,2005,21.4,ipu
ETH,2006,21.9,ipu
ETH,2007,21.9,ipu
ETH,2008,21.9,ipu
ETH,2009,21.9,ipu
ETH,2010,27.8,ipu
ETH,2011,27.8,ipu
ETH,2012,27.8,ipu
ETH,2013,27.8,ipu
ETH,2014,27.8,ipu
ETH,2015,38.8,ipu
ETH,2016,38.8,ipu
ETH,2017,38.8,ipu
ETH,2018,38.8,ipu
ETH,2019,38.8,ipu
ETH,2020,38.8,ipu
ETH,2021,42.6,ipu
ETH,2022,41.5,ipu
ETH,2023,41.3,ipu
ETH,2024,41.3,ipu
ETH,2025,41.9,ipu
EUU,1997,17.0,ipu
EUU,1998,17.1,ipu
EUU,1999,18.0,ipu
EUU,2000,19.6,ipu
EUU,2001,19.6,ipu
EUU,2002,20.3,ipu
EUU,2003,21.4,ipu
EUU,2004,22.1,ipu
EUU,2005,22.2,ipu
EUU,2006,22.9,ipu
EUU,2007,23.9,ipu
EUU,2008,24.2,ipu
EUU,2009,24.5,ipu
EUU,2010,24.4,ipu
EUU,2011,25.1,ipu
EUU,2012,26.0,ipu
EUU,2013,27.7,ipu
EUU,2014,28.2,ipu
EUU,2015,28.3,ipu
EUU,2016,28.3,ipu
EUU,2017,29.8,ipu
EUU,2018,30.5,ipu
EUU,2019,31.8,ipu
EUU,2020,32.4,ipu
EUU,2021,32.7,ipu
EUU,2022,32.6,ipu
EUU,2023,33.0,ipu
EUU,2024,32.6,ipu
EUU,2025,33.0,ipu
FIN,1946,9.0,vdem
FIN,1947,9.0,vdem
FIN,1948,9.0,vdem
FIN,1949,9.0,vdem
FIN,1950,9.0,vdem
FIN,1951,9.0,vdem
FIN,1952,9.0,vdem
FIN,1953,9.0,vdem
FIN,1954,15.0,vdem
FIN,1955,15.0,vdem
FIN,1956,15.0,vdem
FIN,1957,15.0,vdem
FIN,1958,15.0,vdem
FIN,1959,15.0,vdem
FIN,1960,15.0,vdem
FIN,1961,15.0,vdem
FIN,1962,14.0,vdem
FIN,1963,14.0,vdem
FIN,1964,14.0,vdem
FIN,1965,14.0,vdem
FIN,1966,16.5,vdem
FIN,1967,16.5,vdem
FIN,1968,16.5,vdem
FIN,1969,16.5,vdem
FIN,1970,16.5,vdem
FIN,1971,16.5,vdem
FIN,1972,21.5,vdem
FIN,1973,21.5,vdem
FIN,1974,21.5,vdem
FIN,1975,23.0,vdem
FIN,1976,23.0,vdem
FIN,1977,23.0,vdem
FIN,1978,23.0,vdem
FIN,1979,26.0,vdem
FIN,1980,26.0,vdem
FIN,1981,26.0,vdem
FIN,1982,26.0,vdem
FIN,1983,30.5,vdem
FIN,1984,30.5,vdem
FIN,1985,30.5,vdem
FIN,1986,30.5,vdem
FIN,1987,31.5,vdem
FIN,1988,31.5,vdem
FIN,1989,31.5,vdem
FIN,1990,31.5,vdem
FIN,1991,39.0,vdem
FIN,1992,39.0,vdem
FIN,1993,39.0,vdem
FIN,1994,39.0,vdem
FIN,1995,33.5,vdem
FIN,1996,33.5,vdem
FIN,1997,33.5,ipu
FIN,1998,33.5,ipu
FIN,1999,37.0,ipu
FIN,2000,36.5,ipu
FIN,2001,36.5,ipu
FIN,2002,36.5,ipu
FIN,2003,37.5,ipu
FIN,2004,37.5,ipu
FIN,2005,37.5,ipu
FIN,2006,38.0,ipu
FIN,2007,41.5,ipu
FIN,2008,41.5,ipu
FIN,2009,40.0,ipu
FIN,2010,40.0,ipu
FIN,2011,42.5,ipu
FIN,2012,42.5,ipu
FIN,2013,42.5,ipu
FIN,2014,42.5,ipu
FIN,2015,41.5,ipu
FIN,2016,41.5,ipu
FIN,2017,42.0,ipu
FIN,2018,42.0,ipu
FIN,2019,47.0,ipu
FIN,2020,46.0,ipu
FIN,2021,46.0,ipu
FIN,2022,45.5,ipu
FIN,2023,46.0,ipu
FIN,2024,46.0,ipu
FIN,2025,45.5,ipu
FJI,1946,0.0,vdem
FJI,1947,0.0,vdem
FJI,1948,0.0,vdem
FJI,1949,0.0,vdem
FJI,1950,0.0,vdem
FJI,1951,0.0,vdem
FJI,1952,0.0,vdem
FJI,1953,0.0,vdem
FJI,1954,0.0,vdem
FJI,1955,0.0,vdem
FJI,1956,0.0,vdem
FJI,1957,0.0,vdem
FJI,1958,0.0,vdem
FJI,1959,0.0,vdem
FJI,1960,0.0,vdem
FJI,1961,0.0,vdem
FJI,1962,0.0,vdem
FJI,1963,0.0,vdem
FJI,1964,0.0,vdem
FJI,1965,0.0,vdem
FJI,1966,0.0,vdem
FJI,1967,0.0,vdem
FJI,1968,0.0,vdem
FJI,1969,0.0,vdem
FJI,1972,3.8,vdem
FJI,1973,3.8,vdem
FJI,1974,3.8,vdem
FJI,1975,3.8,vdem
FJI,1976,3.8,vdem
FJI,1977,1.9,vdem
FJI,1978,1.9,vdem
FJI,1979,1.9,vdem
FJI,1980,1.9,vdem
FJI,1981,1.9,vdem
FJI,1982,1.9,vdem
FJI,1983,1.9,vdem
FJI,1984,1.9,vdem
FJI,1985,1.9,vdem
FJI,1986,1.9,vdem
FJI,1992,1.4,vdem
FJI,1993,1.4,vdem
FJI,1994,4.3,vdem
FJI,1995,4.3,vdem
FJI,1996,4.3,vdem
FJI,1997,4.3,ipu
FJI,1998,4.3,ipu
FJI,1999,11.3,ipu
FJI,2001,5.7,ipu
FJI,2002,5.7,ipu
FJI,2003,5.7,ipu
FJI,2004,8.5,ipu
FJI,2005,8.5,ipu
FJI,2014,14.0,ipu
FJI,2015,16.0,ipu
FJI,2016,16.0,ipu
FJI,2017,16.0,ipu
FJI,2018,19.6,ipu
FJI,2019,19.6,ipu
FJI,2020,19.6,ipu
FJI,2021,21.6,ipu
FJI,2022,19.6,ipu
FJI,2023,10.9,ipu
FJI,2024,9.1,ipu
FJI,2025,9.1,ipu
FRA,1946,7.0,vdem
FRA,1947,7.0,vdem
FRA,1948,7.0,vdem
FRA,1949,7.0,vdem
FRA,1950,7.0,vdem
FRA,1951,3.7,vdem
FRA,1952,3.7,vdem
FRA,1953,3.7,vdem
FRA,1954,3.7,vdem
FRA,1955,3.7,vdem
FRA,1956,3.2,vdem
FRA,1957,3.2,vdem
FRA,1958,1.5,vdem
FRA,1959,1.5,vdem
FRA,1960,1.5,vdem
FRA,1961,1.5,vdem
FRA,1962,1.9,vdem
FRA,1963,1.9,vdem
FRA,1964,1.9,vdem
FRA,1965,1.9,vdem
FRA,1966,1.9,vdem
FRA,1967,2.3,vdem
FRA,1968,2.1,vdem
FRA,1969,2.1,vdem
FRA,1970,2.1,vdem
FRA,1971,2.1,vdem
FRA,1972,2.1,vdem
FRA,1973,2.7,vdem
FRA,1974,2.7,vdem
FRA,1975,2.7,vdem
FRA,1976,2.7,vdem
FRA,1977,2.7,vdem
FRA,1978,4.3,vdem
FRA,1979,4.3,vdem
FRA,1980,4.3,vdem
FRA,1981,7.1,vdem
FRA,1982,7.1,vdem
FRA,1983,7.1,vdem
FRA,1984,7.1,vdem
FRA,1985,7.1,vdem
FRA,1986,6.6,vdem
FRA,1987,6.6,vdem
FRA,1988,6.9,vdem
FRA,1989,6.9,vdem
FRA,1990,6.9,vdem
FRA,1991,6.9,vdem
FRA,1992,6.9,vdem
FRA,1993,6.4,vdem
FRA,1994,6.4,vdem
FRA,1995,6.4,vdem
FRA,1996,6.4,vdem
FRA,1997,10.9,ipu
FRA,1998,10.9,ipu
FRA,1999,10.9,ipu
FRA,2000,10.9,ipu
FRA,2001,10.9,ipu
FRA,2002,12.1,ipu
FRA,2003,12.2,ipu
FRA,2004,12.2,ipu
FRA,2005,12.2,ipu
FRA,2006,12.2,ipu
FRA,2007,18.2,ipu
FRA,2008,18.2,ipu
FRA,2009,18.9,ipu
FRA,2010,18.9,ipu
FRA,2011,18.9,ipu
FRA,2012,26.9,ipu
FRA,2013,26.9,ipu
FRA,2014,26.2,ipu
FRA,2015,26.2,ipu
FRA,2016,26.2,ipu
FRA,2017,39.0,ipu
FRA,2018,39.6,ipu
FRA,2019,39.7,ipu
FRA,2020,39.5,ipu
FRA,2021,39.5,ipu
FRA,2022,37.3,ipu
FRA,2023,37.8,ipu
FRA,2024,36.0,ipu
FRA,2025,36.2,ipu
FSM,1997,0.0,ipu
FSM,1998,0.0,ipu
FSM,1999,0.0,ipu
FSM,2000,0.0,ipu
FSM,2001,0.0,ipu
FSM,2002,0.0,ipu
FSM,2003,0.0,ipu
FSM,2004,0.0,ipu
FSM,2005,0.0,ipu
FSM,2006,0.0,ipu
FSM,2007,0.0,ipu
FSM,2008,0.0,ipu
FSM,2009,0.0,ipu
FSM,2010,0.0,ipu
FSM,2011,0.0,ipu
FSM,2012,0.0,ipu
FSM,2013,0.0,ipu
FSM,2014,0.0,ipu
FSM,2015,0.0,ipu
FSM,2016,0.0,ipu
FSM,2017,0.0,ipu
FSM,2018,0.0,ipu
FSM,2019,0.0,ipu
FSM,2020,0.0,ipu
FSM,2021,7.1,ipu
FSM,2022,7.1,ipu
FSM,2023,14.3,ipu
FSM,2024,15.4,ipu
FSM,2025,21.4,ipu
GAB,1946,0.0,vdem
GAB,1947,0.0,vdem
GAB,1948,0.0,vdem
GAB,1949,0.0,vdem
GAB,1950,0.0,vdem
GAB,1951,0.0,vdem
GAB,1952,0.0,vdem
GAB,1953,0.0,vdem
GAB,1954,0.0,vdem
GAB,1955,0.0,vdem
GAB,1956,0.0,vdem
GAB,1957,2.5,vdem
GAB,1958,0.0,vdem
GAB,1959,0.0,vdem
GAB,1960,2.5,vdem
GAB,1961,1.5,vdem
GAB,1962,1.5,vdem
GAB,1963,1.5,vdem
GAB,1964,1.5,vdem
GAB,1965,1.5,vdem
GAB,1966,1.5,vdem
GAB,1967,0.0,vdem
GAB,1968,0.0,vdem
GAB,1969,0.0,vdem
GAB,1970,0.0,vdem
GAB,1971,0.0,vdem
GAB,1972,0.0,vdem
GAB,1973,4.3,vdem
GAB,1974,4.3,vdem
GAB,1975,4.3,vdem
GAB,1976,4.3,vdem
GAB,1977,4.3,vdem
GAB,1978,4.3,vdem
GAB,1979,4.3,vdem
GAB,1980,13.5,vdem
GAB,1981,14.0,vdem
GAB,1982,14.0,vdem
GAB,1983,14.0,vdem
GAB,1984,14.0,vdem
GAB,1985,13.3,vdem
GAB,1986,13.3,vdem
GAB,1987,13.3,vdem
GAB,1988,13.3,vdem
GAB,1989,13.3,vdem
GAB,1990,5.8,vdem
GAB,1991,5.9,vdem
GAB,1992,5.9,vdem
GAB,1993,5.9,vdem
GAB,1994,5.9,vdem
GAB,1995,5.9,vdem
GAB,1996,5.0,vdem
GAB,1997,8.3,ipu
GAB,1998,8.3,ipu
GAB,1999,8.3,ipu
GAB,2000,9.2,ipu
GAB,2001,9.2,ipu
GAB,2002,9.2,ipu
GAB,2003,9.2,ipu
GAB,2004,9.2,ipu
GAB,2005,9.2,ipu
GAB,2006,12.5,ipu
GAB,2007,16.7,ipu
GAB,2008,16.7,ipu
GAB,2009,14.7,ipu
GAB,2010,14.7,ipu
GAB,2011,14.2,ipu
GAB,2012,15.8,ipu
GAB,2013,15.8,ipu
GAB,2014,15.0,ipu
GAB,2015,14.2,ipu
GAB,2016,14.2,ipu
GAB,2017,17.1,ipu
GAB,2018,17.9,vdem
GAB,2019,17.9,ipu
GAB,2020,14.8,ipu
GAB,2021,16.2,ipu
GAB,2022,15.4,ipu
GAB,2023,24.5,ipu
GAB,2024,25.5,ipu
GAB,2025,21.6,ipu
GBR,1946,3.8,vdem
GBR,1947,3.8,vdem
GBR,1948,3.8,vdem
GBR,1949,3.8,vdem
GBR,1950,3.3,vdem
GBR,1951,2.7,vdem
GBR,1952,2.7,vdem
GBR,1953,2.7,vdem
GBR,1954,2.7,vdem
GBR,1955,3.8,vdem
GBR,1956,3.8,vdem
GBR,1957,3.8,vdem
GBR,1958,3.8,vdem
GBR,1959,3.9,vdem
GBR,1960,3.9,vdem
GBR,1961,3.9,vdem
GBR,1962,3.9,vdem
GBR,1963,3.9,vdem
GBR,1964,4.4,vdem
GBR,1965,4.4,vdem
GBR,1966,4.1,vdem
GBR,1967,4.1,vdem
GBR,1968,4.1,vdem
GBR,1969,4.1,vdem
GBR,1970,4.1,vdem
GBR,1971,4.1,vdem
GBR,1972,4.1,vdem
GBR,1973,4.1,vdem
GBR,1974,3.6,vdem
GBR,1975,4.3,vdem
GBR,1976,4.3,vdem
GBR,1977,4.3,vdem
GBR,1978,4.3,vdem
GBR,1979,3.0,vdem
GBR,1980,3.0,vdem
GBR,1981,3.0,vdem
GBR,1982,3.0,vdem
GBR,1983,3.5,vdem
GBR,1984,3.5,vdem
GBR,1985,3.5,vdem
GBR,1986,3.5,vdem
GBR,1987,6.3,vdem
GBR,1988,6.3,vdem
GBR,1989,6.3,vdem
GBR,1990,6.8,vdem
GBR,1991,6.8,vdem
GBR,1992,9.2,vdem
GBR,1993,9.2,vdem
GBR,1994,9.5,vdem
GBR,1995,9.5,vdem
GBR,1996,9.5,vdem
GBR,1997,18.2,ipu
GBR,1998,18.2,ipu
GBR,1999,18.4,ipu
GBR,2000,18.4,ipu
GBR,2001,17.9,ipu
GBR,2002,17.9,ipu
GBR,2003,17.9,ipu
GBR,2004,18.1,ipu
GBR,2005,19.7,ipu
GBR,2006,19.7,ipu
GBR,2007,19.5,ipu
GBR,2008,19.5,ipu
GBR,2009,19.5,ipu
GBR,2010,22.0,ipu
GBR,2011,22.3,ipu
GBR,2012,22.5,ipu
GBR,2013,22.5,ipu
GBR,2014,22.6,ipu
GBR,2015,29.4,ipu
GBR,2016,29.6,ipu
GBR,2017,32.0,ipu
GBR,2018,32.2,ipu
GBR,2019,32.0,ipu
GBR,2020,33.8,ipu
GBR,2021,34.3,ipu
GBR,2022,34.6,ipu
GBR,2023,34.6,ipu
GBR,2024,40.5,ipu
GBR,2025,40.5,ipu
GEO,1946,17.0,vdem
GEO,1947,17.0,vdem
GEO,1948,17.0,vdem
GEO,1949,17.0,vdem
GEO,1950,19.6,vdem
GEO,1951,19.6,vdem
GEO,1952,19.6,vdem
GEO,1953,19.6,vdem
GEO,1954,24.0,vdem
GEO,1955,24.0,vdem
GEO,1956,24.0,vdem
GEO,1957,24.0,vdem
GEO,1958,25.7,vdem
GEO,1959,25.7,vdem
GEO,1960,25.7,vdem
GEO,1961,25.7,vdem
GEO,1962,27.2,vdem
GEO,1963,27.2,vdem
GEO,1964,27.2,vdem
GEO,1965,27.2,vdem
GEO,1966,28.9,vdem
GEO,1967,28.9,vdem
GEO,1968,28.9,vdem
GEO,1969,28.9,vdem
GEO,1970,30.2,vdem
GEO,1971,30.2,vdem
GEO,1972,30.2,vdem
GEO,1973,30.2,vdem
GEO,1974,30.5,vdem
GEO,1975,30.5,vdem
GEO,1976,30.5,vdem
GEO,1977,30.5,vdem
GEO,1978,30.5,vdem
GEO,1979,32.0,vdem
GEO,1980,32.0,vdem
GEO,1981,32.0,vdem
GEO,1982,32.0,vdem
GEO,1983,32.0,vdem
GEO,1984,31.1,vdem
GEO,1985,31.1,vdem
GEO,1986,31.1,vdem
GEO,1987,31.1,vdem
GEO,1988,31.1,vdem
GEO,1989,20.3,vdem
GEO,1990,0.0,vdem
GEO,1991,7.2,vdem
GEO,1993,6.3,vdem
GEO,1994,6.3,vdem
GEO,1995,6.9,vdem
GEO,1996,6.9,vdem
GEO,1997,6.9,ipu
GEO,1998,6.9,ipu
GEO,1999,7.2,vdem
GEO,2000,7.2,ipu
GEO,2001,7.2,ipu
GEO,2002,7.2,ipu
GEO,2003,7.2,ipu
GEO,2004,9.4,ipu
GEO,2005,9.4,ipu
GEO,2006,9.4,ipu
GEO,2007,9.4,ipu
GEO,2008,6.0,ipu
GEO,2009,5.1,ipu
GEO,2010,6.5,ipu
GEO,2011,6.6,ipu
GEO,2012,12.0,ipu
GEO,2013,12.0,ipu
GEO,2014,12.0,ipu
GEO,2015,11.3,ipu
GEO,2016,16.0,ipu
GEO,2017,16.0,ipu
GEO,2018,16.0,ipu
GEO,2019,14.8,ipu
GEO,2020,20.7,ipu
GEO,2021,19.3,ipu
GEO,2022,19.0,ipu
GEO,2023,18.4,ipu
GEO,2024,22.7,ipu
GEO,2025,16.8,ipu
GER,1949,6.8,vdem
GER,1950,6.8,vdem
GER,1951,6.8,vdem
GER,1952,6.8,vdem
GER,1953,8.8,vdem
GER,1954,8.8,vdem
GER,1955,8.8,vdem
GER,1956,8.8,vdem
GER,1957,9.2,vdem
GER,1958,9.2,vdem
GER,1959,9.2,vdem
GER,1960,9.2,vdem
GER,1961,8.3,vdem
GER,1962,8.3,vdem
GER,1963,8.3,vdem
GER,1964,8.3,vdem
GER,1965,6.9,vdem
GER,1966,6.9,vdem
GER,1967,6.9,vdem
GER,1968,6.9,vdem
GER,1969,6.6,vdem
GER,1970,6.6,vdem
GER,1971,6.6,vdem
GER,1972,5.8,vdem
GER,1973,5.8,vdem
GER,1974,5.8,vdem
GER,1975,5.8,vdem
GER,1976,7.3,vdem
GER,1977,7.3,vdem
GER,1978,7.3,vdem
GER,1979,7.3,vdem
GER,1980,8.5,vdem
GER,1981,8.5,vdem
GER,1982,8.5,vdem
GER,1983,9.8,vdem
GER,1984,9.8,vdem
GER,1985,9.8,vdem
GER,1986,9.8,vdem
GER,1987,15.4,vdem
GER,1988,15.4,vdem
GER,1989,15.4,vdem
GER,1990,20.5,vdem
GHA,1951,0.0,vdem
GHA,1952,0.0,vdem
GHA,1953,0.0,vdem
GHA,1954,0.0,vdem
GHA,1955,0.0,vdem
GHA,1956,0.0,vdem
GHA,1957,0.0,vdem
GHA,1958,0.0,vdem
GHA,1959,0.0,vdem
GHA,1960,9.6,vdem
GHA,1961,9.6,vdem
GHA,1962,9.6,vdem
GHA,1963,9.6,vdem
GHA,1964,9.6,vdem
GHA,1965,9.6,vdem
GHA,1969,1.4,vdem
GHA,1970,1.4,vdem
GHA,1971,1.4,vdem
GHA,1979,2.9,vdem
GHA,1980,3.6,vdem
GHA,1993,8.0,vdem
GHA,1994,8.0,vdem
GHA,1995,8.0,vdem
GHA,1996,9.0,vdem
GHA,1997,9.0,ipu
GHA,1998,9.0,ipu
GHA,1999,9.0,ipu
GHA,2000,9.0,vdem
GHA,2001,9.0,ipu
GHA,2002,9.0,ipu
GHA,2003,9.0,ipu
GHA,2004,10.9,ipu
GHA,2005,10.9,ipu
GHA,2006,10.9,ipu
GHA,2007,10.9,ipu
GHA,2008,7.9,ipu
GHA,2009,8.3,ipu
GHA,2010,8.3,ipu
GHA,2011,8.3,ipu
GHA,2012,10.9,vdem
GHA,2013,10.9,ipu
GHA,2014,10.9,ipu
GHA,2015,10.9,ipu
GHA,2016,10.9,ipu
GHA,2017,12.7,ipu
GHA,2018,12.7,ipu
GHA,2019,13.1,ipu
GHA,2020,13.1,ipu
GHA,2021,14.5,ipu
GHA,2022,14.5,ipu
GHA,2023,14.5,ipu
GHA,2024,14.5,ipu
GHA,2025,14.5,ipu
GIN,1946,0.0,vdem
GIN,1947,0.0,vdem
GIN,1948,0.0,vdem
GIN,1949,0.0,vdem
GIN,1950,0.0,vdem
GIN,1951,0.0,vdem
GIN,1952,0.0,vdem
GIN,1953,0.0,vdem
GIN,1954,0.0,vdem
GIN,1955,0.0,vdem
GIN,1956,0.0,vdem
GIN,1957,0.0,vdem
GIN,1958,0.0,vdem
GIN,1959,0.0,vdem
GIN,1960,0.0,vdem
GIN,1961,0.0,vdem
GIN,1962,0.0,vdem
GIN,1963,18.7,vdem
GIN,1964,18.7,vdem
GIN,1965,18.7,vdem
GIN,1966,18.7,vdem
GIN,1967,18.7,vdem
GIN,1968,21.3,vdem
GIN,1969,21.3,vdem
GIN,1970,21.3,vdem
GIN,1971,21.3,vdem
GIN,1972,21.3,vdem
GIN,1973,21.3,vdem
GIN,1974,16.7,vdem
GIN,1975,16.7,vdem
GIN,1976,16.7,vdem
GIN,1977,16.7,vdem
GIN,1978,16.7,vdem
GIN,1979,16.7,vdem
GIN,1980,16.7,vdem
GIN,1981,16.7,vdem
GIN,1982,16.7,vdem
GIN,1983,16.7,vdem
GIN,1991,16.7,vdem
GIN,1992,16.7,vdem
GIN,1993,16.7,vdem
GIN,1994,16.7,vdem
GIN,1995,7.0,vdem
GIN,1996,7.0,vdem
GIN,1997,7.0,ipu
GIN,1998,8.8,ipu
GIN,1999,8.8,ipu
GIN,2000,8.8,ipu
GIN,2001,8.8,ipu
GIN,2002,19.3,vdem
GIN,2003,19.3,ipu
GIN,2004,19.3,ipu
GIN,2005,19.3,ipu
GIN,2006,19.3,ipu
GIN,2007,19.3,ipu
GIN,2014,21.9,ipu
GIN,2015,21.9,ipu
GIN,2016,21.9,ipu
GIN,2017,21.9,ipu
GIN,2018,21.9,ipu
GIN,2019,22.8,ipu
GIN,2020,16.7,ipu
GIN,2022,29.6,ipu
GIN,2023,29.6,ipu
GIN,2024,29.6,ipu
GIN,2025,29.6,ipu
GMB,1946,0.0,vdem
GMB,1947,0.0,vdem
GMB,1948,0.0,vdem
GMB,1949,0.0,vdem
GMB,1950,0.0,vdem
GMB,1951,0.0,vdem
GMB,1952,0.0,vdem
GMB,1953,0.0,vdem
GMB,1954,0.0,vdem
GMB,1955,0.0,vdem
GMB,1956,0.0,vdem
GMB,1957,0.0,vdem
GMB,1958,0.0,vdem
GMB,1959,0.0,vdem
GMB,1960,0.0,vdem
GMB,1961,0.0,vdem
GMB,1962,0.0,vdem
GMB,1963,0.0,vdem
GMB,1964,0.0,vdem
GMB,1965,0.0,vdem
GMB,1966,0.0,vdem
GMB,1967,0.0,vdem
GMB,1968,0.0,vdem
GMB,1969,0.0,vdem
GMB,1970,0.0,vdem
GMB,1971,0.0,vdem
GMB,1972,0.0,vdem
GMB,1973,0.0,vdem
GMB,1974,0.0,vdem
GMB,1975,0.0,vdem
GMB,1976,0.0,vdem
GMB,1977,0.0,vdem
GMB,1978,0.0,vdem
GMB,1979,0.0,vdem
GMB,1980,0.0,vdem
GMB,1981,0.0,vdem
GMB,1982,5.7,vdem
GMB,1983,6.1,vdem
GMB,1984,6.1,vdem
GMB,1985,6.1,vdem
GMB,1986,6.1,vdem
GMB,1987,8.3,vdem
GMB,1988,7.8,vdem
GMB,1989,7.8,vdem
GMB,1990,7.8,vdem
GMB,1991,7.8,vdem
GMB,1992,11.1,vdem
GMB,1993,7.8,vdem
GMB,1997,2.0,ipu
GMB,1998,2.0,ipu
GMB,1999,2.0,ipu
GMB,2000,2.0,ipu
GMB,2001,2.0,ipu
GMB,2002,5.7,ipu
GMB,2003,13.2,ipu
GMB,2004,13.2,ipu
GMB,2005,13.2,ipu
GMB,2006,13.2,ipu
GMB,2007,9.4,ipu
GMB,2008,9.4,ipu
GMB,2009,7.5,ipu
GMB,2010,7.5,ipu
GMB,2011,7.5,ipu
GMB,2012,7.5,ipu
GMB,2013,7.5,ipu
GMB,2014,9.4,ipu
GMB,2015,9.4,ipu
GMB,2016,9.4,ipu
GMB,2017,10.3,ipu
GMB,2018,10.3,ipu
GMB,2019,10.3,ipu
GMB,2020,8.6,ipu
GMB,2021,8.6,ipu
GMB,2022,8.6,ipu
GMB,2023,8.6,ipu
GMB,2024,8.6,vdem
GMB,2025,8.6,ipu
GNB,1972,8.3,vdem
GNB,1973,8.3,vdem
GNB,1974,8.3,vdem
GNB,1975,8.3,vdem
GNB,1976,12.7,vdem
GNB,1977,12.7,vdem
GNB,1978,12.7,vdem
GNB,1979,12.7,vdem
GNB,1980,12.7,vdem
GNB,1981,12.7,vdem
GNB,1982,12.7,vdem
GNB,1983,12.7,vdem
GNB,1984,14.7,vdem
GNB,1985,14.7,vdem
GNB,1986,14.7,vdem
GNB,1987,14.7,vdem
GNB,1988,14.7,vdem
GNB,1989,20.0,vdem
GNB,1990,20.0,vdem
GNB,1991,20.0,vdem
GNB,1992,20.0,vdem
GNB,1993,20.0,vdem
GNB,1994,10.0,vdem
GNB,1995,10.0,vdem
GNB,1996,10.0,vdem
GNB,1997,10.0,ipu
GNB,1998,10.0,ipu
GNB,1999,7.8,vdem
GNB,2000,7.8,ipu
GNB,2001,7.8,ipu
GNB,2002,7.8,ipu
GNB,2004,14.0,ipu
GNB,2005,14.0,ipu
GNB,2006,14.0,ipu
GNB,2007,14.0,ipu
GNB,2008,10.0,ipu
GNB,2009,10.0,ipu
GNB,2010,10.0,ipu
GNB,2011,10.0,ipu
GNB,2012,14.0,ipu
GNB,2013,14.0,ipu
GNB,2014,13.7,ipu
GNB,2015,13.7,ipu
GNB,2016,13.7,ipu
GNB,2017,13.7,ipu
GNB,2018,13.7,ipu
GNB,2019,13.7,ipu
GNB,2020,13.7,ipu
GNB,2021,13.7,ipu
GNB,2022,13.7,ipu
GNB,2023,9.8,ipu
GNB,2024,9.8,ipu
GNQ,1960,0.0,vdem
GNQ,1961,0.0,vdem
GNQ,1962,0.0,vdem
GNQ,1963,0.0,vdem
GNQ,1964,0.0,vdem
GNQ,1965,0.0,vdem
GNQ,1966,0.0,vdem
GNQ,1967,0.0,vdem
GNQ,1968,5.7,vdem
GNQ,1969,5.7,vdem
GNQ,1970,5.7,vdem
GNQ,1973,5.7,vdem
GNQ,1974,5.7,vdem
GNQ,1975,5.7,vdem
GNQ,1976,5.7,vdem
GNQ,1977,5.7,vdem
GNQ,1978,5.7,vdem
GNQ,1983,2.4,vdem
GNQ,1984,3.3,vdem
GNQ,1985,3.3,vdem
GNQ,1986,3.3,vdem
GNQ,1987,3.3,vdem
GNQ,1988,13.3,vdem
GNQ,1989,13.3,vdem
GNQ,1990,13.3,vdem
GNQ,1991,13.3,vdem
GNQ,1992,13.3,vdem
GNQ,1993,8.8,vdem
GNQ,1994,7.5,vdem
GNQ,1995,7.5,vdem
GNQ,1996,7.5,vdem
GNQ,1997,8.8,ipu
GNQ,1998,8.8,ipu
GNQ,1999,5.0,ipu
GNQ,2000,5.0,ipu
GNQ,2001,5.0,ipu
GNQ,2002,5.0,ipu
GNQ,2003,5.0,ipu
GNQ,2004,18.0,ipu
GNQ,2005,18.0,ipu
GNQ,2006,18.0,ipu
GNQ,2007,18.0,ipu
GNQ,2008,6.0,ipu
GNQ,2009,10.0,ipu
GNQ,2010,10.0,ipu
GNQ,2011,10.0,ipu
GNQ,2012,10.0,ipu
GNQ,2013,12.1,ipu
GNQ,2014,24.0,ipu
GNQ,2015,24.0,ipu
GNQ,2016,24.0,ipu
GNQ,2017,20.0,vdem
GNQ,2018,20.0,ipu
GNQ,2019,21.0,ipu
GNQ,2020,21.0,ipu
GNQ,2021,23.0,ipu
GNQ,2022,31.0,ipu
GNQ,2023,31.0,ipu
GNQ,2024,32.0,ipu
GNQ,2025,31.0,ipu
GRC,1946,0.0,vdem
GRC,1947,0.0,vdem
GRC,1948,0.0,vdem
GRC,1949,0.0,vdem
GRC,1950,0.0,vdem
GRC,1951,0.0,vdem
GRC,1952,0.3,vdem
GRC,1953,0.3,vdem
GRC,1954,0.3,vdem
GRC,1955,0.3,vdem
GRC,1956,0.7,vdem
GRC,1957,0.7,vdem
GRC,1958,1.3,vdem
GRC,1959,1.3,vdem
GRC,1960,1.3,vdem
GRC,1961,0.7,vdem
GRC,1962,0.7,vdem
GRC,1963,0.3,vdem
GRC,1964,0.7,vdem
GRC,1965,0.7,vdem
GRC,1966,0.7,vdem
GRC,1974,2.0,vdem
GRC,1975,2.0,vdem
GRC,1976,2.0,vdem
GRC,1977,3.3,vdem
GRC,1978,3.3,vdem
GRC,1979,3.3,vdem
GRC,1980,3.3,vdem
GRC,1981,4.3,vdem
GRC,1982,4.3,vdem
GRC,1983,4.3,vdem
GRC,1984,4.3,vdem
GRC,1985,4.3,vdem
GRC,1986,4.3,vdem
GRC,1987,4.3,vdem
GRC,1988,4.3,vdem
GRC,1989,6.7,vdem
GRC,1990,5.3,vdem
GRC,1991,5.3,vdem
GRC,1992,4.7,vdem
GRC,1993,6.0,vdem
GRC,1994,6.0,vdem
GRC,1995,6.0,vdem
GRC,1996,6.3,vdem
GRC,1997,6.3,ipu
GRC,1998,6.3,ipu
GRC,1999,6.3,ipu
GRC,2000,8.7,ipu
GRC,2001,8.7,ipu
GRC,2002,8.7,ipu
GRC,2003,8.7,ipu
GRC,2004,14.0,ipu
GRC,2005,13.0,ipu
GRC,2006,13.0,ipu
GRC,2007,14.7,ipu
GRC,2008,14.7,ipu
GRC,2009,17.3,ipu
GRC,2010,17.3,ipu
GRC,2011,18.7,ipu
GRC,2012,21.0,ipu
GRC,2013,21.0,ipu
GRC,2014,21.0,ipu
GRC,2015,19.7,ipu
GRC,2016,19.7,ipu
GRC,2017,18.3,ipu
GRC,2018,18.7,ipu
GRC,2019,20.7,ipu
GRC,2020,21.7,ipu
GRC,2021,21.7,ipu
GRC,2022,21.0,ipu
GRC,2023,23.0,ipu
GRC,2024,23.0,ipu
GRC,2025,22.9,ipu
GRD,1997,20.0,ipu
GRD,1998,20.0,ipu
GRD,2000,26.7,ipu
GRD,2001,26.7,ipu
GRD,2002,26.7,ipu
GRD,2003,26.7,ipu
GRD,2004,26.7,ipu
GRD,2005,26.7,ipu
GRD,2006,26.7,ipu
GRD,2007,26.7,ipu
GRD,2008,13.3,ipu
GRD,2009,13.3,ipu
GRD,2010,13.3,ipu
GRD,2011,13.3,ipu
GRD,2012,13.3,ipu
GRD,2013,33.3,ipu
GRD,2014,33.3,ipu
GRD,2015,33.3,ipu
GRD,2016,33.3,ipu
GRD,2017,33.3,ipu
GRD,2018,46.7,ipu
GRD,2019,46.7,ipu
GRD,2020,46.7,ipu
GRD,2021,46.7,ipu
GRD,2022,31.2,ipu
GRD,2023,31.2,ipu
GRD,2024,31.2,ipu
GRD,2025,31.2,ipu
GTM,1946,0.0,vdem
GTM,1947,0.0,vdem
GTM,1948,0.0,vdem
GTM,1949,0.0,vdem
GTM,1950,0.0,vdem
GTM,1951,0.0,vdem
GTM,1952,0.0,vdem
GTM,1953,0.0,vdem
GTM,1955,0.0,vdem
GTM,1956,1.5,vdem
GTM,1957,1.5,vdem
GTM,1958,0.0,vdem
GTM,1959,0.0,vdem
GTM,1960,0.0,vdem
GTM,1961,0.0,vdem
GTM,1962,0.0,vdem
GTM,1966,1.8,vdem
GTM,1967,1.8,vdem
GTM,1968,1.8,vdem
GTM,1969,1.8,vdem
GTM,1970,2.0,vdem
GTM,1971,2.0,vdem
GTM,1972,2.0,vdem
GTM,1973,2.0,vdem
GTM,1974,4.0,vdem
GTM,1975,4.0,vdem
GTM,1976,4.0,vdem
GTM,1977,4.0,vdem
GTM,1978,3.2,vdem
GTM,1979,3.2,vdem
GTM,1980,3.2,vdem
GTM,1981,3.2,vdem
GTM,1986,7.0,vdem
GTM,1987,7.0,vdem
GTM,1988,7.0,vdem
GTM,1989,7.0,vdem
GTM,1990,5.2,vdem
GTM,1991,5.2,vdem
GTM,1992,5.2,vdem
GTM,1993,5.2,vdem
GTM,1994,7.5,vdem
GTM,1995,12.5,vdem
GTM,1996,12.5,vdem
GTM,1997,12.5,ipu
GTM,1998,12.5,ipu
GTM,1999,7.1,ipu
GTM,2000,8.8,ipu
GTM,2001,8.8,ipu
GTM,2002,8.8,ipu
GTM,2003,8.2,ipu
GTM,2004,8.2,ipu
GTM,2005,8.2,ipu
GTM,2006,8.2,ipu
GTM,2007,12.0,ipu
GTM,2008,12.0,ipu
GTM,2009,12.0,ipu
GTM,2010,12.0,ipu
GTM,2011,13.3,ipu
GTM,2012,13.3,ipu
GTM,2013,13.3,ipu
GTM,2014,13.3,ipu
GTM,2015,13.9,ipu
GTM,2016,13.9,ipu
GTM,2017,12.7,ipu
GTM,2018,12.7,ipu
GTM,2019,19.4,ipu
GTM,2020,19.4,ipu
GTM,2021,19.4,ipu
GTM,2022,19.4,ipu
GTM,2023,20.0,ipu
GTM,2024,20.0,ipu
GTM,2025,20.0,ipu
GUY,1946,0.0,vdem
GUY,1947,0.0,vdem
GUY,1948,0.0,vdem
GUY,1949,0.0,vdem
GUY,1950,0.0,vdem
GUY,1951,0.0,vdem
GUY,1952,0.0,vdem
GUY,1968,11.9,vdem
GUY,1969,11.9,vdem
GUY,1970,11.9,vdem
GUY,1971,11.9,vdem
GUY,1972,11.9,vdem
GUY,1973,11.9,vdem
GUY,1974,11.9,vdem
GUY,1975,11.9,vdem
GUY,1976,11.9,vdem
GUY,1977,11.9,vdem
GUY,1978,11.9,vdem
GUY,1979,11.9,vdem
GUY,1980,21.5,vdem
GUY,1981,21.5,vdem
GUY,1982,21.5,vdem
GUY,1983,21.5,vdem
GUY,1984,21.5,vdem
GUY,1985,36.9,vdem
GUY,1986,36.9,vdem
GUY,1987,36.9,vdem
GUY,1988,36.9,vdem
GUY,1989,36.9,vdem
GUY,1990,36.9,vdem
GUY,1991,36.9,vdem
GUY,1992,20.0,vdem
GUY,1993,20.0,vdem
GUY,1994,20.0,vdem
GUY,1995,20.0,vdem
GUY,1996,20.0,vdem
GUY,1997,18.5,vdem
GUY,1998,18.5,vdem
GUY,1999,18.5,ipu
GUY,2000,18.5,ipu
GUY,2001,18.5,ipu
GUY,2002,20.0,ipu
GUY,2003,20.0,ipu
GUY,2004,30.8,ipu
GUY,2005,30.8,ipu
GUY,2006,29.0,ipu
GUY,2007,29.0,ipu
GUY,2008,30.0,ipu
GUY,2009,30.0,ipu
GUY,2010,30.0,ipu
GUY,2011,31.3,ipu
GUY,2012,31.3,ipu
GUY,2013,31.3,ipu
GUY,2014,31.3,ipu
GUY,2015,30.4,ipu
GUY,2016,30.4,ipu
GUY,2017,31.9,ipu
GUY,2018,31.9,ipu
GUY,2019,31.9,ipu
GUY,2020,35.7,ipu
GUY,2021,35.7,ipu
GUY,2022,35.4,ipu
GUY,2023,36.6,ipu
GUY,2024,39.4,ipu
GUY,2025,36.1,ipu
HKG,1946,0.0,vdem
HKG,1947,0.0,vdem
HKG,1948,0.0,vdem
HKG,1949,0.0,vdem
HKG,1950,0.0,vdem
HKG,1951,0.0,vdem
HKG,1952,0.0,vdem
HKG,1953,0.0,vdem
HKG,1954,0.0,vdem
HKG,1955,0.0,vdem
HKG,1956,0.0,vdem
HKG,1957,0.0,vdem
HKG,1958,0.0,vdem
HKG,1959,0.0,vdem
HKG,1960,0.0,vdem
HKG,1961,0.0,vdem
HKG,1962,0.0,vdem
HKG,1963,0.0,vdem
HKG,1964,0.0,vdem
HKG,1965,4.0,vdem
HKG,1966,4.0,vdem
HKG,1967,4.0,vdem
HKG,1968,4.0,vdem
HKG,1969,4.0,vdem
HKG,1970,4.0,vdem
HKG,1971,4.0,vdem
HKG,1972,4.0,vdem
HKG,1973,4.0,vdem
HKG,1974,4.0,vdem
HKG,1975,4.0,vdem
HKG,1976,7.0,vdem
HKG,1977,7.0,vdem
HKG,1978,7.0,vdem
HKG,1979,7.0,vdem
HKG,1980,7.0,vdem
HKG,1981,7.0,vdem
HKG,1982,7.0,vdem
HKG,1983,7.0,vdem
HKG,1984,7.0,vdem
HKG,1985,7.0,vdem
HKG,1986,7.0,vdem
HKG,1987,7.0,vdem
HKG,1988,22.8,vdem
HKG,1989,22.8,vdem
HKG,1990,22.8,vdem
HKG,1991,13.1,vdem
HKG,1992,13.1,vdem
HKG,1993,13.1,vdem
HKG,1994,13.1,vdem
HKG,1995,12.0,vdem
HKG,1996,12.0,vdem
HKG,1997,15.0,vdem
HKG,1998,15.0,vdem
HKG,1999,16.6,vdem
HKG,2000,18.3,vdem
HKG,2001,18.3,vdem
HKG,2002,18.3,vdem
HKG,2003,18.3,vdem
HKG,2004,18.3,vdem
HKG,2005,18.3,vdem
HKG,2006,18.3,vdem
HKG,2007,20.0,vdem
HKG,2008,18.3,vdem
HKG,2009,18.3,vdem
HKG,2010,18.3,vdem
HKG,2011,18.3,vdem
HKG,2012,15.7,vdem
HKG,2013,15.7,vdem
HKG,2014,15.7,vdem
HKG,2015,15.7,vdem
HKG,2016,14.7,vdem
HKG,2017,15.6,vdem
HKG,2018,15.9,vdem
HKG,2019,16.4,vdem
HKG,2020,14.3,vdem
HKG,2021,10.0,vdem
HKG,2022,19.0,vdem
HKG,2023,19.0,vdem
HKG,2024,16.0,vdem
HKG,2025,16.0,vdem
HND,1946,0.0,vdem
HND,1947,0.0,vdem
HND,1948,0.0,vdem
HND,1949,0.0,vdem
HND,1950,0.0,vdem
HND,1951,0.0,vdem
HND,1952,0.0,vdem
HND,1953,0.0,vdem
HND,1971,9.7,vdem
HND,1981,8.5,vdem
HND,1982,8.5,vdem
HND,1983,8.5,vdem
HND,1984,8.5,vdem
HND,1985,7.5,vdem
HND,1986,7.5,vdem
HND,1987,7.5,vdem
HND,1988,7.5,vdem
HND,1989,10.2,vdem
HND,1990,10.2,vdem
HND,1991,10.2,vdem
HND,1992,10.2,vdem
HND,1993,7.0,vdem
HND,1994,7.0,vdem
HND,1995,7.0,vdem
HND,1996,7.0,vdem
HND,1997,9.4,vdem
HND,1998,9.4,ipu
HND,1999,9.4,ipu
HND,2000,9.4,ipu
HND,2001,9.4,ipu
HND,2002,5.5,ipu
HND,2003,5.5,ipu
HND,2004,5.5,ipu
HND,2005,23.4,ipu
HND,2006,23.4,ipu
HND,2007,23.4,ipu
HND,2008,23.4,ipu
HND,2009,18.0,ipu
HND,2010,18.0,ipu
HND,2011,19.5,ipu
HND,2012,19.5,ipu
HND,2013,25.8,vdem
HND,2014,25.8,ipu
HND,2015,25.8,ipu
HND,2016,25.8,ipu
HND,2017,25.8,vdem
HND,2018,21.1,ipu
HND,2019,21.1,ipu
HND,2020,21.1,ipu
HND,2021,27.3,ipu
HND,2022,27.3,ipu
HND,2023,27.3,ipu
HND,2024,27.3,ipu
HND,2025,29.7,ipu
HPC,1997,8.9,ipu
HPC,1998,9.3,ipu
HPC,1999,9.1,ipu
HPC,2001,11.9,ipu
HPC,2002,13.5,ipu
HPC,2003,13.5,ipu
HPC,2004,14.1,ipu
HPC,2005,16.9,ipu
HPC,2006,17.1,ipu
HPC,2007,17.6,ipu
HPC,2008,17.6,ipu
HPC,2009,17.7,ipu
HPC,2010,18.3,ipu
HPC,2011,20.4,ipu
HPC,2012,21.5,ipu
HPC,2013,22.1,ipu
HPC,2014,22.2,ipu
HPC,2015,23.8,ipu
HPC,2016,24.0,ipu
HPC,2017,24.3,ipu
HPC,2018,24.1,ipu
HPC,2019,24.1,ipu
HPC,2020,25.2,ipu
HPC,2021,26.5,ipu
HPC,2022,26.6,ipu
HPC,2023,27.3,ipu
HPC,2024,27.3,ipu
HPC,2025,27.4,ipu
HRV,1946,2.6,vdem
HRV,1947,2.8,vdem
HRV,1948,2.8,vdem
HRV,1949,2.8,vdem
HRV,1950,3.2,vdem
HRV,1951,3.2,vdem
HRV,1952,3.2,vdem
HRV,1953,5.4,vdem
HRV,1954,5.4,vdem
HRV,1955,5.4,vdem
HRV,1956,5.4,vdem
HRV,1957,5.4,vdem
HRV,1958,6.5,vdem
HRV,1959,6.5,vdem
HRV,1960,6.5,vdem
HRV,1961,6.5,vdem
HRV,1962,6.5,vdem
HRV,1963,17.4,vdem
HRV,1964,17.4,vdem
HRV,1965,13.7,vdem
HRV,1966,13.7,vdem
HRV,1967,9.5,vdem
HRV,1968,9.5,vdem
HRV,1969,13.6,vdem
HRV,1970,13.6,vdem
HRV,1971,13.6,vdem
HRV,1972,13.6,vdem
HRV,1973,13.6,vdem
HRV,1974,19.1,vdem
HRV,1975,19.1,vdem
HRV,1976,19.1,vdem
HRV,1977,19.1,vdem
HRV,1978,20.0,vdem
HRV,1979,20.0,vdem
HRV,1980,20.0,vdem
HRV,1981,20.0,vdem
HRV,1982,20.5,vdem
HRV,1983,20.5,vdem
HRV,1984,20.5,vdem
HRV,1985,20.5,vdem
HRV,1986,18.2,vdem
HRV,1987,18.2,vdem
HRV,1988,18.2,vdem
HRV,1989,18.2,vdem
HRV,1990,18.2,vdem
HRV,1991,0.0,vdem
HRV,1992,5.8,vdem
HRV,1993,5.8,vdem
HRV,1994,5.8,vdem
HRV,1995,7.9,vdem
HRV,1996,7.9,vdem
HRV,1997,7.9,ipu
HRV,1998,7.9,ipu
HRV,1999,7.9,ipu
HRV,2000,20.5,ipu
HRV,2001,20.5,ipu
HRV,2002,20.5,ipu
HRV,2003,20.5,vdem
HRV,2004,21.7,ipu
HRV,2005,21.7,ipu
HRV,2006,21.7,ipu
HRV,2007,20.9,ipu
HRV,2008,20.9,ipu
HRV,2009,23.5,ipu
HRV,2010,23.5,ipu
HRV,2011,23.8,ipu
HRV,2012,23.8,ipu
HRV,2013,23.8,ipu
HRV,2014,23.8,ipu
HRV,2015,15.2,ipu
HRV,2016,12.6,ipu
HRV,2017,18.5,ipu
HRV,2018,18.5,ipu
HRV,2019,20.5,ipu
HRV,2020,31.1,ipu
HRV,2021,31.1,ipu
HRV,2022,31.8,ipu
HRV,2023,31.8,ipu
HRV,2024,33.1,ipu
HRV,2025,33.1,ipu
HTI,1946,0.0,vdem
HTI,1947,0.0,vdem
HTI,1948,0.0,vdem
HTI,1949,0.0,vdem
HTI,1950,0.0,vdem
HTI,1951,0.0,vdem
HTI,1952,0.0,vdem
HTI,1953,0.0,vdem
HTI,1954,0.0,vdem
HTI,1955,0.0,vdem
HTI,1957,0.0,vdem
HTI,1958,0.0,vdem
HTI,1959,0.0,vdem
HTI,1960,0.0,vdem
HTI,1961,5.2,vdem
HTI,1962,5.2,vdem
HTI,1963,5.2,vdem
HTI,1964,5.2,vdem
HTI,1965,5.2,vdem
HTI,1966,5.2,vdem
HTI,1967,8.6,vdem
HTI,1968,8.6,vdem
HTI,1969,8.6,vdem
HTI,1970,8.6,vdem
HTI,1971,8.6,vdem
HTI,1972,8.6,vdem
HTI,1973,3.4,vdem
HTI,1974,3.4,vdem
HTI,1975,3.4,vdem
HTI,1976,3.4,vdem
HTI,1977,3.4,vdem
HTI,1978,3.4,vdem
HTI,1979,5.2,vdem
HTI,1980,5.2,vdem
HTI,1981,5.2,vdem
HTI,1982,5.2,vdem
HTI,1984,8.5,vdem
HTI,1985,8.5,vdem
HTI,1990,8.5,vdem
HTI,1991,3.6,vdem
HTI,1992,3.6,vdem
HTI,1993,3.6,vdem
HTI,1994,3.6,vdem
HTI,1995,3.6,vdem
HTI,1996,3.6,vdem
HTI,1997,3.6,ipu
HTI,1998,3.6,ipu
HTI,1999,3.6,ipu
HTI,2000,3.6,vdem
HTI,2001,3.6,ipu
HTI,2002,3.6,ipu
HTI,2003,3.6,ipu
HTI,2004,3.6,ipu
HTI,2005,3.6,ipu
HTI,2006,2.0,ipu
HTI,2007,4.1,ipu
HTI,2008,4.1,ipu
HTI,2009,4.1,ipu
HTI,2010,11.1,ipu
HTI,2011,4.2,ipu
HTI,2012,4.2,ipu
HTI,2013,4.2,ipu
HTI,2014,4.2,ipu
HTI,2015,4.2,ipu
HTI,2016,0.0,ipu
HTI,2017,2.5,ipu
HTI,2018,2.5,ipu
HTI,2019,2.5,ipu
HTI,2020,2.5,vdem
HTI,2021,2.5,vdem
HTI,2022,3.0,vdem
HUN,1946,2.9,vdem
HUN,1947,5.4,vdem
HUN,1948,5.4,vdem
HUN,1949,17.7,vdem
HUN,1950,17.7,vdem
HUN,1951,17.7,vdem
HUN,1952,17.7,vdem
HUN,1953,17.4,vdem
HUN,1954,17.4,vdem
HUN,1955,17.4,vdem
HUN,1956,17.4,vdem
HUN,1957,17.4,vdem
HUN,1958,18.3,vdem
HUN,1959,18.3,vdem
HUN,1960,18.3,vdem
HUN,1961,18.3,vdem
HUN,1962,18.3,vdem
HUN,1963,18.2,vdem
HUN,1964,18.2,vdem
HUN,1965,18.2,vdem
HUN,1966,18.2,vdem
HUN,1967,19.8,vdem
HUN,1968,19.8,vdem
HUN,1969,19.8,vdem
HUN,1970,19.8,vdem
HUN,1971,23.9,vdem
HUN,1972,23.9,vdem
HUN,1973,23.9,vdem
HUN,1974,23.9,vdem
HUN,1975,28.7,vdem
HUN,1976,28.7,vdem
HUN,1977,28.7,vdem
HUN,1978,28.7,vdem
HUN,1979,28.7,vdem
HUN,1980,30.1,vdem
HUN,1981,30.1,vdem
HUN,1982,30.1,vdem
HUN,1983,30.1,vdem
HUN,1984,30.1,vdem
HUN,1985,20.7,vdem
HUN,1986,20.7,vdem
HUN,1987,20.7,vdem
HUN,1988,20.7,vdem
HUN,1989,20.7,vdem
HUN,1990,20.7,vdem
HUN,1991,20.7,vdem
HUN,1992,20.7,vdem
HUN,1993,20.7,vdem
HUN,1994,20.7,vdem
HUN,1995,20.7,vdem
HUN,1996,20.7,vdem
HUN,1997,11.4,ipu
HUN,1998,8.3,ipu
HUN,1999,8.3,ipu
HUN,2000,8.3,ipu
HUN,2001,8.3,ipu
HUN,2002,9.1,ipu
HUN,2003,9.8,ipu
HUN,2004,9.1,ipu
HUN,2005,9.1,ipu
HUN,2006,10.4,ipu
HUN,2007,11.1,ipu
HUN,2008,11.1,ipu
HUN,2009,11.1,ipu
HUN,2010,9.1,ipu
HUN,2011,8.8,ipu
HUN,2012,8.8,ipu
HUN,2013,8.8,ipu
HUN,2014,10.1,ipu
HUN,2015,10.1,ipu
HUN,2016,10.1,ipu
HUN,2017,10.1,ipu
HUN,2018,12.6,ipu
HUN,2019,12.6,ipu
HUN,2020,12.1,ipu
HUN,2021,13.1,ipu
HUN,2022,14.1,ipu
HUN,2023,14.1,ipu
HUN,2024,14.6,ipu
HUN,2025,15.6,ipu
IBD,1997,9.4,ipu
IBD,1998,12.8,ipu
IBD,1999,12.8,ipu
IBD,2000,12.8,ipu
IBD,2001,13.1,ipu
IBD,2002,14.7,ipu
IBD,2003,14.1,ipu
IBD,2004,15.0,ipu
IBD,2005,14.6,ipu
IBD,2006,15.3,ipu
IBD,2007,16.1,ipu
IBD,2008,16.5,ipu
IBD,2009,17.5,ipu
IBD,2010,17.9,ipu
IBD,2011,18.2,ipu
IBD,2012,19.5,ipu
IBD,2013,20.7,ipu
IBD,2014,21.3,ipu
IBD,2015,21.6,ipu
IBD,2016,22.1,ipu
IBD,2017,22.6,ipu
IBD,2018,23.3,ipu
IBD,2019,23.9,ipu
IBD,2020,24.6,ipu
IBD,2021,24.9,ipu
IBD,2022,25.3,ipu
IBD,2023,25.7,ipu
IBD,2024,26.0,ipu
IBD,2025,26.3,ipu
IBT,1997,8.7,ipu
IBT,1998,10.9,ipu
IBT,1999,11.0,ipu
IBT,2000,11.4,ipu
IBT,2001,12.0,ipu
IBT,2002,13.3,ipu
IBT,2003,13.0,ipu
IBT,2004,13.8,ipu
IBT,2005,14.5,ipu
IBT,2006,15.0,ipu
IBT,2007,15.9,ipu
IBT,2008,16.5,ipu
IBT,2009,17.2,ipu
IBT,2010,17.4,ipu
IBT,2011,18.2,ipu
IBT,2012,19.3,ipu
IBT,2013,20.0,ipu
IBT,2014,20.4,ipu
IBT,2015,21.1,ipu
IBT,2016,21.4,ipu
IBT,2017,21.9,ipu
IBT,2018,22.2,ipu
IBT,2019,22.5,ipu
IBT,2020,23.5,ipu
IBT,2021,24.0,ipu
IBT,2022,24.5,ipu
IBT,2023,24.8,ipu
IBT,2024,25.0,ipu
IBT,2025,25.3,ipu
IDA,1997,7.7,ipu
IDA,1998,7.7,ipu
IDA,2002,10.9,ipu
IDA,2003,11.3,ipu
IDA,2004,11.9,ipu
IDA,2005,14.4,ipu
IDA,2006,14.5,ipu
IDA,2007,15.7,ipu
IDA,2008,16.5,ipu
IDA,2009,16.9,ipu
IDA,2010,16.7,ipu
IDA,2011,18.2,ipu
IDA,2012,18.9,ipu
IDA,2013,18.9,ipu
IDA,2014,19.2,ipu
IDA,2015,20.5,ipu
IDA,2016,20.6,ipu
IDA,2017,20.9,ipu
IDA,2018,20.7,ipu
IDA,2019,20.7,ipu
IDA,2020,21.9,ipu
IDA,2021,22.7,ipu
IDA,2022,23.2,ipu
IDA,2023,23.5,ipu
IDA,2024,23.5,ipu
IDA,2025,23.7,ipu
IDB,1997,6.4,ipu
IDB,1998,6.7,ipu
IDB,2002,10.3,ipu
IDB,2003,10.5,ipu
IDB,2004,11.4,ipu
IDB,2005,12.0,ipu
IDB,2006,12.2,ipu
IDB,2007,12.8,ipu
IDB,2008,13.2,ipu
IDB,2009,13.5,ipu
IDB,2010,13.1,ipu
IDB,2011,13.5,ipu
IDB,2012,13.7,ipu
IDB,2013,17.4,ipu
IDB,2014,17.3,ipu
IDB,2015,17.3,ipu
IDB,2016,17.3,ipu
IDB,2017,17.9,ipu
IDB,2018,18.0,ipu
IDB,2019,18.0,ipu
IDB,2020,19.8,ipu
IDB,2021,20.0,ipu
IDB,2022,20.4,ipu
IDB,2023,20.5,ipu
IDB,2024,20.1,ipu
IDB,2025,20.5,ipu
IDN,1946,0.0,vdem
IDN,1947,0.0,vdem
IDN,1948,0.0,vdem
IDN,1949,0.0,vdem
IDN,1950,2.7,vdem
IDN,1951,3.4,vdem
IDN,1952,3.4,vdem
IDN,1953,3.4,vdem
IDN,1954,3.4,vdem
IDN,1955,6.3,vdem
IDN,1956,6.3,vdem
IDN,1957,6.3,vdem
IDN,1958,6.3,vdem
IDN,1959,6.2,vdem
IDN,1960,9.2,vdem
IDN,1961,9.2,vdem
IDN,1962,9.2,vdem
IDN,1963,9.2,vdem
IDN,1964,9.2,vdem
IDN,1965,9.2,vdem
IDN,1966,8.3,vdem
IDN,1967,8.3,vdem
IDN,1968,7.5,vdem
IDN,1969,7.5,vdem
IDN,1970,7.5,vdem
IDN,1971,7.2,vdem
IDN,1972,7.2,vdem
IDN,1973,7.2,vdem
IDN,1974,7.2,vdem
IDN,1975,7.2,vdem
IDN,1976,7.2,vdem
IDN,1977,7.4,vdem
IDN,1978,7.4,vdem
IDN,1979,7.4,vdem
IDN,1980,7.4,vdem
IDN,1981,7.4,vdem
IDN,1982,9.1,vdem
IDN,1983,9.1,vdem
IDN,1984,9.1,vdem
IDN,1985,9.1,vdem
IDN,1986,9.1,vdem
IDN,1987,12.4,vdem
IDN,1988,12.4,vdem
IDN,1989,12.4,vdem
IDN,1990,12.4,vdem
IDN,1991,12.4,vdem
IDN,1992,12.2,vdem
IDN,1993,12.2,vdem
IDN,1994,12.2,vdem
IDN,1995,12.2,vdem
IDN,1996,12.2,vdem
IDN,1997,11.4,ipu
IDN,1998,11.4,ipu
IDN,1999,8.0,vdem
IDN,2000,8.0,ipu
IDN,2001,8.0,ipu
IDN,2002,8.0,ipu
IDN,2003,8.0,ipu
IDN,2004,11.3,ipu
IDN,2005,11.3,ipu
IDN,2006,11.3,ipu
IDN,2007,11.6,ipu
IDN,2008,11.6,ipu
IDN,2009,17.9,ipu
IDN,2010,18.0,ipu
IDN,2011,18.2,ipu
IDN,2012,18.6,ipu
IDN,2013,18.6,ipu
IDN,2014,16.9,ipu
IDN,2015,17.1,ipu
IDN,2016,17.1,ipu
IDN,2017,19.8,ipu
IDN,2018,19.8,ipu
IDN,2019,17.4,ipu
IDN,2020,20.3,ipu
IDN,2021,21.0,ipu
IDN,2022,21.9,ipu
IDN,2023,21.6,ipu
IDN,2024,21.0,ipu
IDN,2025,21.9,ipu
IDX,1997,8.0,ipu
IDX,1998,8.0,ipu
IDX,1999,7.8,ipu
IDX,2000,9.6,ipu
IDX,2002,11.1,ipu
IDX,2003,11.6,ipu
IDX,2004,12.1,ipu
IDX,2005,15.0,ipu
IDX,2006,15.2,ipu
IDX,2007,16.4,ipu
IDX,2008,17.3,ipu
IDX,2009,17.8,ipu
IDX,2010,17.7,ipu
IDX,2011,19.3,ipu
IDX,2012,20.2,ipu
IDX,2013,19.4,ipu
IDX,2014,19.7,ipu
IDX,2015,21.4,ipu
IDX,2016,21.5,ipu
IDX,2017,21.7,ipu
IDX,2018,21.4,ipu
IDX,2019,21.4,ipu
IDX,2020,22.5,ipu
IDX,2021,23.5,ipu
IDX,2022,24.0,ipu
IDX,2023,24.5,ipu
IDX,2024,24.6,ipu
IDX,2025,24.7,ipu
IND,1946,0.0,vdem
IND,1950,0.0,vdem
IND,1951,0.0,vdem
IND,1952,4.0,vdem
IND,1953,4.0,vdem
IND,1954,4.0,vdem
IND,1955,4.0,vdem
IND,1956,4.0,vdem
IND,1957,5.5,vdem
IND,1958,5.5,vdem
IND,1959,5.5,vdem
IND,1960,5.5,vdem
IND,1961,5.5,vdem
IND,1962,6.8,vdem
IND,1963,6.8,vdem
IND,1964,6.8,vdem
IND,1965,6.8,vdem
IND,1966,6.8,vdem
IND,1967,5.9,vdem
IND,1968,5.9,vdem
IND,1969,5.9,vdem
IND,1970,5.9,vdem
IND,1971,4.1,vdem
IND,1972,4.1,vdem
IND,1973,4.1,vdem
IND,1974,4.1,vdem
IND,1975,4.1,vdem
IND,1976,4.1,vdem
IND,1977,3.3,vdem
IND,1978,3.3,vdem
IND,1979,3.3,vdem
IND,1980,5.0,vdem
IND,1981,5.0,vdem
IND,1982,5.0,vdem
IND,1983,5.0,vdem
IND,1984,7.8,vdem
IND,1985,7.8,vdem
IND,1986,7.8,vdem
IND,1987,7.8,vdem
IND,1988,7.8,vdem
IND,1989,5.0,vdem
IND,1990,5.0,vdem
IND,1991,7.2,vdem
IND,1992,7.2,vdem
IND,1993,7.2,vdem
IND,1994,8.0,vdem
IND,1995,8.0,vdem
IND,1996,7.2,vdem
IND,1997,7.2,ipu
IND,1998,8.1,ipu
IND,1999,8.4,ipu
IND,2000,9.0,ipu
IND,2001,8.8,ipu
IND,2002,8.8,ipu
IND,2003,8.8,ipu
IND,2004,8.3,ipu
IND,2005,8.3,ipu
IND,2006,8.3,ipu
IND,2007,9.1,ipu
IND,2008,9.1,ipu
IND,2009,10.8,ipu
IND,2010,10.8,ipu
IND,2011,11.0,ipu
IND,2012,11.0,ipu
IND,2013,11.0,ipu
IND,2014,11.4,ipu
IND,2015,12.0,ipu
IND,2016,12.0,ipu
IND,2017,11.8,ipu
IND,2018,11.8,ipu
IND,2019,14.4,ipu
IND,2020,14.4,ipu
IND,2021,14.4,ipu
IND,2022,14.9,ipu
IND,2023,15.2,ipu
IND,2024,13.7,ipu
IND,2025,13.8,ipu
IRL,1946,3.6,vdem
IRL,1947,3.6,vdem
IRL,1948,3.4,vdem
IRL,1949,3.4,vdem
IRL,1950,3.4,vdem
IRL,1951,3.4,vdem
IRL,1952,3.4,vdem
IRL,1953,3.4,vdem
IRL,1954,3.4,vdem
IRL,1955,3.4,vdem
IRL,1956,4.1,vdem
IRL,1957,3.4,vdem
IRL,1958,3.4,vdem
IRL,1959,3.4,vdem
IRL,1960,3.4,vdem
IRL,1961,2.1,vdem
IRL,1962,2.1,vdem
IRL,1963,2.1,vdem
IRL,1964,3.5,vdem
IRL,1965,4.2,vdem
IRL,1966,3.5,vdem
IRL,1967,3.5,vdem
IRL,1968,2.1,vdem
IRL,1969,2.1,vdem
IRL,1970,2.1,vdem
IRL,1971,2.1,vdem
IRL,1972,2.1,vdem
IRL,1973,2.8,vdem
IRL,1974,2.8,vdem
IRL,1975,2.8,vdem
IRL,1976,2.8,vdem
IRL,1977,4.1,vdem
IRL,1978,4.1,vdem
IRL,1979,4.1,vdem
IRL,1980,4.1,vdem
IRL,1981,6.0,vdem
IRL,1982,4.8,vdem
IRL,1983,7.8,vdem
IRL,1984,7.8,vdem
IRL,1985,7.8,vdem
IRL,1986,7.8,vdem
IRL,1987,8.4,vdem
IRL,1988,8.4,vdem
IRL,1989,7.8,vdem
IRL,1990,7.8,vdem
IRL,1991,7.8,vdem
IRL,1992,12.0,vdem
IRL,1993,12.0,vdem
IRL,1994,12.7,vdem
IRL,1995,12.7,vdem
IRL,1996,12.7,vdem
IRL,1997,12.0,ipu
IRL,1998,12.0,ipu
IRL,1999,12.0,ipu
IRL,2000,12.0,ipu
IRL,2001,12.0,ipu
IRL,2002,13.3,ipu
IRL,2003,13.3,ipu
IRL,2004,13.3,ipu
IRL,2005,13.3,ipu
IRL,2006,13.3,ipu
IRL,2007,13.3,ipu
IRL,2008,13.3,ipu
IRL,2009,13.9,ipu
IRL,2010,13.9,ipu
IRL,2011,15.1,ipu
IRL,2012,15.1,ipu
IRL,2013,15.7,ipu
IRL,2014,15.7,ipu
IRL,2015,16.3,ipu
IRL,2016,22.2,ipu
IRL,2017,22.2,ipu
IRL,2018,22.2,ipu
IRL,2019,22.2,ipu
IRL,2020,22.5,ipu
IRL,2021,22.5,ipu
IRL,2022,23.1,ipu
IRL,2023,23.1,ipu
IRL,2024,25.3,ipu
IRL,2025,25.3,ipu
IRN,1946,0.0,vdem
IRN,1947,0.0,vdem
IRN,1948,0.0,vdem
IRN,1949,0.0,vdem
IRN,1950,0.0,vdem
IRN,1951,0.0,vdem
IRN,1952,0.0,vdem
IRN,1954,0.0,vdem
IRN,1955,0.0,vdem
IRN,1956,0.0,vdem
IRN,1957,0.0,vdem
IRN,1958,0.0,vdem
IRN,1959,0.0,vdem
IRN,1960,0.0,vdem
IRN,1961,0.0,vdem
IRN,1962,0.0,vdem
IRN,1963,3.0,vdem
IRN,1964,3.0,vdem
IRN,1965,3.0,vdem
IRN,1966,3.0,vdem
IRN,1967,3.2,vdem
IRN,1968,3.2,vdem
IRN,1969,3.2,vdem
IRN,1970,3.2,vdem
IRN,1971,6.7,vdem
IRN,1972,6.7,vdem
IRN,1973,6.7,vdem
IRN,1974,6.7,vdem
IRN,1975,7.5,vdem
IRN,1976,7.5,vdem
IRN,1977,7.5,vdem
IRN,1978,7.5,vdem
IRN,1980,1.5,vdem
IRN,1981,1.5,vdem
IRN,1982,1.5,vdem
IRN,1983,1.5,vdem
IRN,1984,1.5,vdem
IRN,1985,1.5,vdem
IRN,1986,1.5,vdem
IRN,1987,1.5,vdem
IRN,1988,1.5,vdem
IRN,1989,1.5,vdem
IRN,1990,1.5,vdem
IRN,1991,1.5,vdem
IRN,1992,1.5,vdem
IRN,1993,1.5,vdem
IRN,1994,1.5,vdem
IRN,1995,1.5,vdem
IRN,1996,1.5,vdem
IRN,1997,4.9,ipu
IRN,1998,4.9,ipu
IRN,1999,4.9,ipu
IRN,2000,3.4,ipu
IRN,2001,3.4,ipu
IRN,2002,4.1,ipu
IRN,2003,4.1,ipu
IRN,2004,4.1,ipu
IRN,2005,4.1,ipu
IRN,2006,4.1,ipu
IRN,2007,4.1,ipu
IRN,2008,2.8,ipu
IRN,2009,2.8,ipu
IRN,2010,2.8,ipu
IRN,2011,2.8,ipu
IRN,2012,3.1,ipu
IRN,2013,3.1,ipu
IRN,2014,3.1,ipu
IRN,2015,3.1,ipu
IRN,2016,5.9,ipu
IRN,2017,5.9,ipu
IRN,2018,5.9,ipu
IRN,2019,5.9,ipu
IRN,2020,5.6,ipu
IRN,2021,5.6,ipu
IRN,2022,5.6,ipu
IRN,2023,5.6,ipu
IRN,2024,4.8,ipu
IRN,2025,4.9,ipu
IRQ,1946,0.0,vdem
IRQ,1947,0.0,vdem
IRQ,1948,0.0,vdem
IRQ,1949,0.0,vdem
IRQ,1950,0.0,vdem
IRQ,1951,0.0,vdem
IRQ,1952,0.0,vdem
IRQ,1953,0.0,vdem
IRQ,1954,0.0,vdem
IRQ,1955,0.0,vdem
IRQ,1956,0.0,vdem
IRQ,1957,0.0,vdem
IRQ,1980,6.4,vdem
IRQ,1981,6.4,vdem
IRQ,1982,6.4,vdem
IRQ,1983,6.4,vdem
IRQ,1984,13.2,vdem
IRQ,1985,13.2,vdem
IRQ,1986,13.2,vdem
IRQ,1987,13.2,vdem
IRQ,1988,13.2,vdem
IRQ,1989,10.8,vdem
IRQ,1990,10.8,vdem
IRQ,1991,10.8,vdem
IRQ,1992,10.8,vdem
IRQ,1993,10.8,vdem
IRQ,1994,10.8,vdem
IRQ,1995,10.8,vdem
IRQ,1996,6.4,vdem
IRQ,1997,6.4,ipu
IRQ,1998,6.4,ipu
IRQ,1999,6.4,ipu
IRQ,2000,7.6,ipu
IRQ,2001,7.6,ipu
IRQ,2002,7.6,ipu
IRQ,2006,25.5,ipu
IRQ,2007,25.5,ipu
IRQ,2008,25.5,ipu
IRQ,2009,25.5,ipu
IRQ,2010,25.2,ipu
IRQ,2011,25.2,ipu
IRQ,2012,25.2,ipu
IRQ,2013,25.2,ipu
IRQ,2014,25.3,ipu
IRQ,2015,26.5,ipu
IRQ,2016,26.5,ipu
IRQ,2017,25.3,ipu
IRQ,2018,25.2,ipu
IRQ,2019,25.2,ipu
IRQ,2020,26.4,ipu
IRQ,2021,28.9,ipu
IRQ,2022,28.9,ipu
IRQ,2023,29.1,ipu
IRQ,2024,28.9,ipu
IRQ,2025,25.5,ipu
ISL,1946,1.9,vdem
ISL,1947,1.9,vdem
ISL,1948,1.9,vdem
ISL,1949,3.8,vdem
ISL,1950,3.8,vdem
ISL,1951,3.8,vdem
ISL,1952,3.8,vdem
ISL,1953,0.0,vdem
ISL,1954,0.0,vdem
ISL,1955,0.0,vdem
ISL,1956,1.9,vdem
ISL,1957,1.9,vdem
ISL,1958,1.9,vdem
ISL,1959,3.3,vdem
ISL,1960,3.3,vdem
ISL,1961,3.3,vdem
ISL,1962,3.3,vdem
ISL,1963,1.7,vdem
ISL,1964,1.7,vdem
ISL,1965,1.7,vdem
ISL,1966,1.7,vdem
ISL,1967,1.7,vdem
ISL,1968,1.7,vdem
ISL,1969,1.7,vdem
ISL,1970,1.7,vdem
ISL,1971,5.0,vdem
ISL,1972,5.0,vdem
ISL,1973,5.0,vdem
ISL,1974,5.0,vdem
ISL,1975,5.0,vdem
ISL,1976,5.0,vdem
ISL,1977,5.0,vdem
ISL,1978,5.0,vdem
ISL,1979,5.0,vdem
ISL,1980,5.0,vdem
ISL,1981,5.0,vdem
ISL,1982,5.0,vdem
ISL,1983,15.0,vdem
ISL,1984,15.0,vdem
ISL,1985,15.0,vdem
ISL,1986,15.0,vdem
ISL,1987,20.6,vdem
ISL,1988,20.6,vdem
ISL,1989,20.6,vdem
ISL,1990,20.6,vdem
ISL,1991,23.8,vdem
ISL,1992,23.8,vdem
ISL,1993,23.8,vdem
ISL,1994,23.8,vdem
ISL,1995,25.4,vdem
ISL,1996,25.4,vdem
ISL,1997,25.4,ipu
ISL,1998,25.4,ipu
ISL,1999,34.9,ipu
ISL,2000,34.9,ipu
ISL,2001,34.9,ipu
ISL,2002,34.9,ipu
ISL,2003,30.2,ipu
ISL,2004,30.2,ipu
ISL,2005,33.3,ipu
ISL,2006,33.3,ipu
ISL,2007,33.3,ipu
ISL,2008,33.3,ipu
ISL,2009,42.9,ipu
ISL,2010,42.9,ipu
ISL,2011,39.7,ipu
ISL,2012,39.7,ipu
ISL,2013,39.7,ipu
ISL,2014,39.7,ipu
ISL,2015,41.3,ipu
ISL,2016,47.6,ipu
ISL,2017,38.1,ipu
ISL,2018,38.1,ipu
ISL,2019,38.1,ipu
ISL,2020,38.1,ipu
ISL,2021,47.6,ipu
ISL,2022,47.6,ipu
ISL,2023,47.6,ipu
ISL,2024,46.0,ipu
ISL,2025,46.0,ipu
ISR,1948,0.0,vdem
ISR,1949,10.8,vdem
ISR,1950,10.8,vdem
ISR,1951,9.2,vdem
ISR,1952,9.2,vdem
ISR,1953,9.2,vdem
ISR,1954,9.2,vdem
ISR,1955,9.2,vdem
ISR,1956,9.2,vdem
ISR,1957,9.2,vdem
ISR,1958,9.2,vdem
ISR,1959,7.5,vdem
ISR,1960,7.5,vdem
ISR,1961,8.3,vdem
ISR,1962,8.3,vdem
ISR,1963,8.3,vdem
ISR,1964,8.3,vdem
ISR,1965,7.5,vdem
ISR,1966,7.5,vdem
ISR,1967,7.5,vdem
ISR,1968,7.5,vdem
ISR,1969,6.7,vdem
ISR,1970,6.7,vdem
ISR,1971,6.7,vdem
ISR,1972,6.7,vdem
ISR,1973,6.7,vdem
ISR,1974,6.7,vdem
ISR,1975,6.7,vdem
ISR,1976,6.7,vdem
ISR,1977,6.7,vdem
ISR,1978,6.7,vdem
ISR,1979,6.7,vdem
ISR,1980,6.7,vdem
ISR,1981,7.5,vdem
ISR,1982,7.5,vdem
ISR,1983,7.5,vdem
ISR,1984,8.3,vdem
ISR,1985,8.3,vdem
ISR,1986,8.3,vdem
ISR,1987,8.3,vdem
ISR,1988,6.7,vdem
ISR,1989,6.7,vdem
ISR,1990,6.7,vdem
ISR,1991,6.7,vdem
ISR,1992,9.2,vdem
ISR,1993,9.2,vdem
ISR,1994,9.2,vdem
ISR,1995,9.2,vdem
ISR,1996,7.5,vdem
ISR,1997,7.5,ipu
ISR,1998,7.5,ipu
ISR,1999,11.7,ipu
ISR,2000,12.5,ipu
ISR,2001,13.3,ipu
ISR,2002,14.2,ipu
ISR,2003,15.0,ipu
ISR,2004,15.0,ipu
ISR,2005,15.0,ipu
ISR,2006,14.2,ipu
ISR,2007,14.2,ipu
ISR,2008,14.2,ipu
ISR,2009,18.3,ipu
ISR,2010,19.2,ipu
ISR,2011,20.0,ipu
ISR,2012,20.0,ipu
ISR,2013,22.5,ipu
ISR,2014,22.5,ipu
ISR,2015,26.7,ipu
ISR,2016,26.7,ipu
ISR,2017,27.5,ipu
ISR,2018,27.5,ipu
ISR,2019,23.3,ipu
ISR,2020,27.5,ipu
ISR,2021,28.3,ipu
ISR,2022,23.3,ipu
ISR,2023,24.2,ipu
ISR,2024,25.0,ipu
ISR,2025,24.2,ipu
ITA,1946,3.8,vdem
ITA,1947,3.8,vdem
ITA,1948,7.8,vdem
ITA,1949,7.8,vdem
ITA,1950,7.8,vdem
ITA,1951,7.8,vdem
ITA,1952,7.8,vdem
ITA,1953,5.6,vdem
ITA,1954,5.6,vdem
ITA,1955,5.6,vdem
ITA,1956,5.6,vdem
ITA,1957,5.6,vdem
ITA,1958,4.2,vdem
ITA,1959,4.2,vdem
ITA,1960,4.2,vdem
ITA,1961,4.2,vdem
ITA,1962,4.2,vdem
ITA,1963,4.6,vdem
ITA,1964,4.6,vdem
ITA,1965,4.6,vdem
ITA,1966,4.6,vdem
ITA,1967,4.6,vdem
ITA,1968,2.7,vdem
ITA,1969,2.7,vdem
ITA,1970,2.7,vdem
ITA,1971,2.7,vdem
ITA,1972,3.8,vdem
ITA,1973,3.8,vdem
ITA,1974,3.8,vdem
ITA,1975,3.8,vdem
ITA,1976,7.5,vdem
ITA,1977,7.5,vdem
ITA,1978,7.5,vdem
ITA,1979,8.4,vdem
ITA,1980,8.4,vdem
ITA,1981,8.4,vdem
ITA,1982,8.4,vdem
ITA,1983,7.6,vdem
ITA,1984,7.6,vdem
ITA,1985,7.6,vdem
ITA,1986,7.6,vdem
ITA,1987,12.9,vdem
ITA,1988,12.9,vdem
ITA,1989,12.9,vdem
ITA,1990,12.9,vdem
ITA,1991,12.9,vdem
ITA,1992,8.1,vdem
ITA,1993,8.1,vdem
ITA,1994,15.1,vdem
ITA,1995,15.1,vdem
ITA,1996,11.1,vdem
ITA,1997,11.1,ipu
ITA,1998,11.1,ipu
ITA,1999,11.1,ipu
ITA,2000,11.1,ipu
ITA,2001,9.8,ipu
ITA,2002,9.8,ipu
ITA,2003,11.5,ipu
ITA,2004,11.5,ipu
ITA,2005,11.5,ipu
ITA,2006,17.3,ipu
ITA,2007,17.3,ipu
ITA,2008,21.3,ipu
ITA,2009,21.3,ipu
ITA,2010,21.3,ipu
ITA,2011,21.6,ipu
ITA,2012,21.4,ipu
ITA,2013,31.4,ipu
ITA,2014,31.4,ipu
ITA,2015,31.0,ipu
ITA,2016,31.0,ipu
ITA,2017,31.0,ipu
ITA,2018,35.7,ipu
ITA,2019,35.7,ipu
ITA,2020,35.7,ipu
ITA,2021,35.7,ipu
ITA,2022,32.2,ipu
ITA,2023,32.2,ipu
ITA,2024,32.2,ipu
ITA,2025,32.8,ipu
JAM,1967,3.8,vdem
JAM,1968,3.8,vdem
JAM,1969,3.8,vdem
JAM,1970,3.8,vdem
JAM,1971,3.8,vdem
JAM,1972,3.8,vdem
JAM,1973,3.8,vdem
JAM,1974,3.8,vdem
JAM,1975,3.8,vdem
JAM,1976,8.3,vdem
JAM,1977,8.3,vdem
JAM,1978,8.3,vdem
JAM,1979,8.3,vdem
JAM,1980,10.0,vdem
JAM,1981,10.0,vdem
JAM,1982,10.0,vdem
JAM,1983,11.7,vdem
JAM,1984,11.7,vdem
JAM,1985,11.7,vdem
JAM,1986,11.7,vdem
JAM,1987,11.7,vdem
JAM,1988,11.7,vdem
JAM,1989,5.0,vdem
JAM,1990,5.0,vdem
JAM,1991,5.0,vdem
JAM,1992,5.0,vdem
JAM,1993,11.7,vdem
JAM,1994,11.7,vdem
JAM,1995,11.7,vdem
JAM,1996,11.7,vdem
JAM,1997,11.7,ipu
JAM,1998,13.6,ipu
JAM,1999,13.3,ipu
JAM,2000,13.3,ipu
JAM,2001,13.3,ipu
JAM,2002,11.7,vdem
JAM,2003,11.7,ipu
JAM,2004,11.7,ipu
JAM,2005,11.7,ipu
JAM,2006,11.7,ipu
JAM,2007,13.3,ipu
JAM,2008,13.3,ipu
JAM,2009,13.3,ipu
JAM,2010,13.3,ipu
JAM,2011,12.7,ipu
JAM,2012,12.7,ipu
JAM,2013,12.7,ipu
JAM,2014,12.7,ipu
JAM,2015,12.7,ipu
JAM,2016,17.5,ipu
JAM,2017,17.5,ipu
JAM,2018,17.5,ipu
JAM,2019,17.5,ipu
JAM,2020,28.6,ipu
JAM,2021,28.6,ipu
JAM,2022,28.6,ipu
JAM,2023,28.6,ipu
JAM,2024,27.4,ipu
JAM,2025,30.2,ipu
JOR,1946,0.0,vdem
JOR,1947,0.0,vdem
JOR,1948,0.0,vdem
JOR,1949,0.0,vdem
JOR,1950,0.0,vdem
JOR,1951,0.0,vdem
JOR,1952,0.0,vdem
JOR,1953,0.0,vdem
JOR,1954,0.0,vdem
JOR,1955,0.0,vdem
JOR,1956,0.0,vdem
JOR,1957,0.0,vdem
JOR,1958,0.0,vdem
JOR,1959,0.0,vdem
JOR,1960,0.0,vdem
JOR,1961,0.0,vdem
JOR,1962,0.0,vdem
JOR,1963,0.0,vdem
JOR,1964,0.0,vdem
JOR,1965,0.0,vdem
JOR,1966,0.0,vdem
JOR,1967,0.0,vdem
JOR,1968,0.0,vdem
JOR,1969,0.0,vdem
JOR,1970,0.0,vdem
JOR,1971,0.0,vdem
JOR,1972,0.0,vdem
JOR,1973,0.0,vdem
JOR,1974,0.0,vdem
JOR,1984,0.0,vdem
JOR,1985,0.0,vdem
JOR,1986,0.0,vdem
JOR,1987,0.0,vdem
JOR,1988,0.0,vdem
JOR,1989,0.0,vdem
JOR,1990,0.0,vdem
JOR,1991,0.0,vdem
JOR,1992,0.0,vdem
JOR,1993,1.3,vdem
JOR,1994,1.3,vdem
JOR,1995,1.3,vdem
JOR,1996,1.3,vdem
JOR,1997,0.0,ipu
JOR,1998,0.0,ipu
JOR,1999,0.0,ipu
JOR,2000,0.0,ipu
JOR,2001,1.2,ipu
JOR,2002,1.2,ipu
JOR,2003,5.5,ipu
JOR,2004,5.5,ipu
JOR,2005,5.5,ipu
JOR,2006,5.5,ipu
JOR,2007,6.4,ipu
JOR,2008,6.4,ipu
JOR,2009,6.4,ipu
JOR,2010,10.8,ipu
JOR,2011,10.8,ipu
JOR,2012,10.8,ipu
JOR,2013,12.2,ipu
JOR,2014,12.0,ipu
JOR,2015,12.0,ipu
JOR,2016,15.4,ipu
JOR,2017,15.4,ipu
JOR,2018,15.4,ipu
JOR,2019,15.4,ipu
JOR,2020,11.5,ipu
JOR,2021,11.5,ipu
JOR,2022,12.3,ipu
JOR,2023,12.3,ipu
JOR,2024,19.6,ipu
JOR,2025,19.6,ipu
JPN,1946,8.4,vdem
JPN,1947,3.2,vdem
JPN,1948,3.2,vdem
JPN,1949,2.6,vdem
JPN,1950,2.6,vdem
JPN,1951,2.6,vdem
JPN,1952,1.9,vdem
JPN,1953,1.9,vdem
JPN,1954,1.9,vdem
JPN,1955,1.7,vdem
JPN,1956,1.7,vdem
JPN,1957,1.7,vdem
JPN,1958,2.4,vdem
JPN,1959,2.4,vdem
JPN,1960,1.5,vdem
JPN,1961,1.5,vdem
JPN,1962,1.5,vdem
JPN,1963,1.5,vdem
JPN,1964,1.5,vdem
JPN,1965,1.5,vdem
JPN,1966,1.5,vdem
JPN,1967,1.4,vdem
JPN,1968,1.4,vdem
JPN,1969,1.6,vdem
JPN,1970,1.6,vdem
JPN,1971,1.6,vdem
JPN,1972,1.4,vdem
JPN,1973,1.4,vdem
JPN,1974,1.4,vdem
JPN,1975,1.4,vdem
JPN,1976,1.2,vdem
JPN,1977,1.2,vdem
JPN,1978,1.2,vdem
JPN,1979,2.2,vdem
JPN,1980,1.8,vdem
JPN,1981,1.8,vdem
JPN,1982,1.8,vdem
JPN,1983,1.6,vdem
JPN,1984,1.6,vdem
JPN,1985,1.6,vdem
JPN,1986,1.4,vdem
JPN,1987,1.4,vdem
JPN,1988,1.4,vdem
JPN,1989,1.4,vdem
JPN,1990,2.3,vdem
JPN,1991,2.3,vdem
JPN,1992,2.3,vdem
JPN,1993,2.7,vdem
JPN,1994,2.7,vdem
JPN,1995,2.7,vdem
JPN,1996,4.6,vdem
JPN,1997,4.6,ipu
JPN,1998,4.6,ipu
JPN,1999,4.6,ipu
JPN,2000,7.3,ipu
JPN,2001,7.3,ipu
JPN,2002,7.3,ipu
JPN,2003,7.1,ipu
JPN,2004,7.1,ipu
JPN,2005,9.0,ipu
JPN,2006,9.4,ipu
JPN,2007,9.4,ipu
JPN,2008,9.4,ipu
JPN,2009,11.2,ipu
JPN,2010,11.2,ipu
JPN,2011,10.8,ipu
JPN,2012,7.9,ipu
JPN,2013,8.1,ipu
JPN,2014,8.1,ipu
JPN,2015,9.5,ipu
JPN,2016,9.5,ipu
JPN,2017,10.1,ipu
JPN,2018,10.1,ipu
JPN,2019,10.1,ipu
JPN,2020,9.9,ipu
JPN,2021,9.7,ipu
JPN,2022,9.9,ipu
JPN,2023,10.3,ipu
JPN,2024,15.7,ipu
JPN,2025,15.7,ipu
KAZ,1946,17.0,vdem
KAZ,1947,17.0,vdem
KAZ,1948,17.0,vdem
KAZ,1949,17.0,vdem
KAZ,1950,19.6,vdem
KAZ,1951,19.6,vdem
KAZ,1952,19.6,vdem
KAZ,1953,19.6,vdem
KAZ,1954,24.0,vdem
KAZ,1955,24.0,vdem
KAZ,1956,24.0,vdem
KAZ,1957,24.0,vdem
KAZ,1958,25.7,vdem
KAZ,1959,25.7,vdem
KAZ,1960,25.7,vdem
KAZ,1961,25.7,vdem
KAZ,1962,27.2,vdem
KAZ,1963,27.2,vdem
KAZ,1964,27.2,vdem
KAZ,1965,27.2,vdem
KAZ,1966,28.9,vdem
KAZ,1967,28.9,vdem
KAZ,1968,28.9,vdem
KAZ,1969,28.9,vdem
KAZ,1970,30.2,vdem
KAZ,1971,30.2,vdem
KAZ,1972,30.2,vdem
KAZ,1973,30.2,vdem
KAZ,1974,30.5,vdem
KAZ,1975,30.5,vdem
KAZ,1976,30.5,vdem
KAZ,1977,30.5,vdem
KAZ,1978,30.5,vdem
KAZ,1979,32.0,vdem
KAZ,1980,32.0,vdem
KAZ,1981,32.0,vdem
KAZ,1982,32.0,vdem
KAZ,1983,32.0,vdem
KAZ,1984,31.1,vdem
KAZ,1985,31.1,vdem
KAZ,1986,31.1,vdem
KAZ,1987,31.1,vdem
KAZ,1988,31.1,vdem
KAZ,1989,20.3,vdem
KAZ,1990,0.0,vdem
KAZ,1991,6.7,vdem
KAZ,1992,6.7,vdem
KAZ,1993,6.7,vdem
KAZ,1994,11.9,vdem
KAZ,1995,11.9,vdem
KAZ,1996,13.4,vdem
KAZ,1997,13.4,ipu
KAZ,1998,13.4,ipu
KAZ,1999,10.8,ipu
KAZ,2000,10.4,ipu
KAZ,2001,10.4,ipu
KAZ,2002,10.4,ipu
KAZ,2003,10.4,ipu
KAZ,2004,10.4,ipu
KAZ,2005,10.4,ipu
KAZ,2006,10.4,ipu
KAZ,2007,15.9,ipu
KAZ,2008,15.9,ipu
KAZ,2009,17.8,ipu
KAZ,2010,17.8,ipu
KAZ,2011,17.8,ipu
KAZ,2012,24.3,ipu
KAZ,2013,24.3,ipu
KAZ,2014,25.2,ipu
KAZ,2015,26.2,ipu
KAZ,2016,27.1,ipu
KAZ,2017,27.1,ipu
KAZ,2018,27.1,ipu
KAZ,2019,27.1,ipu
KAZ,2020,27.1,ipu
KAZ,2021,27.1,ipu
KAZ,2022,27.4,ipu
KAZ,2023,18.4,ipu
KAZ,2024,19.4,ipu
KAZ,2025,18.4,ipu
KEN,1946,0.0,vdem
KEN,1947,0.0,vdem
KEN,1948,0.0,vdem
KEN,1949,0.0,vdem
KEN,1950,0.0,vdem
KEN,1951,0.0,vdem
KEN,1952,0.0,vdem
KEN,1953,0.0,vdem
KEN,1954,0.0,vdem
KEN,1955,0.0,vdem
KEN,1956,0.0,vdem
KEN,1957,0.0,vdem
KEN,1958,0.0,vdem
KEN,1959,0.0,vdem
KEN,1960,0.0,vdem
KEN,1961,0.0,vdem
KEN,1962,0.0,vdem
KEN,1963,0.0,vdem
KEN,1964,0.0,vdem
KEN,1965,0.0,vdem
KEN,1966,0.0,vdem
KEN,1967,0.0,vdem
KEN,1968,0.0,vdem
KEN,1969,1.2,vdem
KEN,1970,1.2,vdem
KEN,1971,1.2,vdem
KEN,1972,1.2,vdem
KEN,1973,1.2,vdem
KEN,1974,2.3,vdem
KEN,1975,3.5,vdem
KEN,1976,3.5,vdem
KEN,1977,3.5,vdem
KEN,1978,3.5,vdem
KEN,1979,2.9,vdem
KEN,1980,2.9,vdem
KEN,1981,2.9,vdem
KEN,1982,2.9,vdem
KEN,1983,1.7,vdem
KEN,1984,1.7,vdem
KEN,1985,1.7,vdem
KEN,1986,1.7,vdem
KEN,1987,1.7,vdem
KEN,1988,1.0,vdem
KEN,1989,1.1,vdem
KEN,1990,1.1,vdem
KEN,1991,1.1,vdem
KEN,1992,3.0,vdem
KEN,1993,3.0,vdem
KEN,1994,3.0,vdem
KEN,1995,3.0,vdem
KEN,1996,3.0,vdem
KEN,1997,3.0,ipu
KEN,1998,3.6,ipu
KEN,1999,3.6,ipu
KEN,2000,3.6,ipu
KEN,2001,3.6,ipu
KEN,2002,3.6,ipu
KEN,2003,7.1,ipu
KEN,2004,7.1,ipu
KEN,2005,7.1,ipu
KEN,2006,7.3,ipu
KEN,2007,7.2,ipu
KEN,2008,9.8,ipu
KEN,2009,9.8,ipu
KEN,2010,9.8,ipu
KEN,2011,9.8,ipu
KEN,2012,9.8,ipu
KEN,2013,18.6,ipu
KEN,2014,19.1,ipu
KEN,2015,19.7,ipu
KEN,2016,19.7,ipu
KEN,2017,21.8,ipu
KEN,2018,21.8,ipu
KEN,2019,21.8,ipu
KEN,2020,21.8,ipu
KEN,2021,21.6,ipu
KEN,2022,23.4,ipu
KEN,2023,23.3,ipu
KEN,2024,23.3,ipu
KEN,2025,23.4,ipu
KGZ,1946,17.0,vdem
KGZ,1947,17.0,vdem
KGZ,1948,17.0,vdem
KGZ,1949,17.0,vdem
KGZ,1950,19.6,vdem
KGZ,1951,19.6,vdem
KGZ,1952,19.6,vdem
KGZ,1953,19.6,vdem
KGZ,1954,24.0,vdem
KGZ,1955,24.0,vdem
KGZ,1956,24.0,vdem
KGZ,1957,24.0,vdem
KGZ,1958,25.7,vdem
KGZ,1959,25.7,vdem
KGZ,1960,25.7,vdem
KGZ,1961,25.7,vdem
KGZ,1962,27.2,vdem
KGZ,1963,27.2,vdem
KGZ,1964,27.2,vdem
KGZ,1965,27.2,vdem
KGZ,1966,28.9,vdem
KGZ,1967,28.9,vdem
KGZ,1968,28.9,vdem
KGZ,1969,28.9,vdem
KGZ,1970,30.2,vdem
KGZ,1971,30.2,vdem
KGZ,1972,30.2,vdem
KGZ,1973,30.2,vdem
KGZ,1974,30.5,vdem
KGZ,1975,30.5,vdem
KGZ,1976,30.5,vdem
KGZ,1977,30.5,vdem
KGZ,1978,30.5,vdem
KGZ,1979,32.0,vdem
KGZ,1980,32.0,vdem
KGZ,1981,32.0,vdem
KGZ,1982,32.0,vdem
KGZ,1983,32.0,vdem
KGZ,1984,31.1,vdem
KGZ,1985,31.1,vdem
KGZ,1986,31.1,vdem
KGZ,1987,31.1,vdem
KGZ,1988,31.1,vdem
KGZ,1989,20.3,vdem
KGZ,1990,0.0,vdem
KGZ,1991,6.3,vdem
KGZ,1992,6.3,vdem
KGZ,1993,6.3,vdem
KGZ,1994,6.3,vdem
KGZ,1995,1.4,vdem
KGZ,1996,1.4,vdem
KGZ,1997,1.4,ipu
KGZ,1998,1.4,ipu
KGZ,1999,1.4,ipu
KGZ,2000,2.3,ipu
KGZ,2001,10.0,ipu
KGZ,2002,10.0,ipu
KGZ,2003,10.0,ipu
KGZ,2004,10.0,ipu
KGZ,2005,0.0,ipu
KGZ,2006,0.0,ipu
KGZ,2007,25.6,ipu
KGZ,2008,25.6,ipu
KGZ,2009,25.6,ipu
KGZ,2010,23.3,ipu
KGZ,2011,23.3,ipu
KGZ,2012,23.3,ipu
KGZ,2013,23.3,ipu
KGZ,2014,23.3,ipu
KGZ,2015,19.2,ipu
KGZ,2016,19.2,ipu
KGZ,2017,19.2,ipu
KGZ,2018,19.2,ipu
KGZ,2019,19.2,ipu
KGZ,2020,16.5,ipu
KGZ,2021,20.5,ipu
KGZ,2022,20.5,ipu
KGZ,2023,20.0,ipu
KGZ,2024,21.1,ipu
KGZ,2025,33.3,ipu
KHM,1947,0.0,vdem
KHM,1948,0.0,vdem
KHM,1951,0.0,vdem
KHM,1955,0.0,vdem
KHM,1956,0.0,vdem
KHM,1957,0.0,vdem
KHM,1958,1.6,vdem
KHM,1959,1.6,vdem
KHM,1960,1.6,vdem
KHM,1961,1.6,vdem
KHM,1962,0.0,vdem
KHM,1963,0.0,vdem
KHM,1964,0.0,vdem
KHM,1965,0.0,vdem
KHM,1966,0.0,vdem
KHM,1967,0.0,vdem
KHM,1968,0.0,vdem
KHM,1969,0.0,vdem
KHM,1972,3.2,vdem
KHM,1973,3.2,vdem
KHM,1974,3.2,vdem
KHM,1976,18.4,vdem
KHM,1977,18.4,vdem
KHM,1978,18.4,vdem
KHM,1979,18.4,vdem
KHM,1980,18.4,vdem
KHM,1981,18.8,vdem
KHM,1982,18.8,vdem
KHM,1983,18.8,vdem
KHM,1984,18.8,vdem
KHM,1985,18.8,vdem
KHM,1986,19.7,vdem
KHM,1987,21.4,vdem
KHM,1988,21.4,vdem
KHM,1989,21.4,vdem
KHM,1990,21.4,vdem
KHM,1991,21.4,vdem
KHM,1992,21.4,vdem
KHM,1993,5.8,vdem
KHM,1994,5.8,vdem
KHM,1995,5.8,vdem
KHM,1996,5.8,vdem
KHM,1997,5.8,ipu
KHM,1998,5.8,ipu
KHM,1999,8.2,ipu
KHM,2000,7.4,ipu
KHM,2001,7.4,ipu
KHM,2002,7.4,ipu
KHM,2003,9.8,ipu
KHM,2004,9.8,ipu
KHM,2005,9.8,ipu
KHM,2006,9.8,ipu
KHM,2007,19.5,ipu
KHM,2008,16.3,ipu
KHM,2009,21.1,ipu
KHM,2010,21.1,ipu
KHM,2011,20.3,ipu
KHM,2012,20.3,ipu
KHM,2013,20.3,ipu
KHM,2014,20.3,ipu
KHM,2015,20.3,ipu
KHM,2016,20.3,ipu
KHM,2017,20.3,ipu
KHM,2018,20.0,ipu
KHM,2019,20.0,ipu
KHM,2020,20.0,ipu
KHM,2021,21.6,ipu
KHM,2022,20.8,ipu
KHM,2023,13.6,ipu
KHM,2024,13.6,ipu
KHM,2025,13.6,ipu
KIR,1997,0.0,ipu
KIR,1998,0.0,ipu
KIR,1999,4.9,ipu
KIR,2000,4.9,ipu
KIR,2001,4.8,ipu
KIR,2002,4.8,ipu
KIR,2004,4.8,ipu
KIR,2005,4.8,ipu
KIR,2006,7.1,ipu
KIR,2007,4.3,ipu
KIR,2008,4.3,ipu
KIR,2009,4.3,ipu
KIR,2010,4.3,ipu
KIR,2011,8.7,ipu
KIR,2012,8.7,ipu
KIR,2013,8.7,ipu
KIR,2014,8.7,ipu
KIR,2015,8.7,ipu
KIR,2016,6.5,ipu
KIR,2017,6.5,ipu
KIR,2018,6.5,ipu
KIR,2019,6.5,ipu
KIR,2020,8.9,ipu
KIR,2021,6.7,ipu
KIR,2022,6.7,ipu
KIR,2023,6.7,ipu
KIR,2024,11.1,ipu
KIR,2025,11.1,ipu
KNA,1997,13.3,ipu
KNA,1998,13.3,ipu
KNA,1999,13.3,ipu
KNA,2000,13.3,ipu
KNA,2001,13.3,ipu
KNA,2002,13.3,ipu
KNA,2003,13.3,ipu
KNA,2004,0.0,ipu
KNA,2005,0.0,ipu
KNA,2006,0.0,ipu
KNA,2007,6.7,ipu
KNA,2008,6.7,ipu
KNA,2009,6.7,ipu
KNA,2010,6.7,ipu
KNA,2011,6.7,ipu
KNA,2012,6.7,ipu
KNA,2013,6.7,ipu
KNA,2014,6.7,ipu
KNA,2015,13.3,ipu
KNA,2016,13.3,ipu
KNA,2017,13.3,ipu
KNA,2018,13.3,ipu
KNA,2019,13.3,ipu
KNA,2020,25.0,ipu
KNA,2021,25.0,ipu
KNA,2022,31.2,ipu
KNA,2023,31.2,ipu
KNA,2024,31.2,ipu
KNA,2025,31.2,ipu
KOR,1948,0.5,vdem
KOR,1949,0.5,vdem
KOR,1950,1.0,vdem
KOR,1951,1.0,vdem
KOR,1952,1.0,vdem
KOR,1953,1.0,vdem
KOR,1954,0.5,vdem
KOR,1955,0.5,vdem
KOR,1956,0.5,vdem
KOR,1957,0.5,vdem
KOR,1958,1.3,vdem
KOR,1959,1.3,vdem
KOR,1960,0.4,vdem
KOR,1961,0.4,vdem
KOR,1962,0.4,vdem
KOR,1963,1.1,vdem
KOR,1964,1.1,vdem
KOR,1965,1.1,vdem
KOR,1966,1.1,vdem
KOR,1967,1.7,vdem
KOR,1968,1.7,vdem
KOR,1969,1.7,vdem
KOR,1970,1.7,vdem
KOR,1971,2.5,vdem
KOR,1972,2.5,vdem
KOR,1973,5.5,vdem
KOR,1974,5.5,vdem
KOR,1975,5.5,vdem
KOR,1976,5.5,vdem
KOR,1977,5.5,vdem
KOR,1978,3.5,vdem
KOR,1979,3.5,vdem
KOR,1980,3.5,vdem
KOR,1981,3.3,vdem
KOR,1982,3.3,vdem
KOR,1983,3.3,vdem
KOR,1984,3.3,vdem
KOR,1985,2.9,vdem
KOR,1986,2.9,vdem
KOR,1987,2.9,vdem
KOR,1988,2.0,vdem
KOR,1989,2.0,vdem
KOR,1990,2.0,vdem
KOR,1991,2.0,vdem
KOR,1992,2.0,vdem
KOR,1993,2.0,vdem
KOR,1994,2.0,vdem
KOR,1995,2.0,vdem
KOR,1996,3.0,vdem
KOR,1997,3.0,ipu
KOR,1998,3.7,ipu
KOR,1999,3.7,ipu
KOR,2000,5.9,ipu
KOR,2001,5.9,ipu
KOR,2002,5.9,ipu
KOR,2003,5.9,ipu
KOR,2004,13.0,ipu
KOR,2005,13.4,ipu
KOR,2006,13.4,ipu
KOR,2007,14.4,ipu
KOR,2008,13.7,ipu
KOR,2009,14.7,ipu
KOR,2010,14.7,ipu
KOR,2011,14.7,ipu
KOR,2012,15.7,ipu
KOR,2013,15.7,ipu
KOR,2014,16.3,ipu
KOR,2015,16.3,ipu
KOR,2016,17.0,ipu
KOR,2017,17.0,ipu
KOR,2018,17.0,ipu
KOR,2019,16.7,ipu
KOR,2020,19.0,ipu
KOR,2021,19.0,ipu
KOR,2022,18.6,ipu
KOR,2023,19.1,ipu
KOR,2024,20.0,ipu
KOR,2025,20.3,ipu
KWT,1962,0.0,vdem
KWT,1963,0.0,vdem
KWT,1964,0.0,vdem
KWT,1965,0.0,vdem
KWT,1966,0.0,vdem
KWT,1967,0.0,vdem
KWT,1968,0.0,vdem
KWT,1969,0.0,vdem
KWT,1970,0.0,vdem
KWT,1971,0.0,vdem
KWT,1972,0.0,vdem
KWT,1973,0.0,vdem
KWT,1974,0.0,vdem
KWT,1975,0.0,vdem
KWT,1981,0.0,vdem
KWT,1982,0.0,vdem
KWT,1983,0.0,vdem
KWT,1984,0.0,vdem
KWT,1985,0.0,vdem
KWT,1992,0.0,vdem
KWT,1993,0.0,vdem
KWT,1994,0.0,vdem
KWT,1995,0.0,vdem
KWT,1996,0.0,vdem
KWT,1997,0.0,ipu
KWT,1998,0.0,ipu
KWT,1999,0.0,ipu
KWT,2000,0.0,ipu
KWT,2001,0.0,ipu
KWT,2002,0.0,ipu
KWT,2003,0.0,ipu
KWT,2004,0.0,ipu
KWT,2005,1.5,ipu
KWT,2006,1.5,ipu
KWT,2007,1.5,ipu
KWT,2008,3.1,ipu
KWT,2009,7.7,ipu
KWT,2010,7.7,ipu
KWT,2011,7.7,ipu
KWT,2012,6.2,ipu
KWT,2013,6.2,ipu
KWT,2014,1.5,ipu
KWT,2015,1.5,ipu
KWT,2016,2.0,ipu
KWT,2017,3.1,ipu
KWT,2018,3.1,ipu
KWT,2019,4.6,ipu
KWT,2020,6.3,ipu
KWT,2021,1.5,ipu
KWT,2022,6.2,ipu
KWT,2023,3.1,ipu
KWT,2024,2.0,vdem
LAC,1997,13.6,ipu
LAC,1998,16.0,ipu
LAC,1999,14.4,ipu
LAC,2000,15.5,ipu
LAC,2001,14.6,ipu
LAC,2002,16.2,ipu
LAC,2003,18.8,ipu
LAC,2004,19.2,ipu
LAC,2005,20.5,ipu
LAC,2006,20.6,ipu
LAC,2007,21.5,ipu
LAC,2008,22.7,ipu
LAC,2009,23.4,ipu
LAC,2010,23.7,ipu
LAC,2011,23.8,ipu
LAC,2012,25.5,ipu
LAC,2013,26.8,ipu
LAC,2014,28.6,ipu
LAC,2015,29.1,ipu
LAC,2016,30.1,ipu
LAC,2017,30.5,ipu
LAC,2018,32.3,ipu
LAC,2019,32.8,ipu
LAC,2020,34.0,ipu
LAC,2021,35.2,ipu
LAC,2022,36.7,ipu
LAC,2023,36.6,ipu
LAC,2024,37.4,ipu
LAC,2025,37.6,ipu
LAO,1947,0.0,vdem
LAO,1948,0.0,vdem
LAO,1949,0.0,vdem
LAO,1950,0.0,vdem
LAO,1951,0.0,vdem
LAO,1952,0.0,vdem
LAO,1953,0.0,vdem
LAO,1954,0.0,vdem
LAO,1955,0.0,vdem
LAO,1956,0.0,vdem
LAO,1957,0.0,vdem
LAO,1958,1.7,vdem
LAO,1959,1.7,vdem
LAO,1960,0.0,vdem
LAO,1961,0.0,vdem
LAO,1962,0.0,vdem
LAO,1963,0.0,vdem
LAO,1964,0.0,vdem
LAO,1965,0.0,vdem
LAO,1966,0.0,vdem
LAO,1967,0.0,vdem
LAO,1968,0.0,vdem
LAO,1969,0.0,vdem
LAO,1970,0.0,vdem
LAO,1971,0.0,vdem
LAO,1972,3.4,vdem
LAO,1973,3.4,vdem
LAO,1974,3.4,vdem
LAO,1989,6.3,vdem
LAO,1990,6.3,vdem
LAO,1991,6.3,vdem
LAO,1992,9.4,vdem
LAO,1993,9.4,vdem
LAO,1994,9.4,vdem
LAO,1995,9.4,vdem
LAO,1996,9.4,vdem
LAO,1997,21.2,vdem
LAO,1998,21.2,ipu
LAO,1999,21.2,ipu
LAO,2000,21.2,ipu
LAO,2001,21.2,ipu
LAO,2002,22.9,ipu
LAO,2003,22.9,ipu
LAO,2004,22.9,ipu
LAO,2005,22.9,ipu
LAO,2006,25.2,ipu
LAO,2007,25.2,ipu
LAO,2008,25.2,ipu
LAO,2009,25.2,ipu
LAO,2010,25.2,ipu
LAO,2011,25.0,ipu
LAO,2012,25.0,ipu
LAO,2013,25.0,ipu
LAO,2014,25.0,ipu
LAO,2015,25.0,ipu
LAO,2016,27.5,ipu
LAO,2017,27.5,ipu
LAO,2018,27.5,ipu
LAO,2019,27.5,ipu
LAO,2020,27.5,ipu
LAO,2021,22.0,ipu
LAO,2022,22.0,ipu
LAO,2023,22.0,ipu
LAO,2024,22.0,ipu
LAO,2025,22.0,ipu
LBN,1946,0.0,vdem
LBN,1947,0.0,vdem
LBN,1948,0.0,vdem
LBN,1949,0.0,vdem
LBN,1950,0.0,vdem
LBN,1951,0.0,vdem
LBN,1952,0.0,vdem
LBN,1953,0.0,vdem
LBN,1954,0.0,vdem
LBN,1955,0.0,vdem
LBN,1956,0.0,vdem
LBN,1957,0.0,vdem
LBN,1958,0.0,vdem
LBN,1959,0.0,vdem
LBN,1960,0.0,vdem
LBN,1961,0.0,vdem
LBN,1962,0.0,vdem
LBN,1963,0.0,vdem
LBN,1964,0.0,vdem
LBN,1965,0.0,vdem
LBN,1966,0.0,vdem
LBN,1967,0.0,vdem
LBN,1968,0.0,vdem
LBN,1969,0.0,vdem
LBN,1970,0.0,vdem
LBN,1971,0.0,vdem
LBN,1972,0.0,vdem
LBN,1973,0.0,vdem
LBN,1974,0.0,vdem
LBN,1975,0.0,vdem
LBN,1976,0.0,vdem
LBN,1977,0.0,vdem
LBN,1978,0.0,vdem
LBN,1979,0.0,vdem
LBN,1980,0.0,vdem
LBN,1981,0.0,vdem
LBN,1982,0.0,vdem
LBN,1983,0.0,vdem
LBN,1984,0.0,vdem
LBN,1985,0.0,vdem
LBN,1986,0.0,vdem
LBN,1987,0.0,vdem
LBN,1988,0.0,vdem
LBN,1989,0.0,vdem
LBN,1990,0.0,vdem
LBN,1991,0.9,vdem
LBN,1992,2.3,vdem
LBN,1993,2.3,vdem
LBN,1994,2.3,vdem
LBN,1995,2.3,vdem
LBN,1996,2.3,vdem
LBN,1997,2.3,ipu
LBN,1998,2.3,ipu
LBN,1999,2.3,ipu
LBN,2000,2.3,ipu
LBN,2001,2.3,ipu
LBN,2002,2.3,ipu
LBN,2003,2.3,ipu
LBN,2004,2.3,ipu
LBN,2005,4.7,ipu
LBN,2006,4.7,ipu
LBN,2007,4.7,ipu
LBN,2008,4.7,ipu
LBN,2009,3.1,ipu
LBN,2010,3.1,ipu
LBN,2011,3.1,ipu
LBN,2012,3.1,ipu
LBN,2013,3.1,ipu
LBN,2014,3.1,ipu
LBN,2015,3.1,ipu
LBN,2016,3.1,ipu
LBN,2017,3.1,ipu
LBN,2018,4.7,ipu
LBN,2019,4.7,ipu
LBN,2020,4.7,ipu
LBN,2021,4.7,ipu
LBN,2022,6.2,ipu
LBN,2023,6.2,ipu
LBN,2024,6.2,ipu
LBN,2025,6.2,ipu
LBR,1946,0.0,vdem
LBR,1947,0.0,vdem
LBR,1948,0.0,vdem
LBR,1949,0.0,vdem
LBR,1950,0.0,vdem
LBR,1951,0.0,vdem
LBR,1952,0.0,vdem
LBR,1953,0.0,vdem
LBR,1954,0.0,vdem
LBR,1955,0.0,vdem
LBR,1956,0.0,vdem
LBR,1957,0.0,vdem
LBR,1958,0.0,vdem
LBR,1959,0.0,vdem
LBR,1960,0.0,vdem
LBR,1961,0.0,vdem
LBR,1962,0.0,vdem
LBR,1963,0.0,vdem
LBR,1964,0.0,vdem
LBR,1965,0.0,vdem
LBR,1966,0.0,vdem
LBR,1967,0.0,vdem
LBR,1968,0.0,vdem
LBR,1969,0.0,vdem
LBR,1970,0.0,vdem
LBR,1971,0.0,vdem
LBR,1972,0.0,vdem
LBR,1973,0.0,vdem
LBR,1974,0.0,vdem
LBR,1975,0.0,vdem
LBR,1976,0.0,vdem
LBR,1977,0.0,vdem
LBR,1978,0.0,vdem
LBR,1979,0.0,vdem
LBR,1984,0.0,vdem
LBR,1985,4.7,vdem
LBR,1986,4.7,vdem
LBR,1987,4.7,vdem
LBR,1988,4.7,vdem
LBR,1990,4.7,vdem
LBR,1991,4.7,vdem
LBR,1992,4.7,vdem
LBR,1993,4.7,vdem
LBR,1994,5.7,vdem
LBR,1995,5.7,vdem
LBR,1996,5.7,vdem
LBR,1997,7.8,vdem
LBR,1998,7.8,vdem
LBR,1999,7.8,vdem
LBR,2000,7.8,ipu
LBR,2001,7.8,ipu
LBR,2002,7.8,ipu
LBR,2003,7.8,ipu
LBR,2004,5.3,ipu
LBR,2005,12.5,ipu
LBR,2006,12.5,ipu
LBR,2007,12.5,ipu
LBR,2008,12.5,ipu
LBR,2009,12.5,ipu
LBR,2010,12.5,ipu
LBR,2011,9.6,ipu
LBR,2012,11.0,ipu
LBR,2013,11.0,ipu
LBR,2014,11.0,ipu
LBR,2015,11.0,ipu
LBR,2016,11.0,ipu
LBR,2017,9.9,ipu
LBR,2018,12.3,ipu
LBR,2019,12.3,ipu
LBR,2020,12.3,ipu
LBR,2021,11.0,ipu
LBR,2022,11.0,ipu
LBR,2023,11.0,ipu
LBR,2024,11.0,ipu
LBR,2025,11.0,ipu
LBY,1952,0.0,vdem
LBY,1953,0.0,vdem
LBY,1954,0.0,vdem
LBY,1955,0.0,vdem
LBY,1956,0.0,vdem
LBY,1957,0.0,vdem
LBY,1958,0.0,vdem
LBY,1959,0.0,vdem
LBY,1960,0.0,vdem
LBY,1961,0.0,vdem
LBY,1962,0.0,vdem
LBY,1963,0.0,vdem
LBY,1964,0.0,vdem
LBY,1965,0.0,vdem
LBY,1966,0.0,vdem
LBY,1967,0.0,vdem
LBY,1968,0.0,vdem
LBY,1977,0.0,vdem
LBY,1978,0.0,vdem
LBY,1979,0.0,vdem
LBY,1980,0.0,vdem
LBY,1981,0.0,vdem
LBY,1982,0.0,vdem
LBY,1983,0.0,vdem
LBY,1984,0.0,vdem
LBY,1985,0.0,vdem
LBY,1986,0.0,vdem
LBY,1987,0.0,vdem
LBY,1988,0.0,vdem
LBY,1989,0.0,vdem
LBY,1990,0.0,vdem
LBY,1991,0.0,vdem
LBY,1992,0.0,vdem
LBY,1993,0.0,vdem
LBY,1994,0.0,vdem
LBY,1995,0.0,vdem
LBY,1996,0.0,vdem
LBY,1997,0.0,vdem
LBY,1998,0.0,vdem
LBY,1999,0.0,vdem
LBY,2000,0.0,vdem
LBY,2001,0.0,vdem
LBY,2002,0.0,vdem
LBY,2003,0.0,vdem
LBY,2004,0.0,vdem
LBY,2005,4.7,ipu
LBY,2006,7.7,ipu
LBY,2007,7.7,ipu
LBY,2008,7.7,ipu
LBY,2009,7.7,ipu
LBY,2010,7.7,ipu
LBY,2012,16.5,ipu
LBY,2013,16.5,ipu
LBY,2014,16.0,ipu
LBY,2015,16.0,ipu
LBY,2016,16.0,ipu
LBY,2017,16.0,ipu
LBY,2018,16.0,ipu
LBY,2019,16.0,ipu
LBY,2020,16.0,ipu
LBY,2021,16.0,ipu
LBY,2022,16.5,ipu
LBY,2023,16.5,ipu
LBY,2024,16.5,ipu
LBY,2025,16.5,ipu
LCA,1997,11.8,ipu
LCA,1998,11.8,ipu
LCA,1999,11.1,ipu
LCA,2000,11.1,ipu
LCA,2002,11.1,ipu
LCA,2003,11.1,ipu
LCA,2004,11.1,ipu
LCA,2005,11.1,ipu
LCA,2006,0.0,ipu
LCA,2007,11.1,ipu
LCA,2008,11.1,ipu
LCA,2009,11.1,ipu
LCA,2010,11.1,ipu
LCA,2011,16.7,ipu
LCA,2012,16.7,ipu
LCA,2013,16.7,ipu
LCA,2014,16.7,ipu
LCA,2015,16.7,ipu
LCA,2016,16.7,ipu
LCA,2017,16.7,ipu
LCA,2018,16.7,ipu
LCA,2019,16.7,ipu
LCA,2020,16.7,ipu
LCA,2021,11.1,ipu
LCA,2022,11.1,ipu
LCA,2023,11.1,ipu
LCA,2024,11.1,ipu
LCA,2025,10.5,ipu
LCN,1997,13.1,ipu
LCN,1998,15.4,ipu
LCN,1999,14.3,ipu
LCN,2000,15.2,ipu
LCN,2001,14.4,ipu
LCN,2002,16.1,ipu
LCN,2003,18.5,ipu
LCN,2004,19.0,ipu
LCN,2005,20.2,ipu
LCN,2006,20.3,ipu
LCN,2007,21.1,ipu
LCN,2008,22.2,ipu
LCN,2009,22.7,ipu
LCN,2010,23.0,ipu
LCN,2011,23.0,ipu
LCN,2012,24.5,ipu
LCN,2013,25.8,ipu
LCN,2014,27.5,ipu
LCN,2015,27.9,ipu
LCN,2016,28.8,ipu
LCN,2017,29.7,ipu
LCN,2018,31.2,ipu
LCN,2019,31.7,ipu
LCN,2020,32.8,ipu
LCN,2021,34.4,ipu
LCN,2022,35.7,ipu
LCN,2023,35.7,ipu
LCN,2024,36.5,ipu
LCN,2025,36.6,ipu
LDC,1997,8.7,ipu
LDC,1998,8.8,ipu
LDC,1999,8.5,ipu
LDC,2000,10.0,ipu
LDC,2002,12.2,ipu
LDC,2003,12.6,ipu
LDC,2004,12.9,ipu
LDC,2005,16.0,ipu
LDC,2006,16.4,ipu
LDC,2007,17.6,ipu
LDC,2008,19.0,ipu
LDC,2009,19.7,ipu
LDC,2010,19.4,ipu
LDC,2011,21.0,ipu
LDC,2012,21.6,ipu
LDC,2013,21.2,ipu
LDC,2014,21.4,ipu
LDC,2015,23.3,ipu
LDC,2016,23.3,ipu
LDC,2017,23.2,ipu
LDC,2018,23.0,ipu
LDC,2019,23.1,ipu
LDC,2020,24.4,ipu
LDC,2021,25.3,ipu
LDC,2022,26.2,ipu
LDC,2023,26.7,ipu
LDC,2024,27.0,ipu
LDC,2025,26.8,ipu
LIE,1997,4.0,ipu
LIE,1998,4.0,ipu
LIE,1999,4.0,ipu
LIE,2000,4.0,ipu
LIE,2001,12.0,ipu
LIE,2002,12.0,ipu
LIE,2003,12.0,ipu
LIE,2004,12.0,ipu
LIE,2005,24.0,ipu
LIE,2006,24.0,ipu
LIE,2007,24.0,ipu
LIE,2008,24.0,ipu
LIE,2009,24.0,ipu
LIE,2010,24.0,ipu
LIE,2011,24.0,ipu
LIE,2012,24.0,ipu
LIE,2013,20.0,ipu
LIE,2014,20.0,ipu
LIE,2015,20.0,ipu
LIE,2016,20.0,ipu
LIE,2017,12.0,ipu
LIE,2018,12.0,ipu
LIE,2019,12.0,ipu
LIE,2020,12.0,ipu
LIE,2021,28.0,ipu
LIE,2022,28.0,ipu
LIE,2023,28.0,ipu
LIE,2024,28.0,ipu
LIE,2025,32.0,ipu
LKA,1946,1.7,vdem
LKA,1947,1.7,vdem
LKA,1948,3.0,vdem
LKA,1949,5.0,vdem
LKA,1950,5.0,vdem
LKA,1951,5.0,vdem
LKA,1952,2.0,vdem
LKA,1953,2.0,vdem
LKA,1954,2.0,vdem
LKA,1955,2.0,vdem
LKA,1956,3.0,vdem
LKA,1957,4.0,vdem
LKA,1958,4.0,vdem
LKA,1959,4.0,vdem
LKA,1960,1.3,vdem
LKA,1961,1.3,vdem
LKA,1962,1.3,vdem
LKA,1963,1.3,vdem
LKA,1964,1.9,vdem
LKA,1965,2.5,vdem
LKA,1966,3.8,vdem
LKA,1967,5.1,vdem
LKA,1968,5.1,vdem
LKA,1969,5.1,vdem
LKA,1970,3.8,vdem
LKA,1971,3.8,vdem
LKA,1972,3.8,vdem
LKA,1973,3.8,vdem
LKA,1974,3.8,vdem
LKA,1975,3.8,vdem
LKA,1976,3.8,vdem
LKA,1977,2.4,vdem
LKA,1978,2.4,vdem
LKA,1979,2.4,vdem
LKA,1980,2.4,vdem
LKA,1981,2.4,vdem
LKA,1982,2.4,vdem
LKA,1983,2.4,vdem
LKA,1984,2.4,vdem
LKA,1985,2.4,vdem
LKA,1986,2.4,vdem
LKA,1987,2.4,vdem
LKA,1988,2.4,vdem
LKA,1989,4.9,vdem
LKA,1990,4.9,vdem
LKA,1991,5.3,vdem
LKA,1992,5.3,vdem
LKA,1993,5.3,vdem
LKA,1994,5.3,vdem
LKA,1995,5.3,vdem
LKA,1996,5.3,vdem
LKA,1997,5.3,ipu
LKA,1998,5.3,ipu
LKA,1999,4.9,ipu
LKA,2000,4.0,vdem
LKA,2001,4.4,vdem
LKA,2002,4.4,ipu
LKA,2003,4.4,ipu
LKA,2004,4.9,ipu
LKA,2005,4.9,ipu
LKA,2006,4.9,ipu
LKA,2007,5.8,ipu
LKA,2008,5.8,ipu
LKA,2009,5.8,ipu
LKA,2010,5.3,ipu
LKA,2011,5.8,ipu
LKA,2012,5.8,ipu
LKA,2013,5.8,ipu
LKA,2014,5.8,ipu
LKA,2015,4.9,ipu
LKA,2016,5.8,ipu
LKA,2017,5.8,ipu
LKA,2018,5.8,ipu
LKA,2019,5.3,ipu
LKA,2020,5.4,ipu
LKA,2021,5.4,ipu
LKA,2022,5.3,ipu
LKA,2023,5.3,ipu
LKA,2024,10.0,ipu
LKA,2025,9.8,ipu
LMY,1998,11.8,ipu
LMY,1999,11.8,ipu
LMY,2000,12.1,ipu
LMY,2001,12.4,ipu
LMY,2002,13.6,ipu
LMY,2003,13.4,ipu
LMY,2004,14.3,ipu
LMY,2005,15.0,ipu
LMY,2006,15.5,ipu
LMY,2007,16.4,ipu
LMY,2008,17.1,ipu
LMY,2009,17.8,ipu
LMY,2010,18.0,ipu
LMY,2011,18.7,ipu
LMY,2012,19.8,ipu
LMY,2013,20.6,ipu
LMY,2014,21.1,ipu
LMY,2015,21.8,ipu
LMY,2016,22.2,ipu
LMY,2017,22.3,ipu
LMY,2018,22.7,ipu
LMY,2019,23.0,ipu
LMY,2020,24.0,ipu
LMY,2021,24.5,ipu
LMY,2022,24.9,ipu
LMY,2023,25.2,ipu
LMY,2024,25.4,ipu
LMY,2025,25.6,ipu
LSO,1950,0.0,vdem
LSO,1951,0.0,vdem
LSO,1952,0.0,vdem
LSO,1953,0.0,vdem
LSO,1954,0.0,vdem
LSO,1955,0.0,vdem
LSO,1956,0.0,vdem
LSO,1957,0.0,vdem
LSO,1958,0.0,vdem
LSO,1959,0.0,vdem
LSO,1960,0.0,vdem
LSO,1961,0.0,vdem
LSO,1962,0.0,vdem
LSO,1963,0.0,vdem
LSO,1964,0.0,vdem
LSO,1965,0.0,vdem
LSO,1966,0.0,vdem
LSO,1967,0.0,vdem
LSO,1968,0.0,vdem
LSO,1973,6.5,vdem
LSO,1974,6.5,vdem
LSO,1975,6.5,vdem
LSO,1976,6.5,vdem
LSO,1977,6.5,vdem
LSO,1978,6.5,vdem
LSO,1979,6.5,vdem
LSO,1980,6.5,vdem
LSO,1981,6.5,vdem
LSO,1982,6.5,vdem
LSO,1983,6.5,vdem
LSO,1984,6.5,vdem
LSO,1985,0.0,vdem
LSO,1990,7.3,vdem
LSO,1991,7.3,vdem
LSO,1992,7.3,vdem
LSO,1993,4.6,vdem
LSO,1994,4.6,vdem
LSO,1995,4.6,vdem
LSO,1996,4.6,vdem
LSO,1997,4.6,ipu
LSO,1998,3.8,ipu
LSO,1999,3.8,ipu
LSO,2000,3.8,ipu
LSO,2001,3.8,ipu
LSO,2002,11.7,vdem
LSO,2003,11.7,ipu
LSO,2004,11.7,ipu
LSO,2005,11.7,ipu
LSO,2006,11.7,ipu
LSO,2007,23.5,ipu
LSO,2008,25.0,ipu
LSO,2009,24.2,ipu
LSO,2010,24.2,ipu
LSO,2011,24.2,ipu
LSO,2012,26.7,ipu
LSO,2013,26.7,ipu
LSO,2014,26.7,ipu
LSO,2015,25.0,ipu
LSO,2016,25.0,ipu
LSO,2017,22.1,ipu
LSO,2018,22.1,ipu
LSO,2019,23.3,ipu
LSO,2020,23.3,ipu
LSO,2021,23.3,ipu
LSO,2022,26.4,ipu
LSO,2023,26.4,ipu
LSO,2024,25.0,ipu
LSO,2025,25.0,ipu
LTE,1998,14.2,ipu
LTE,1999,14.7,ipu
LTE,2000,14.8,ipu
LTE,2001,15.1,ipu
LTE,2002,15.7,ipu
LTE,2003,15.1,ipu
LTE,2004,15.8,ipu
LTE,2005,16.0,ipu
LTE,2006,16.0,ipu
LTE,2007,16.7,ipu
LTE,2008,17.1,ipu
LTE,2009,17.2,ipu
LTE,2010,17.3,ipu
LTE,2011,17.7,ipu
LTE,2012,18.3,ipu
LTE,2013,18.9,ipu
LTE,2014,19.1,ipu
LTE,2015,19.4,ipu
LTE,2016,19.9,ipu
LTE,2017,20.7,ipu
LTE,2018,21.5,ipu
LTE,2019,22.0,ipu
LTE,2020,22.2,ipu
LTE,2021,23.0,ipu
LTE,2022,23.3,ipu
LTE,2023,23.6,ipu
LTE,2024,24.3,ipu
LTE,2025,24.5,ipu
LTU,1946,17.0,vdem
LTU,1947,17.0,vdem
LTU,1948,17.0,vdem
LTU,1949,17.0,vdem
LTU,1950,19.6,vdem
LTU,1951,19.6,vdem
LTU,1952,19.6,vdem
LTU,1953,19.6,vdem
LTU,1954,24.0,vdem
LTU,1955,24.0,vdem
LTU,1956,24.0,vdem
LTU,1957,24.0,vdem
LTU,1958,25.7,vdem
LTU,1959,25.7,vdem
LTU,1960,25.7,vdem
LTU,1961,25.7,vdem
LTU,1962,27.2,vdem
LTU,1963,27.2,vdem
LTU,1964,27.2,vdem
LTU,1965,27.2,vdem
LTU,1966,28.9,vdem
LTU,1967,28.9,vdem
LTU,1968,28.9,vdem
LTU,1969,28.9,vdem
LTU,1970,30.2,vdem
LTU,1971,30.2,vdem
LTU,1972,30.2,vdem
LTU,1973,30.2,vdem
LTU,1974,30.5,vdem
LTU,1975,30.5,vdem
LTU,1976,30.5,vdem
LTU,1977,30.5,vdem
LTU,1978,30.5,vdem
LTU,1979,32.0,vdem
LTU,1980,32.0,vdem
LTU,1981,32.0,vdem
LTU,1982,32.0,vdem
LTU,1983,32.0,vdem
LTU,1984,31.1,vdem
LTU,1985,31.1,vdem
LTU,1986,31.1,vdem
LTU,1987,31.1,vdem
LTU,1988,31.1,vdem
LTU,1989,20.3,vdem
LTU,1990,0.0,vdem
LTU,1991,8.1,vdem
LTU,1992,7.1,vdem
LTU,1993,7.1,vdem
LTU,1994,7.1,vdem
LTU,1995,7.1,vdem
LTU,1996,17.5,vdem
LTU,1997,17.5,ipu
LTU,1998,17.5,ipu
LTU,1999,17.5,ipu
LTU,2000,10.6,ipu
LTU,2001,10.6,ipu
LTU,2002,10.6,ipu
LTU,2003,10.6,ipu
LTU,2004,22.0,ipu
LTU,2005,22.0,ipu
LTU,2006,24.8,ipu
LTU,2007,22.7,ipu
LTU,2008,17.7,ipu
LTU,2009,19.1,ipu
LTU,2010,19.1,ipu
LTU,2011,19.1,ipu
LTU,2012,24.5,ipu
LTU,2013,24.1,ipu
LTU,2014,24.1,ipu
LTU,2015,23.4,ipu
LTU,2016,21.3,ipu
LTU,2017,21.3,ipu
LTU,2018,21.3,ipu
LTU,2019,21.3,ipu
LTU,2020,27.0,ipu
LTU,2021,27.7,ipu
LTU,2022,28.4,ipu
LTU,2023,28.4,ipu
LTU,2024,28.4,ipu
LTU,2025,28.4,ipu
LUX,1946,0.0,vdem
LUX,1947,0.0,vdem
LUX,1948,0.0,vdem
LUX,1949,0.0,vdem
LUX,1950,0.0,vdem
LUX,1951,0.0,vdem
LUX,1952,0.0,vdem
LUX,1953,0.0,vdem
LUX,1954,0.0,vdem
LUX,1955,0.0,vdem
LUX,1956,0.0,vdem
LUX,1957,0.0,vdem
LUX,1958,0.0,vdem
LUX,1959,0.0,vdem
LUX,1960,0.0,vdem
LUX,1961,0.0,vdem
LUX,1962,0.0,vdem
LUX,1963,0.0,vdem
LUX,1964,0.0,vdem
LUX,1965,1.8,vdem
LUX,1966,1.8,vdem
LUX,1967,1.8,vdem
LUX,1968,3.6,vdem
LUX,1969,3.6,vdem
LUX,1970,3.6,vdem
LUX,1971,3.6,vdem
LUX,1972,3.6,vdem
LUX,1973,3.6,vdem
LUX,1974,5.1,vdem
LUX,1975,5.1,vdem
LUX,1976,5.1,vdem
LUX,1977,5.1,vdem
LUX,1978,5.1,vdem
LUX,1979,13.6,vdem
LUX,1980,13.6,vdem
LUX,1981,13.6,vdem
LUX,1982,13.6,vdem
LUX,1983,13.6,vdem
LUX,1984,11.7,vdem
LUX,1985,11.7,vdem
LUX,1986,11.7,vdem
LUX,1987,11.7,vdem
LUX,1988,11.7,vdem
LUX,1989,13.3,vdem
LUX,1990,13.3,vdem
LUX,1991,13.3,vdem
LUX,1992,13.3,vdem
LUX,1993,13.3,vdem
LUX,1994,20.0,vdem
LUX,1995,20.0,vdem
LUX,1996,20.0,vdem
LUX,1997,20.0,ipu
LUX,1998,20.0,ipu
LUX,1999,16.7,ipu
LUX,2000,16.7,ipu
LUX,2001,16.7,ipu
LUX,2002,16.7,ipu
LUX,2003,16.7,ipu
LUX,2004,23.3,ipu
LUX,2005,23.3,ipu
LUX,2006,23.3,ipu
LUX,2007,23.3,ipu
LUX,2008,23.3,ipu
LUX,2009,20.0,ipu
LUX,2010,20.0,ipu
LUX,2011,25.0,ipu
LUX,2012,21.7,ipu
LUX,2013,28.3,ipu
LUX,2014,28.3,ipu
LUX,2015,28.3,ipu
LUX,2016,28.3,ipu
LUX,2017,28.3,ipu
LUX,2018,20.0,ipu
LUX,2019,25.0,ipu
LUX,2020,30.0,ipu
LUX,2021,35.0,ipu
LUX,2022,33.3,ipu
LUX,2023,33.3,ipu
LUX,2024,33.3,ipu
LUX,2025,35.0,ipu
LVA,1946,17.0,vdem
LVA,1947,17.0,vdem
LVA,1948,17.0,vdem
LVA,1949,17.0,vdem
LVA,1950,19.6,vdem
LVA,1951,19.6,vdem
LVA,1952,19.6,vdem
LVA,1953,19.6,vdem
LVA,1954,24.0,vdem
LVA,1955,24.0,vdem
LVA,1956,24.0,vdem
LVA,1957,24.0,vdem
LVA,1958,25.7,vdem
LVA,1959,25.7,vdem
LVA,1960,25.7,vdem
LVA,1961,25.7,vdem
LVA,1962,27.2,vdem
LVA,1963,27.2,vdem
LVA,1964,27.2,vdem
LVA,1965,27.2,vdem
LVA,1966,28.9,vdem
LVA,1967,28.9,vdem
LVA,1968,28.9,vdem
LVA,1969,28.9,vdem
LVA,1970,30.2,vdem
LVA,1971,30.2,vdem
LVA,1972,30.2,vdem
LVA,1973,30.2,vdem
LVA,1974,30.5,vdem
LVA,1975,30.5,vdem
LVA,1976,30.5,vdem
LVA,1977,30.5,vdem
LVA,1978,30.5,vdem
LVA,1979,32.0,vdem
LVA,1980,32.0,vdem
LVA,1981,32.0,vdem
LVA,1982,32.0,vdem
LVA,1983,32.0,vdem
LVA,1984,31.1,vdem
LVA,1985,31.1,vdem
LVA,1986,31.1,vdem
LVA,1987,31.1,vdem
LVA,1988,31.1,vdem
LVA,1989,20.3,vdem
LVA,1993,15.0,vdem
LVA,1994,15.0,vdem
LVA,1995,9.0,vdem
LVA,1996,9.0,vdem
LVA,1997,9.0,ipu
LVA,1998,9.0,ipu
LVA,1999,17.0,ipu
LVA,2000,17.0,ipu
LVA,2001,17.0,ipu
LVA,2002,18.0,ipu
LVA,2003,21.0,ipu
LVA,2004,21.0,ipu
LVA,2005,21.0,ipu
LVA,2006,19.0,ipu
LVA,2007,20.0,ipu
LVA,2008,20.0,ipu
LVA,2009,22.0,ipu
LVA,2010,20.0,ipu
LVA,2011,23.0,ipu
LVA,2012,23.0,ipu
LVA,2013,23.0,ipu
LVA,2014,18.0,ipu
LVA,2015,18.0,ipu
LVA,2016,18.0,ipu
LVA,2017,16.0,ipu
LVA,2018,31.0,ipu
LVA,2019,30.0,ipu
LVA,2020,30.0,ipu
LVA,2021,29.0,ipu
LVA,2022,30.0,ipu
LVA,2023,32.0,ipu
LVA,2024,32.0,ipu
LVA,2025,31.0,ipu
MAR,1963,0.0,vdem
MAR,1964,0.0,vdem
MAR,1965,0.0,vdem
MAR,1970,0.0,vdem
MAR,1971,0.0,vdem
MAR,1972,0.0,vdem
MAR,1973,0.0,vdem
MAR,1977,0.0,vdem
MAR,1978,0.0,vdem
MAR,1979,0.0,vdem
MAR,1980,0.0,vdem
MAR,1981,0.0,vdem
MAR,1982,0.0,vdem
MAR,1983,0.0,vdem
MAR,1984,0.0,vdem
MAR,1985,0.0,vdem
MAR,1986,0.0,vdem
MAR,1987,0.0,vdem
MAR,1988,0.0,vdem
MAR,1989,0.0,vdem
MAR,1990,0.0,vdem
MAR,1991,0.0,vdem
MAR,1992,0.0,vdem
MAR,1993,0.6,vdem
MAR,1994,0.6,vdem
MAR,1995,0.6,vdem
MAR,1996,0.6,vdem
MAR,1997,0.6,ipu
MAR,1998,0.6,ipu
MAR,1999,0.6,ipu
MAR,2000,0.6,ipu
MAR,2001,0.6,ipu
MAR,2002,10.8,ipu
MAR,2003,10.8,ipu
MAR,2004,10.8,ipu
MAR,2005,10.8,ipu
MAR,2006,10.8,ipu
MAR,2007,10.5,ipu
MAR,2008,10.5,ipu
MAR,2009,10.5,ipu
MAR,2010,10.5,ipu
MAR,2011,17.0,ipu
MAR,2012,17.0,ipu
MAR,2013,17.0,ipu
MAR,2014,17.0,ipu
MAR,2015,17.0,ipu
MAR,2016,20.5,ipu
MAR,2017,20.5,ipu
MAR,2018,20.5,ipu
MAR,2019,20.5,ipu
MAR,2020,20.5,ipu
MAR,2021,22.8,ipu
MAR,2022,24.1,ipu
MAR,2023,24.3,ipu
MAR,2024,24.3,ipu
MAR,2025,24.3,ipu
MCO,1997,5.6,ipu
MCO,1998,22.2,ipu
MCO,1999,22.2,ipu
MCO,2000,22.2,ipu
MCO,2001,22.2,ipu
MCO,2002,22.2,ipu
MCO,2003,20.8,ipu
MCO,2004,20.8,ipu
MCO,2005,20.8,ipu
MCO,2006,20.8,ipu
MCO,2007,20.8,ipu
MCO,2008,25.0,ipu
MCO,2009,26.1,ipu
MCO,2010,26.1,ipu
MCO,2011,19.0,ipu
MCO,2012,19.0,ipu
MCO,2013,20.8,ipu
MCO,2014,20.8,ipu
MCO,2015,20.8,ipu
MCO,2016,20.8,ipu
MCO,2017,20.8,ipu
MCO,2018,33.3,ipu
MCO,2019,33.3,ipu
MCO,2020,33.3,ipu
MCO,2021,33.3,ipu
MCO,2022,33.3,ipu
MCO,2023,45.8,ipu
MCO,2024,45.8,ipu
MCO,2025,45.8,ipu
MDA,1946,17.0,vdem
MDA,1947,17.0,vdem
MDA,1948,17.0,vdem
MDA,1949,17.0,vdem
MDA,1950,19.6,vdem
MDA,1951,19.6,vdem
MDA,1952,19.6,vdem
MDA,1953,19.6,vdem
MDA,1954,24.0,vdem
MDA,1955,24.0,vdem
MDA,1956,24.0,vdem
MDA,1957,24.0,vdem
MDA,1958,25.7,vdem
MDA,1959,25.7,vdem
MDA,1960,25.7,vdem
MDA,1961,25.7,vdem
MDA,1962,27.2,vdem
MDA,1963,27.2,vdem
MDA,1964,27.2,vdem
MDA,1965,27.2,vdem
MDA,1966,28.9,vdem
MDA,1967,28.9,vdem
MDA,1968,28.9,vdem
MDA,1969,28.9,vdem
MDA,1970,30.2,vdem
MDA,1971,30.2,vdem
MDA,1972,30.2,vdem
MDA,1973,30.2,vdem
MDA,1974,30.5,vdem
MDA,1975,30.5,vdem
MDA,1976,30.5,vdem
MDA,1977,30.5,vdem
MDA,1978,30.5,vdem
MDA,1979,32.0,vdem
MDA,1980,32.0,vdem
MDA,1981,32.0,vdem
MDA,1982,32.0,vdem
MDA,1983,32.0,vdem
MDA,1984,31.1,vdem
MDA,1985,31.1,vdem
MDA,1986,31.1,vdem
MDA,1987,31.1,vdem
MDA,1988,31.1,vdem
MDA,1989,20.3,vdem
MDA,1990,0.0,vdem
MDA,1991,2.1,vdem
MDA,1992,2.1,vdem
MDA,1993,2.1,vdem
MDA,1994,4.8,vdem
MDA,1995,4.8,vdem
MDA,1996,4.8,vdem
MDA,1997,4.8,ipu
MDA,1998,8.9,vdem
MDA,1999,8.9,ipu
MDA,2000,7.9,ipu
MDA,2001,12.9,ipu
MDA,2002,12.9,ipu
MDA,2003,12.9,ipu
MDA,2004,15.8,ipu
MDA,2005,21.8,ipu
MDA,2006,21.8,ipu
MDA,2007,21.8,ipu
MDA,2008,21.8,ipu
MDA,2009,23.8,ipu
MDA,2010,18.8,ipu
MDA,2011,19.8,ipu
MDA,2012,19.8,ipu
MDA,2013,19.8,ipu
MDA,2014,17.8,ipu
MDA,2015,21.8,ipu
MDA,2016,21.8,ipu
MDA,2017,22.8,ipu
MDA,2018,22.8,ipu
MDA,2019,25.7,ipu
MDA,2020,24.8,ipu
MDA,2021,39.6,ipu
MDA,2022,40.6,ipu
MDA,2023,38.6,ipu
MDA,2024,40.8,ipu
MDA,2025,39.6,ipu
MDG,1947,0.0,vdem
MDG,1948,0.0,vdem
MDG,1949,0.0,vdem
MDG,1950,0.0,vdem
MDG,1951,0.0,vdem
MDG,1952,0.0,vdem
MDG,1953,0.0,vdem
MDG,1954,0.0,vdem
MDG,1955,0.0,vdem
MDG,1956,0.0,vdem
MDG,1957,0.0,vdem
MDG,1958,0.0,vdem
MDG,1959,0.0,vdem
MDG,1960,0.0,vdem
MDG,1961,0.0,vdem
MDG,1962,0.0,vdem
MDG,1963,0.0,vdem
MDG,1964,0.0,vdem
MDG,1965,0.9,vdem
MDG,1966,0.9,vdem
MDG,1967,0.9,vdem
MDG,1968,0.9,vdem
MDG,1969,0.9,vdem
MDG,1970,5.6,vdem
MDG,1971,5.8,vdem
MDG,1975,5.8,vdem
MDG,1976,5.8,vdem
MDG,1977,2.9,vdem
MDG,1978,2.9,vdem
MDG,1979,2.9,vdem
MDG,1980,2.9,vdem
MDG,1981,2.9,vdem
MDG,1982,2.9,vdem
MDG,1983,1.5,vdem
MDG,1984,1.5,vdem
MDG,1985,1.5,vdem
MDG,1986,1.5,vdem
MDG,1987,1.5,vdem
MDG,1988,1.5,vdem
MDG,1989,6.6,vdem
MDG,1990,6.5,vdem
MDG,1991,6.5,vdem
MDG,1993,3.6,vdem
MDG,1994,3.7,vdem
MDG,1995,3.7,vdem
MDG,1996,3.7,vdem
MDG,1997,3.7,ipu
MDG,1998,8.0,vdem
MDG,1999,8.0,ipu
MDG,2000,8.0,ipu
MDG,2001,8.0,ipu
MDG,2002,3.8,vdem
MDG,2003,3.8,ipu
MDG,2004,6.9,ipu
MDG,2005,6.9,ipu
MDG,2006,6.9,ipu
MDG,2007,7.9,ipu
MDG,2008,7.9,ipu
MDG,2010,12.5,ipu
MDG,2011,12.5,ipu
MDG,2012,17.5,ipu
MDG,2013,17.5,ipu
MDG,2014,20.5,ipu
MDG,2015,20.5,ipu
MDG,2016,20.5,ipu
MDG,2017,19.2,ipu
MDG,2018,19.2,ipu
MDG,2019,15.9,ipu
MDG,2020,17.9,ipu
MDG,2021,17.9,ipu
MDG,2022,18.5,ipu
MDG,2023,18.5,ipu
MDG,2024,16.0,ipu
MDG,2025,14.1,ipu
MDV,1946,0.0,vdem
MDV,1947,0.0,vdem
MDV,1948,0.0,vdem
MDV,1949,0.0,vdem
MDV,1950,0.0,vdem
MDV,1951,0.0,vdem
MDV,1952,0.0,vdem
MDV,1979,4.2,vdem
MDV,1980,4.2,vdem
MDV,1981,4.2,vdem
MDV,1982,4.2,vdem
MDV,1983,4.2,vdem
MDV,1984,2.1,vdem
MDV,1985,2.1,vdem
MDV,1986,2.1,vdem
MDV,1987,2.1,vdem
MDV,1988,2.1,vdem
MDV,1989,6.3,vdem
MDV,1990,6.3,vdem
MDV,1991,6.3,vdem
MDV,1992,6.3,vdem
MDV,1993,6.3,vdem
MDV,1994,6.3,vdem
MDV,1995,6.3,vdem
MDV,1996,6.3,vdem
MDV,1997,6.2,ipu
MDV,1998,6.2,ipu
MDV,1999,6.0,vdem
MDV,2000,6.0,ipu
MDV,2001,6.0,ipu
MDV,2002,6.0,ipu
MDV,2003,6.0,ipu
MDV,2004,6.0,ipu
MDV,2005,12.0,ipu
MDV,2006,12.0,ipu
MDV,2007,12.0,ipu
MDV,2008,12.0,ipu
MDV,2009,6.5,ipu
MDV,2010,6.5,ipu
MDV,2011,6.5,ipu
MDV,2012,6.5,ipu
MDV,2013,6.5,ipu
MDV,2014,5.9,ipu
MDV,2015,5.9,ipu
MDV,2016,5.9,ipu
MDV,2017,5.9,ipu
MDV,2018,5.9,ipu
MDV,2019,4.6,ipu
MDV,2020,4.6,ipu
MDV,2021,4.6,ipu
MDV,2022,4.6,ipu
MDV,2023,4.6,ipu
MDV,2024,3.2,ipu
MDV,2025,3.2,ipu
MEA,1997,3.9,ipu
MEA,1998,3.5,ipu
MEA,2002,7.4,ipu
MEA,2003,7.5,ipu
MEA,2004,8.1,ipu
MEA,2005,8.5,ipu
MEA,2006,10.2,ipu
MEA,2007,10.4,ipu
MEA,2008,10.5,ipu
MEA,2009,10.8,ipu
MEA,2010,12.2,ipu
MEA,2011,12.1,ipu
MEA,2012,14.7,ipu
MEA,2013,17.1,ipu
MEA,2014,17.2,ipu
MEA,2015,17.5,ipu
MEA,2016,17.9,ipu
MEA,2017,17.3,ipu
MEA,2018,17.0,ipu
MEA,2019,17.3,ipu
MEA,2020,18.9,ipu
MEA,2021,17.8,ipu
MEA,2022,17.7,ipu
MEA,2023,17.1,ipu
MEA,2024,17.2,ipu
MEA,2025,16.9,ipu
MEX,1946,0.0,vdem
MEX,1947,0.0,vdem
MEX,1948,0.0,vdem
MEX,1949,0.0,vdem
MEX,1950,0.0,vdem
MEX,1951,0.0,vdem
MEX,1952,0.6,vdem
MEX,1953,0.6,vdem
MEX,1954,0.6,vdem
MEX,1955,2.5,vdem
MEX,1956,2.5,vdem
MEX,1957,2.5,vdem
MEX,1958,4.9,vdem
MEX,1959,4.9,vdem
MEX,1960,4.9,vdem
MEX,1961,4.3,vdem
MEX,1962,4.3,vdem
MEX,1963,4.3,vdem
MEX,1964,6.2,vdem
MEX,1965,6.2,vdem
MEX,1966,6.2,vdem
MEX,1967,5.7,vdem
MEX,1968,5.7,vdem
MEX,1969,5.7,vdem
MEX,1970,5.2,vdem
MEX,1971,5.2,vdem
MEX,1972,5.2,vdem
MEX,1973,6.0,vdem
MEX,1974,6.0,vdem
MEX,1975,6.0,vdem
MEX,1976,8.0,vdem
MEX,1977,8.0,vdem
MEX,1978,8.0,vdem
MEX,1979,7.8,vdem
MEX,1980,7.8,vdem
MEX,1981,7.8,vdem
MEX,1982,11.3,vdem
MEX,1983,11.3,vdem
MEX,1984,11.3,vdem
MEX,1985,11.0,vdem
MEX,1986,11.0,vdem
MEX,1987,11.0,vdem
MEX,1988,12.0,vdem
MEX,1989,12.0,vdem
MEX,1990,12.0,vdem
MEX,1991,7.6,vdem
MEX,1992,7.6,vdem
MEX,1993,7.6,vdem
MEX,1994,14.2,vdem
MEX,1995,14.2,vdem
MEX,1996,14.2,vdem
MEX,1997,14.2,ipu
MEX,1998,17.4,ipu
MEX,1999,18.2,ipu
MEX,2000,16.0,ipu
MEX,2001,16.0,ipu
MEX,2002,16.0,ipu
MEX,2003,22.6,ipu
MEX,2004,22.6,ipu
MEX,2005,24.2,ipu
MEX,2006,22.6,ipu
MEX,2007,23.2,ipu
MEX,2008,23.2,ipu
MEX,2009,27.6,ipu
MEX,2010,26.2,ipu
MEX,2011,26.2,ipu
MEX,2012,36.8,ipu
MEX,2013,36.8,ipu
MEX,2014,37.4,ipu
MEX,2015,42.4,ipu
MEX,2016,42.4,ipu
MEX,2017,42.6,ipu
MEX,2018,48.2,ipu
MEX,2019,48.2,ipu
MEX,2020,48.2,ipu
MEX,2021,50.0,ipu
MEX,2022,50.0,ipu
MEX,2023,50.0,ipu
MEX,2024,50.2,ipu
MEX,2025,50.2,ipu
MHL,2000,3.0,ipu
MHL,2001,3.0,ipu
MHL,2002,3.0,ipu
MHL,2003,3.0,ipu
MHL,2004,3.0,ipu
MHL,2005,3.0,ipu
MHL,2006,3.0,ipu
MHL,2007,3.0,ipu
MHL,2008,3.0,ipu
MHL,2009,3.0,ipu
MHL,2010,3.0,ipu
MHL,2011,3.0,ipu
MHL,2012,3.0,ipu
MHL,2013,3.0,ipu
MHL,2014,3.0,ipu
MHL,2015,9.1,ipu
MHL,2016,9.1,ipu
MHL,2017,9.1,ipu
MHL,2018,9.1,ipu
MHL,2019,6.1,ipu
MHL,2020,6.1,ipu
MHL,2021,6.1,ipu
MHL,2022,6.1,ipu
MHL,2023,12.1,ipu
MHL,2024,12.1,ipu
MHL,2025,12.1,ipu
MIC,1998,12.0,ipu
MIC,1999,12.2,ipu
MIC,2000,12.1,ipu
MIC,2001,12.3,ipu
MIC,2002,13.6,ipu
MIC,2003,13.5,ipu
MIC,2004,14.2,ipu
MIC,2005,14.5,ipu
MIC,2006,15.1,ipu
MIC,2007,16.2,ipu
MIC,2008,17.1,ipu
MIC,2009,18.1,ipu
MIC,2010,18.0,ipu
MIC,2011,18.5,ipu
MIC,2012,19.8,ipu
MIC,2013,20.7,ipu
MIC,2014,21.5,ipu
MIC,2015,21.8,ipu
MIC,2016,22.2,ipu
MIC,2017,22.4,ipu
MIC,2018,22.9,ipu
MIC,2019,23.3,ipu
MIC,2020,24.3,ipu
MIC,2021,24.5,ipu
MIC,2022,25.1,ipu
MIC,2023,25.4,ipu
MIC,2024,25.6,ipu
MIC,2025,25.8,ipu
MKD,1946,2.6,vdem
MKD,1947,2.8,vdem
MKD,1948,2.8,vdem
MKD,1949,2.8,vdem
MKD,1950,3.2,vdem
MKD,1951,3.2,vdem
MKD,1952,3.2,vdem
MKD,1953,5.4,vdem
MKD,1954,5.4,vdem
MKD,1955,5.4,vdem
MKD,1956,5.4,vdem
MKD,1957,5.4,vdem
MKD,1958,6.5,vdem
MKD,1959,6.5,vdem
MKD,1960,6.5,vdem
MKD,1961,6.5,vdem
MKD,1962,6.5,vdem
MKD,1963,17.4,vdem
MKD,1964,17.4,vdem
MKD,1965,13.7,vdem
MKD,1966,13.7,vdem
MKD,1967,9.5,vdem
MKD,1968,9.5,vdem
MKD,1969,13.6,vdem
MKD,1970,13.6,vdem
MKD,1971,13.6,vdem
MKD,1972,13.6,vdem
MKD,1973,13.6,vdem
MKD,1974,19.1,vdem
MKD,1975,19.1,vdem
MKD,1976,19.1,vdem
MKD,1977,19.1,vdem
MKD,1978,20.0,vdem
MKD,1979,20.0,vdem
MKD,1980,20.0,vdem
MKD,1981,20.0,vdem
MKD,1982,20.5,vdem
MKD,1983,20.5,vdem
MKD,1984,20.5,vdem
MKD,1985,20.5,vdem
MKD,1986,18.2,vdem
MKD,1987,18.2,vdem
MKD,1988,18.2,vdem
MKD,1989,18.2,vdem
MKD,1990,18.2,vdem
MKD,1991,4.2,vdem
MKD,1992,4.2,vdem
MKD,1993,4.2,vdem
MKD,1994,3.3,vdem
MKD,1995,3.3,vdem
MKD,1996,3.3,vdem
MKD,1997,3.3,ipu
MKD,1998,3.3,ipu
MKD,1999,7.5,ipu
MKD,2000,6.7,ipu
MKD,2001,6.7,ipu
MKD,2002,17.5,ipu
MKD,2003,18.3,ipu
MKD,2004,19.2,ipu
MKD,2005,19.2,ipu
MKD,2006,28.3,ipu
MKD,2007,29.2,ipu
MKD,2008,31.7,ipu
MKD,2009,32.5,ipu
MKD,2010,32.5,ipu
MKD,2011,30.9,ipu
MKD,2012,32.5,ipu
MKD,2013,34.1,ipu
MKD,2014,33.3,ipu
MKD,2015,33.3,ipu
MKD,2016,33.3,ipu
MKD,2017,37.5,ipu
MKD,2018,38.3,ipu
MKD,2019,39.2,ipu
MKD,2020,39.2,ipu
MKD,2021,41.7,ipu
MKD,2022,41.7,ipu
MKD,2023,42.5,ipu
MKD,2024,39.2,ipu
MKD,2025,39.2,ipu
MLI,1947,0.0,vdem
MLI,1948,0.0,vdem
MLI,1949,0.0,vdem
MLI,1950,0.0,vdem
MLI,1951,0.0,vdem
MLI,1952,0.0,vdem
MLI,1953,0.0,vdem
MLI,1954,0.0,vdem
MLI,1955,0.0,vdem
MLI,1956,0.0,vdem
MLI,1957,0.0,vdem
MLI,1958,0.0,vdem
MLI,1960,0.0,vdem
MLI,1961,0.0,vdem
MLI,1962,0.0,vdem
MLI,1963,0.0,vdem
MLI,1964,1.2,vdem
MLI,1965,1.3,vdem
MLI,1966,1.3,vdem
MLI,1967,1.3,vdem
MLI,1979,3.8,vdem
MLI,1980,3.7,vdem
MLI,1981,3.7,vdem
MLI,1982,2.5,vdem
MLI,1983,2.4,vdem
MLI,1984,2.4,vdem
MLI,1985,3.7,vdem
MLI,1986,3.7,vdem
MLI,1987,3.7,vdem
MLI,1988,3.7,vdem
MLI,1989,3.7,vdem
MLI,1990,3.7,vdem
MLI,1992,2.3,vdem
MLI,1993,2.3,vdem
MLI,1994,2.3,vdem
MLI,1995,2.3,vdem
MLI,1996,2.3,vdem
MLI,1997,12.2,ipu
MLI,1998,12.2,ipu
MLI,1999,12.2,ipu
MLI,2000,12.2,ipu
MLI,2001,12.2,ipu
MLI,2002,10.2,ipu
MLI,2003,10.2,ipu
MLI,2004,10.2,ipu
MLI,2005,10.2,ipu
MLI,2006,10.2,ipu
MLI,2007,10.2,ipu
MLI,2008,10.2,ipu
MLI,2009,10.2,ipu
MLI,2010,10.2,ipu
MLI,2011,10.2,ipu
MLI,2012,10.2,ipu
MLI,2014,9.5,ipu
MLI,2015,8.8,ipu
MLI,2016,8.8,ipu
MLI,2017,8.8,ipu
MLI,2018,8.8,ipu
MLI,2019,9.5,ipu
MLI,2020,27.9,ipu
MLI,2021,27.3,ipu
MLI,2022,28.6,ipu
MLI,2023,28.6,ipu
MLI,2024,30.7,ipu
MLI,2025,30.1,ipu
MLT,1964,4.0,vdem
MLT,1965,4.0,vdem
MLT,1966,4.0,vdem
MLT,1967,4.0,vdem
MLT,1968,4.0,vdem
MLT,1969,4.0,vdem
MLT,1970,4.0,vdem
MLT,1971,3.6,vdem
MLT,1972,3.6,vdem
MLT,1973,3.6,vdem
MLT,1974,3.6,vdem
MLT,1975,3.6,vdem
MLT,1976,3.1,vdem
MLT,1977,3.1,vdem
MLT,1978,3.1,vdem
MLT,1979,3.1,vdem
MLT,1980,3.1,vdem
MLT,1981,3.1,vdem
MLT,1982,3.1,vdem
MLT,1983,3.1,vdem
MLT,1984,3.1,vdem
MLT,1985,3.1,vdem
MLT,1986,3.1,vdem
MLT,1987,2.9,vdem
MLT,1988,2.9,vdem
MLT,1989,2.9,vdem
MLT,1990,2.9,vdem
MLT,1991,2.9,vdem
MLT,1992,1.5,vdem
MLT,1993,1.5,vdem
MLT,1994,1.5,vdem
MLT,1995,1.5,vdem
MLT,1996,5.8,vdem
MLT,1997,5.8,ipu
MLT,1998,5.8,ipu
MLT,1999,9.2,ipu
MLT,2000,9.2,ipu
MLT,2001,9.2,ipu
MLT,2002,9.2,ipu
MLT,2003,7.7,ipu
MLT,2004,9.2,ipu
MLT,2005,9.2,ipu
MLT,2006,9.2,ipu
MLT,2007,9.2,ipu
MLT,2008,8.7,ipu
MLT,2009,8.7,ipu
MLT,2010,8.7,ipu
MLT,2011,8.7,ipu
MLT,2012,8.7,ipu
MLT,2013,14.3,ipu
MLT,2014,14.3,ipu
MLT,2015,12.9,ipu
MLT,2016,12.9,ipu
MLT,2017,11.9,ipu
MLT,2018,11.9,ipu
MLT,2019,14.9,ipu
MLT,2020,13.4,ipu
MLT,2021,13.4,ipu
MLT,2022,27.8,ipu
MLT,2023,27.8,ipu
MLT,2024,27.8,ipu
MLT,2025,29.1,ipu
MMR,1952,1.3,vdem
MMR,1953,1.3,vdem
MMR,1954,1.3,vdem
MMR,1955,1.3,vdem
MMR,1956,1.3,vdem
MMR,1957,1.3,vdem
MMR,1958,1.3,vdem
MMR,1959,1.3,vdem
MMR,1960,1.3,vdem
MMR,1961,1.3,vdem
MMR,1974,2.0,vdem
MMR,1975,2.0,vdem
MMR,1976,2.0,vdem
MMR,1977,2.0,vdem
MMR,1978,2.6,vdem
MMR,1979,2.6,vdem
MMR,1980,2.6,vdem
MMR,1981,2.7,vdem
MMR,1982,2.7,vdem
MMR,1983,2.7,vdem
MMR,1984,2.7,vdem
MMR,1985,2.7,vdem
MMR,1986,2.7,vdem
MMR,1987,2.7,vdem
MMR,2010,4.3,ipu
MMR,2011,3.5,ipu
MMR,2012,6.0,ipu
MMR,2013,6.0,ipu
MMR,2014,5.6,ipu
MMR,2015,12.7,ipu
MMR,2016,9.9,ipu
MMR,2017,10.2,ipu
MMR,2018,10.2,ipu
MMR,2019,11.3,ipu
MMR,2020,16.8,ipu
MMR,2021,15.3,ipu
MNA,1997,3.8,ipu
MNA,1998,3.4,ipu
MNA,2002,7.4,ipu
MNA,2003,7.9,ipu
MNA,2004,8.7,ipu
MNA,2005,9.1,ipu
MNA,2006,11.0,ipu
MNA,2007,11.1,ipu
MNA,2008,11.2,ipu
MNA,2009,11.4,ipu
MNA,2010,13.0,ipu
MNA,2011,12.9,ipu
MNA,2012,15.8,ipu
MNA,2013,17.7,ipu
MNA,2014,18.0,ipu
MNA,2015,18.1,ipu
MNA,2016,18.5,ipu
MNA,2017,17.6,ipu
MNA,2018,17.2,ipu
MNA,2019,17.3,ipu
MNA,2020,19.1,ipu
MNA,2021,18.0,ipu
MNA,2022,17.6,ipu
MNA,2023,17.0,ipu
MNA,2024,16.8,ipu
MNA,2025,16.4,ipu
MNE,2006,8.6,ipu
MNE,2007,11.1,ipu
MNE,2008,11.1,ipu
MNE,2009,11.1,ipu
MNE,2010,11.1,ipu
MNE,2011,12.3,ipu
MNE,2012,17.3,ipu
MNE,2013,16.0,ipu
MNE,2014,17.3,ipu
MNE,2015,17.3,ipu
MNE,2016,23.5,ipu
MNE,2017,23.5,ipu
MNE,2018,23.5,ipu
MNE,2019,28.4,ipu
MNE,2020,22.2,ipu
MNE,2021,24.7,ipu
MNE,2022,27.2,ipu
MNE,2023,21.0,ipu
MNE,2024,27.2,ipu
MNE,2025,27.2,ipu
MNG,1946,0.0,vdem
MNG,1947,0.0,vdem
MNG,1948,0.0,vdem
MNG,1949,0.0,vdem
MNG,1950,0.0,vdem
MNG,1951,20.0,vdem
MNG,1952,20.0,vdem
MNG,1953,20.0,vdem
MNG,1954,22.3,vdem
MNG,1955,22.3,vdem
MNG,1956,22.3,vdem
MNG,1957,9.4,vdem
MNG,1958,9.4,vdem
MNG,1959,9.4,vdem
MNG,1960,21.0,vdem
MNG,1961,21.0,vdem
MNG,1962,21.0,vdem
MNG,1963,20.0,vdem
MNG,1964,20.0,vdem
MNG,1965,20.0,vdem
MNG,1966,21.6,vdem
MNG,1967,21.6,vdem
MNG,1968,21.6,vdem
MNG,1969,21.9,vdem
MNG,1970,21.9,vdem
MNG,1971,21.9,vdem
MNG,1972,21.9,vdem
MNG,1973,22.9,vdem
MNG,1974,22.9,vdem
MNG,1975,22.9,vdem
MNG,1976,22.9,vdem
MNG,1977,23.2,vdem
MNG,1978,23.2,vdem
MNG,1979,23.2,vdem
MNG,1980,23.2,vdem
MNG,1981,24.3,vdem
MNG,1982,24.3,vdem
MNG,1983,24.3,vdem
MNG,1984,24.3,vdem
MNG,1985,24.3,vdem
MNG,1986,24.9,vdem
MNG,1987,24.9,vdem
MNG,1988,24.9,vdem
MNG,1989,24.9,vdem
MNG,1990,2.1,vdem
MNG,1991,2.1,vdem
MNG,1992,3.9,vdem
MNG,1993,3.9,vdem
MNG,1994,3.9,vdem
MNG,1995,3.9,vdem
MNG,1996,7.9,vdem
MNG,1997,7.9,ipu
MNG,1998,7.9,ipu
MNG,1999,7.9,ipu
MNG,2000,10.5,ipu
MNG,2001,10.5,ipu
MNG,2002,10.5,ipu
MNG,2003,10.5,ipu
MNG,2004,6.8,ipu
MNG,2005,6.7,ipu
MNG,2006,6.6,ipu
MNG,2007,6.6,ipu
MNG,2008,4.2,ipu
MNG,2009,3.9,ipu
MNG,2010,3.9,ipu
MNG,2011,3.9,ipu
MNG,2012,14.9,ipu
MNG,2013,14.9,ipu
MNG,2014,14.9,ipu
MNG,2015,14.5,ipu
MNG,2016,17.1,ipu
MNG,2017,17.1,ipu
MNG,2018,17.1,ipu
MNG,2019,17.3,ipu
MNG,2020,17.3,ipu
MNG,2021,17.1,ipu
MNG,2022,17.1,ipu
MNG,2023,17.1,ipu
MNG,2024,25.4,ipu
MNG,2025,25.4,ipu
MOZ,1973,0.0,vdem
MOZ,1974,0.0,vdem
MOZ,1975,0.0,vdem
MOZ,1976,0.0,vdem
MOZ,1977,12.4,vdem
MOZ,1978,12.4,vdem
MOZ,1979,12.4,vdem
MOZ,1980,12.4,vdem
MOZ,1981,12.4,vdem
MOZ,1982,16.0,vdem
MOZ,1983,16.0,vdem
MOZ,1984,16.0,vdem
MOZ,1985,16.0,vdem
MOZ,1986,15.6,vdem
MOZ,1987,15.7,vdem
MOZ,1988,15.7,vdem
MOZ,1989,15.7,vdem
MOZ,1990,15.7,vdem
MOZ,1991,15.7,vdem
MOZ,1992,15.7,vdem
MOZ,1993,15.7,vdem
MOZ,1994,13.6,vdem
MOZ,1995,25.2,vdem
MOZ,1996,25.2,vdem
MOZ,1997,25.2,ipu
MOZ,1998,25.2,ipu
MOZ,1999,30.0,vdem
MOZ,2000,30.0,ipu
MOZ,2001,30.0,ipu
MOZ,2002,30.0,ipu
MOZ,2003,30.0,ipu
MOZ,2004,34.8,ipu
MOZ,2005,34.8,ipu
MOZ,2006,34.8,ipu
MOZ,2007,34.8,ipu
MOZ,2008,34.8,ipu
MOZ,2009,39.2,ipu
MOZ,2010,39.2,ipu
MOZ,2011,39.2,ipu
MOZ,2012,39.2,ipu
MOZ,2013,39.2,ipu
MOZ,2014,39.6,vdem
MOZ,2015,39.6,ipu
MOZ,2016,39.6,ipu
MOZ,2017,39.6,ipu
MOZ,2018,39.6,ipu
MOZ,2019,41.2,ipu
MOZ,2020,42.4,ipu
MOZ,2021,42.4,ipu
MOZ,2022,42.4,ipu
MOZ,2023,43.2,ipu
MOZ,2024,39.2,ipu
MOZ,2025,38.3,ipu
MRT,1946,0.0,vdem
MRT,1947,0.0,vdem
MRT,1948,0.0,vdem
MRT,1949,0.0,vdem
MRT,1950,0.0,vdem
MRT,1951,0.0,vdem
MRT,1952,0.0,vdem
MRT,1953,0.0,vdem
MRT,1954,0.0,vdem
MRT,1955,0.0,vdem
MRT,1956,0.0,vdem
MRT,1957,0.0,vdem
MRT,1958,0.0,vdem
MRT,1959,0.0,vdem
MRT,1960,0.0,vdem
MRT,1961,0.0,vdem
MRT,1962,0.0,vdem
MRT,1963,0.0,vdem
MRT,1964,0.0,vdem
MRT,1965,0.0,vdem
MRT,1966,0.0,vdem
MRT,1967,0.0,vdem
MRT,1968,0.0,vdem
MRT,1969,0.0,vdem
MRT,1970,0.0,vdem
MRT,1971,0.0,vdem
MRT,1972,0.0,vdem
MRT,1973,0.0,vdem
MRT,1974,0.0,vdem
MRT,1975,2.9,vdem
MRT,1976,2.9,vdem
MRT,1977,2.6,vdem
MRT,1992,0.0,vdem
MRT,1993,0.0,vdem
MRT,1994,0.0,vdem
MRT,1995,0.0,vdem
MRT,1996,1.3,vdem
MRT,1997,1.3,ipu
MRT,1998,3.8,ipu
MRT,1999,3.8,ipu
MRT,2000,3.8,ipu
MRT,2001,3.7,vdem
MRT,2002,3.7,vdem
MRT,2003,3.7,ipu
MRT,2004,3.7,ipu
MRT,2006,17.9,ipu
MRT,2007,22.1,ipu
MRT,2008,22.1,ipu
MRT,2009,22.1,ipu
MRT,2010,22.1,ipu
MRT,2011,22.1,ipu
MRT,2012,22.1,ipu
MRT,2013,25.2,vdem
MRT,2014,25.2,ipu
MRT,2015,25.2,ipu
MRT,2016,25.2,ipu
MRT,2017,25.2,ipu
MRT,2018,20.3,ipu
MRT,2019,20.3,ipu
MRT,2020,20.3,ipu
MRT,2021,20.3,ipu
MRT,2022,20.3,ipu
MRT,2023,23.3,ipu
MRT,2024,23.3,ipu
MRT,2025,23.3,ipu
MUS,1948,0.0,vdem
MUS,1949,0.0,vdem
MUS,1950,0.0,vdem
MUS,1951,0.0,vdem
MUS,1952,0.0,vdem
MUS,1953,0.0,vdem
MUS,1954,0.0,vdem
MUS,1955,0.0,vdem
MUS,1956,0.0,vdem
MUS,1957,0.0,vdem
MUS,1958,0.0,vdem
MUS,1959,0.0,vdem
MUS,1960,0.0,vdem
MUS,1961,0.0,vdem
MUS,1962,0.0,vdem
MUS,1963,0.0,vdem
MUS,1964,0.0,vdem
MUS,1965,0.0,vdem
MUS,1966,0.0,vdem
MUS,1967,0.0,vdem
MUS,1968,0.0,vdem
MUS,1969,0.0,vdem
MUS,1970,0.0,vdem
MUS,1971,0.0,vdem
MUS,1972,0.0,vdem
MUS,1973,0.0,vdem
MUS,1974,0.0,vdem
MUS,1975,0.0,vdem
MUS,1976,4.3,vdem
MUS,1977,4.3,vdem
MUS,1978,4.3,vdem
MUS,1979,4.3,vdem
MUS,1980,4.3,vdem
MUS,1981,4.3,vdem
MUS,1982,4.5,vdem
MUS,1983,5.7,vdem
MUS,1984,5.7,vdem
MUS,1985,5.7,vdem
MUS,1986,5.7,vdem
MUS,1987,7.1,vdem
MUS,1988,7.1,vdem
MUS,1989,7.1,vdem
MUS,1990,7.1,vdem
MUS,1991,3.0,vdem
MUS,1992,2.8,vdem
MUS,1993,2.8,vdem
MUS,1994,2.8,vdem
MUS,1995,7.6,vdem
MUS,1996,7.6,vdem
MUS,1997,7.6,ipu
MUS,1998,7.6,ipu
MUS,1999,7.6,ipu
MUS,2000,5.7,ipu
MUS,2001,5.7,ipu
MUS,2002,5.7,ipu
MUS,2003,5.7,ipu
MUS,2004,5.7,ipu
MUS,2005,17.1,ipu
MUS,2006,17.1,ipu
MUS,2007,17.1,ipu
MUS,2008,17.1,ipu
MUS,2009,17.1,ipu
MUS,2010,18.8,ipu
MUS,2011,18.8,ipu
MUS,2012,18.8,ipu
MUS,2013,18.8,ipu
MUS,2014,18.8,ipu
MUS,2015,11.6,ipu
MUS,2016,11.6,ipu
MUS,2017,11.6,ipu
MUS,2018,11.6,ipu
MUS,2019,20.0,ipu
MUS,2020,20.0,ipu
MUS,2021,20.0,ipu
MUS,2022,20.0,ipu
MUS,2023,20.0,ipu
MUS,2024,19.4,ipu
MUS,2025,17.9,ipu
MWI,1946,0.0,vdem
MWI,1947,0.0,vdem
MWI,1948,0.0,vdem
MWI,1949,0.0,vdem
MWI,1950,0.0,vdem
MWI,1951,0.0,vdem
MWI,1952,0.0,vdem
MWI,1953,0.0,vdem
MWI,1954,0.0,vdem
MWI,1955,0.0,vdem
MWI,1956,0.0,vdem
MWI,1957,0.0,vdem
MWI,1958,0.0,vdem
MWI,1959,0.0,vdem
MWI,1960,0.0,vdem
MWI,1961,0.0,vdem
MWI,1962,0.0,vdem
MWI,1963,0.0,vdem
MWI,1964,2.0,vdem
MWI,1965,2.0,vdem
MWI,1966,2.0,vdem
MWI,1967,0.0,vdem
MWI,1968,0.0,vdem
MWI,1969,0.0,vdem
MWI,1970,0.0,vdem
MWI,1971,6.7,vdem
MWI,1972,6.7,vdem
MWI,1973,6.7,vdem
MWI,1974,6.7,vdem
MWI,1975,6.7,vdem
MWI,1976,7.1,vdem
MWI,1977,6.9,vdem
MWI,1978,9.2,vdem
MWI,1979,9.2,vdem
MWI,1980,9.2,vdem
MWI,1981,9.2,vdem
MWI,1982,9.2,vdem
MWI,1983,5.0,vdem
MWI,1984,4.9,vdem
MWI,1985,4.9,vdem
MWI,1986,4.9,vdem
MWI,1987,8.1,vdem
MWI,1988,9.8,vdem
MWI,1989,9.8,vdem
MWI,1990,9.8,vdem
MWI,1991,9.8,vdem
MWI,1992,11.6,vdem
MWI,1993,11.6,vdem
MWI,1994,5.7,vdem
MWI,1995,5.6,vdem
MWI,1996,5.6,vdem
MWI,1997,5.6,ipu
MWI,1998,5.6,ipu
MWI,1999,8.3,ipu
MWI,2000,9.3,ipu
MWI,2001,9.3,ipu
MWI,2002,9.3,ipu
MWI,2003,9.3,ipu
MWI,2004,14.0,ipu
MWI,2005,13.6,ipu
MWI,2006,13.6,ipu
MWI,2007,13.0,ipu
MWI,2008,13.0,ipu
MWI,2009,20.8,ipu
MWI,2010,20.8,ipu
MWI,2011,22.3,ipu
MWI,2012,22.3,ipu
MWI,2013,22.3,ipu
MWI,2014,16.7,ipu
MWI,2015,16.7,ipu
MWI,2016,16.7,ipu
MWI,2017,16.7,ipu
MWI,2018,16.7,ipu
MWI,2019,22.9,ipu
MWI,2020,22.9,ipu
MWI,2021,22.9,ipu
MWI,2022,22.9,ipu
MWI,2023,20.7,ipu
MWI,2024,20.7,ipu
MWI,2025,21.4,ipu
MYS,1949,0.0,vdem
MYS,1950,0.0,vdem
MYS,1951,0.0,vdem
MYS,1952,0.0,vdem
MYS,1953,0.0,vdem
MYS,1954,0.0,vdem
MYS,1955,0.0,vdem
MYS,1956,0.0,vdem
MYS,1957,0.0,vdem
MYS,1958,0.0,vdem
MYS,1959,2.9,vdem
MYS,1960,2.9,vdem
MYS,1961,2.9,vdem
MYS,1962,2.9,vdem
MYS,1963,2.9,vdem
MYS,1964,1.9,vdem
MYS,1965,1.9,vdem
MYS,1966,1.9,vdem
MYS,1967,1.9,vdem
MYS,1968,1.9,vdem
MYS,1972,2.1,vdem
MYS,1973,2.1,vdem
MYS,1974,3.2,vdem
MYS,1975,3.2,vdem
MYS,1976,3.2,vdem
MYS,1977,3.2,vdem
MYS,1978,4.5,vdem
MYS,1979,4.5,vdem
MYS,1980,4.5,vdem
MYS,1981,4.5,vdem
MYS,1982,5.2,vdem
MYS,1983,5.2,vdem
MYS,1984,5.2,vdem
MYS,1985,5.2,vdem
MYS,1986,5.1,vdem
MYS,1987,5.1,vdem
MYS,1988,5.1,vdem
MYS,1989,5.1,vdem
MYS,1990,6.1,vdem
MYS,1991,6.1,vdem
MYS,1992,6.1,vdem
MYS,1993,6.1,vdem
MYS,1994,6.1,vdem
MYS,1995,7.8,vdem
MYS,1996,7.8,vdem
MYS,1997,7.8,ipu
MYS,1998,7.8,ipu
MYS,1999,7.2,vdem
MYS,2000,10.4,ipu
MYS,2001,10.4,ipu
MYS,2002,10.4,ipu
MYS,2003,10.5,ipu
MYS,2004,9.1,ipu
MYS,2005,9.1,ipu
MYS,2006,9.1,ipu
MYS,2007,10.0,ipu
MYS,2008,10.8,ipu
MYS,2009,9.9,ipu
MYS,2010,9.9,ipu
MYS,2011,10.4,ipu
MYS,2012,10.4,ipu
MYS,2013,10.4,ipu
MYS,2014,10.4,ipu
MYS,2015,10.4,ipu
MYS,2016,10.4,ipu
MYS,2017,10.4,ipu
MYS,2018,13.9,ipu
MYS,2019,14.4,ipu
MYS,2020,14.9,ipu
MYS,2021,14.9,ipu
MYS,2022,13.6,ipu
MYS,2023,13.5,ipu
MYS,2024,13.5,ipu
MYS,2025,13.5,ipu
NAC,1997,15.4,ipu
NAC,1998,15.4,ipu
NAC,1999,16.3,ipu
NAC,2001,16.7,ipu
NAC,2002,16.6,ipu
NAC,2003,16.8,ipu
NAC,2004,17.5,ipu
NAC,2005,17.6,ipu
NAC,2006,18.2,ipu
NAC,2007,18.6,ipu
NAC,2008,19.1,ipu
NAC,2009,19.0,ipu
NAC,2010,19.0,ipu
NAC,2011,20.1,ipu
NAC,2012,20.8,ipu
NAC,2013,20.7,ipu
NAC,2014,21.7,ipu
NAC,2015,22.3,ipu
NAC,2016,22.2,ipu
NAC,2017,22.4,ipu
NAC,2018,25.0,ipu
NAC,2019,25.9,ipu
NAC,2020,28.1,ipu
NAC,2021,28.9,ipu
NAC,2022,29.5,ipu
NAC,2023,29.7,ipu
NAC,2024,29.6,ipu
NAC,2025,29.5,ipu
NAM,1946,0.0,vdem
NAM,1947,0.0,vdem
NAM,1948,0.0,vdem
NAM,1949,0.0,vdem
NAM,1950,0.0,vdem
NAM,1951,0.0,vdem
NAM,1952,0.0,vdem
NAM,1953,0.0,vdem
NAM,1954,0.0,vdem
NAM,1955,0.0,vdem
NAM,1956,0.0,vdem
NAM,1957,0.0,vdem
NAM,1958,0.0,vdem
NAM,1959,0.0,vdem
NAM,1960,0.0,vdem
NAM,1961,0.0,vdem
NAM,1962,0.0,vdem
NAM,1963,0.0,vdem
NAM,1964,0.0,vdem
NAM,1965,0.0,vdem
NAM,1966,0.0,vdem
NAM,1967,0.0,vdem
NAM,1968,0.0,vdem
NAM,1969,0.0,vdem
NAM,1970,0.0,vdem
NAM,1971,0.0,vdem
NAM,1972,0.0,vdem
NAM,1973,0.0,vdem
NAM,1974,0.0,vdem
NAM,1975,0.0,vdem
NAM,1976,0.0,vdem
NAM,1977,0.0,vdem
NAM,1978,0.0,vdem
NAM,1979,0.0,vdem
NAM,1980,0.0,vdem
NAM,1981,0.0,vdem
NAM,1982,0.0,vdem
NAM,1985,0.0,vdem
NAM,1986,0.0,vdem
NAM,1987,0.0,vdem
NAM,1988,0.0,vdem
NAM,1989,6.9,vdem
NAM,1990,6.9,vdem
NAM,1991,6.9,vdem
NAM,1992,6.9,vdem
NAM,1993,6.9,vdem
NAM,1994,18.1,vdem
NAM,1995,18.1,vdem
NAM,1996,18.1,vdem
NAM,1997,22.2,ipu
NAM,1998,22.2,ipu
NAM,1999,22.2,ipu
NAM,2000,25.0,ipu
NAM,2001,25.0,ipu
NAM,2002,25.0,ipu
NAM,2003,26.4,ipu
NAM,2004,25.0,ipu
NAM,2005,26.9,ipu
NAM,2006,26.9,ipu
NAM,2007,26.9,ipu
NAM,2008,26.9,ipu
NAM,2009,26.9,ipu
NAM,2010,24.4,ipu
NAM,2011,24.4,ipu
NAM,2012,24.4,ipu
NAM,2013,24.4,ipu
NAM,2014,41.4,vdem
NAM,2015,41.3,ipu
NAM,2016,41.3,ipu
NAM,2017,41.3,ipu
NAM,2018,46.2,ipu
NAM,2019,42.7,ipu
NAM,2020,43.3,ipu
NAM,2021,44.2,ipu
NAM,2022,44.2,ipu
NAM,2023,44.2,ipu
NAM,2024,40.6,ipu
NAM,2025,42.3,ipu
NER,1956,0.0,vdem
NER,1957,0.0,vdem
NER,1958,0.0,vdem
NER,1959,0.0,vdem
NER,1960,0.0,vdem
NER,1961,0.0,vdem
NER,1962,0.0,vdem
NER,1963,0.0,vdem
NER,1964,0.0,vdem
NER,1965,0.0,vdem
NER,1966,0.0,vdem
NER,1967,0.0,vdem
NER,1968,0.0,vdem
NER,1969,0.0,vdem
NER,1970,0.0,vdem
NER,1971,0.0,vdem
NER,1972,0.0,vdem
NER,1973,0.0,vdem
NER,1989,5.4,vdem
NER,1990,5.4,vdem
NER,1991,5.4,vdem
NER,1992,5.4,vdem
NER,1993,6.0,vdem
NER,1994,6.0,vdem
NER,1995,3.6,vdem
NER,1997,1.2,ipu
NER,1998,1.2,ipu
NER,1999,1.2,vdem
NER,2000,1.2,ipu
NER,2001,1.2,ipu
NER,2002,1.2,ipu
NER,2003,1.2,ipu
NER,2004,12.4,ipu
NER,2005,12.4,ipu
NER,2006,12.4,ipu
NER,2007,12.4,ipu
NER,2008,12.4,ipu
NER,2009,9.7,ipu
NER,2011,13.3,ipu
NER,2012,13.3,ipu
NER,2013,13.3,ipu
NER,2014,13.3,ipu
NER,2015,13.3,ipu
NER,2016,14.6,ipu
NER,2017,17.0,ipu
NER,2018,17.0,ipu
NER,2019,17.0,ipu
NER,2020,17.0,ipu
NER,2021,25.9,ipu
NER,2022,25.9,ipu
NER,2025,19.6,ipu
NGA,1992,2.2,vdem
NGA,1999,3.4,vdem
NGA,2000,3.4,ipu
NGA,2001,3.4,ipu
NGA,2002,3.4,ipu
NGA,2003,4.7,ipu
NGA,2004,4.7,ipu
NGA,2005,6.4,ipu
NGA,2006,6.1,ipu
NGA,2007,7.0,ipu
NGA,2008,7.0,ipu
NGA,2009,7.0,ipu
NGA,2010,7.0,ipu
NGA,2011,6.8,ipu
NGA,2012,6.7,ipu
NGA,2013,6.7,ipu
NGA,2014,6.7,ipu
NGA,2015,5.6,ipu
NGA,2016,5.6,ipu
NGA,2017,5.6,ipu
NGA,2018,5.6,ipu
NGA,2019,3.4,ipu
NGA,2020,7.2,ipu
NGA,2021,3.6,ipu
NGA,2022,3.6,ipu
NGA,2023,3.9,ipu
NGA,2024,3.9,ipu
NGA,2025,4.2,ipu
NIC,1946,0.0,vdem
NIC,1947,0.0,vdem
NIC,1948,0.0,vdem
NIC,1949,0.0,vdem
NIC,1950,0.0,vdem
NIC,1951,0.0,vdem
NIC,1952,0.0,vdem
NIC,1953,0.0,vdem
NIC,1954,0.0,vdem
NIC,1955,0.0,vdem
NIC,1956,0.0,vdem
NIC,1957,0.0,vdem
NIC,1958,0.0,vdem
NIC,1959,0.0,vdem
NIC,1960,0.0,vdem
NIC,1961,0.0,vdem
NIC,1962,0.0,vdem
NIC,1963,0.0,vdem
NIC,1964,0.0,vdem
NIC,1965,0.0,vdem
NIC,1966,0.0,vdem
NIC,1967,0.0,vdem
NIC,1968,0.0,vdem
NIC,1969,0.0,vdem
NIC,1970,0.0,vdem
NIC,1971,0.0,vdem
NIC,1973,9.0,vdem
NIC,1974,11.4,vdem
NIC,1975,11.4,vdem
NIC,1976,11.4,vdem
NIC,1977,11.4,vdem
NIC,1978,11.4,vdem
NIC,1985,14.8,vdem
NIC,1986,14.8,vdem
NIC,1987,14.8,vdem
NIC,1988,14.8,vdem
NIC,1989,14.8,vdem
NIC,1990,16.3,vdem
NIC,1991,16.3,vdem
NIC,1992,16.3,vdem
NIC,1993,16.3,vdem
NIC,1994,16.3,vdem
NIC,1995,16.3,vdem
NIC,1996,10.8,vdem
NIC,1997,10.8,ipu
NIC,1998,10.8,ipu
NIC,1999,9.7,ipu
NIC,2000,9.7,ipu
NIC,2001,20.6,vdem
NIC,2002,20.7,ipu
NIC,2003,20.7,ipu
NIC,2004,20.7,ipu
NIC,2005,20.7,ipu
NIC,2006,15.2,ipu
NIC,2007,18.5,ipu
NIC,2008,18.5,ipu
NIC,2009,20.7,ipu
NIC,2010,20.7,ipu
NIC,2011,40.2,ipu
NIC,2012,40.2,ipu
NIC,2013,40.2,ipu
NIC,2014,42.4,ipu
NIC,2015,41.3,ipu
NIC,2016,45.7,ipu
NIC,2017,45.7,ipu
NIC,2018,45.7,ipu
NIC,2019,44.6,ipu
NIC,2020,47.3,ipu
NIC,2021,50.5,ipu
NIC,2022,51.6,ipu
NIC,2023,51.6,ipu
NIC,2024,53.8,ipu
NIC,2025,54.9,ipu
NLD,1946,4.0,vdem
NLD,1947,4.0,vdem
NLD,1948,5.0,vdem
NLD,1949,5.0,vdem
NLD,1950,5.0,vdem
NLD,1951,5.0,vdem
NLD,1952,8.0,vdem
NLD,1953,8.0,vdem
NLD,1954,8.0,vdem
NLD,1955,8.0,vdem
NLD,1956,9.0,vdem
NLD,1957,8.7,vdem
NLD,1958,8.7,vdem
NLD,1959,9.3,vdem
NLD,1960,9.3,vdem
NLD,1961,9.3,vdem
NLD,1962,9.3,vdem
NLD,1963,10.0,vdem
NLD,1964,10.0,vdem
NLD,1965,10.0,vdem
NLD,1966,10.0,vdem
NLD,1967,8.0,vdem
NLD,1968,8.0,vdem
NLD,1969,8.0,vdem
NLD,1970,8.0,vdem
NLD,1971,8.0,vdem
NLD,1972,9.3,vdem
NLD,1973,9.3,vdem
NLD,1974,9.3,vdem
NLD,1975,9.3,vdem
NLD,1976,9.3,vdem
NLD,1977,13.3,vdem
NLD,1978,13.3,vdem
NLD,1979,13.3,vdem
NLD,1980,13.3,vdem
NLD,1981,14.7,vdem
NLD,1982,16.7,vdem
NLD,1983,16.7,vdem
NLD,1984,16.7,vdem
NLD,1985,16.7,vdem
NLD,1986,20.0,vdem
NLD,1987,20.0,vdem
NLD,1988,20.0,vdem
NLD,1989,21.3,vdem
NLD,1990,21.3,vdem
NLD,1991,21.3,vdem
NLD,1992,21.3,vdem
NLD,1993,21.3,vdem
NLD,1994,31.3,vdem
NLD,1995,31.3,vdem
NLD,1996,31.3,vdem
NLD,1997,31.3,ipu
NLD,1998,36.0,ipu
NLD,1999,36.0,ipu
NLD,2000,36.0,ipu
NLD,2001,36.0,ipu
NLD,2002,34.0,ipu
NLD,2003,36.7,ipu
NLD,2004,36.7,ipu
NLD,2005,36.7,ipu
NLD,2006,36.7,ipu
NLD,2007,39.3,ipu
NLD,2008,41.3,ipu
NLD,2009,42.0,ipu
NLD,2010,40.7,ipu
NLD,2011,40.7,ipu
NLD,2012,38.7,ipu
NLD,2013,38.7,ipu
NLD,2014,38.7,ipu
NLD,2015,37.3,ipu
NLD,2016,37.3,ipu
NLD,2017,36.0,ipu
NLD,2018,36.0,ipu
NLD,2019,31.3,ipu
NLD,2020,33.3,ipu
NLD,2021,39.3,ipu
NLD,2022,40.7,ipu
NLD,2023,40.0,ipu
NLD,2024,38.7,ipu
NLD,2025,43.3,ipu
NOR,1946,4.7,vdem
NOR,1947,4.7,vdem
NOR,1948,4.7,vdem
NOR,1949,4.7,vdem
NOR,1950,4.7,vdem
NOR,1951,4.7,vdem
NOR,1952,4.7,vdem
NOR,1953,4.7,vdem
NOR,1954,4.7,vdem
NOR,1955,4.7,vdem
NOR,1956,4.7,vdem
NOR,1957,6.7,vdem
NOR,1958,6.7,vdem
NOR,1959,6.7,vdem
NOR,1960,6.7,vdem
NOR,1961,8.7,vdem
NOR,1962,8.7,vdem
NOR,1963,8.7,vdem
NOR,1964,8.7,vdem
NOR,1965,8.0,vdem
NOR,1966,8.0,vdem
NOR,1967,8.0,vdem
NOR,1968,8.0,vdem
NOR,1969,9.3,vdem
NOR,1970,9.3,vdem
NOR,1971,9.3,vdem
NOR,1972,9.3,vdem
NOR,1973,15.5,vdem
NOR,1974,15.5,vdem
NOR,1975,15.5,vdem
NOR,1976,15.5,vdem
NOR,1977,23.9,vdem
NOR,1978,23.9,vdem
NOR,1979,23.9,vdem
NOR,1980,23.9,vdem
NOR,1981,25.8,vdem
NOR,1982,25.8,vdem
NOR,1983,25.8,vdem
NOR,1984,25.8,vdem
NOR,1985,34.4,vdem
NOR,1986,34.4,vdem
NOR,1987,34.4,vdem
NOR,1988,34.4,vdem
NOR,1989,35.8,vdem
NOR,1990,35.8,vdem
NOR,1991,35.8,vdem
NOR,1992,35.8,vdem
NOR,1993,39.4,vdem
NOR,1994,39.4,vdem
NOR,1995,39.4,vdem
NOR,1996,39.4,vdem
NOR,1997,36.4,ipu
NOR,1998,36.4,ipu
NOR,1999,36.4,ipu
NOR,2000,36.4,ipu
NOR,2001,35.8,ipu
NOR,2002,36.4,ipu
NOR,2003,36.4,ipu
NOR,2004,38.2,ipu
NOR,2005,37.9,ipu
NOR,2006,37.9,ipu
NOR,2007,36.1,ipu
NOR,2008,36.1,ipu
NOR,2009,39.6,ipu
NOR,2010,39.6,ipu
NOR,2011,39.6,ipu
NOR,2012,39.6,ipu
NOR,2013,39.6,ipu
NOR,2014,39.6,ipu
NOR,2015,39.6,ipu
NOR,2016,39.6,ipu
NOR,2017,41.4,ipu
NOR,2018,41.4,ipu
NOR,2019,40.8,ipu
NOR,2020,41.4,ipu
NOR,2021,45.0,ipu
NOR,2022,45.0,ipu
NOR,2023,46.2,ipu
NOR,2024,44.4,ipu
NOR,2025,40.2,ipu
NPL,1959,0.9,vdem
NPL,1960,0.9,vdem
NPL,1963,2.4,vdem
NPL,1964,2.4,vdem
NPL,1965,3.2,vdem
NPL,1966,3.2,vdem
NPL,1967,2.4,vdem
NPL,1968,2.4,vdem
NPL,1969,2.4,vdem
NPL,1970,3.2,vdem
NPL,1971,3.3,vdem
NPL,1972,3.1,vdem
NPL,1973,4.1,vdem
NPL,1974,4.0,vdem
NPL,1975,1.9,vdem
NPL,1976,1.7,vdem
NPL,1977,2.4,vdem
NPL,1978,2.4,vdem
NPL,1979,3.0,vdem
NPL,1980,4.8,vdem
NPL,1981,5.0,vdem
NPL,1982,5.0,vdem
NPL,1983,5.0,vdem
NPL,1984,5.0,vdem
NPL,1985,5.0,vdem
NPL,1986,5.2,vdem
NPL,1987,6.0,vdem
NPL,1988,6.1,vdem
NPL,1989,6.1,vdem
NPL,1990,6.1,vdem
NPL,1991,3.4,vdem
NPL,1992,3.4,vdem
NPL,1993,3.4,vdem
NPL,1994,3.4,vdem
NPL,1995,3.4,vdem
NPL,1996,3.4,vdem
NPL,1997,3.4,ipu
NPL,1998,3.4,ipu
NPL,1999,5.9,ipu
NPL,2000,5.9,ipu
NPL,2001,5.9,ipu
NPL,2002,5.9,ipu
NPL,2003,5.9,ipu
NPL,2004,5.9,ipu
NPL,2005,5.9,ipu
NPL,2006,5.9,ipu
NPL,2007,17.3,ipu
NPL,2008,33.2,ipu
NPL,2009,33.2,ipu
NPL,2010,33.2,ipu
NPL,2011,33.2,ipu
NPL,2012,33.2,ipu
NPL,2014,29.5,ipu
NPL,2015,29.5,ipu
NPL,2016,29.6,ipu
NPL,2017,29.6,ipu
NPL,2018,32.7,ipu
NPL,2019,32.7,ipu
NPL,2020,32.7,ipu
NPL,2021,32.7,ipu
NPL,2022,33.1,ipu
NPL,2023,33.1,ipu
NPL,2024,33.1,ipu
NPL,2025,33.5,vdem
NRU,1998,0.0,ipu
NRU,1999,0.0,ipu
NRU,2001,0.0,ipu
NRU,2002,0.0,ipu
NRU,2004,0.0,ipu
NRU,2005,0.0,ipu
NRU,2006,0.0,ipu
NRU,2007,0.0,ipu
NRU,2008,0.0,ipu
NRU,2009,0.0,ipu
NRU,2010,0.0,ipu
NRU,2011,0.0,ipu
NRU,2012,0.0,ipu
NRU,2013,5.3,ipu
NRU,2014,5.3,ipu
NRU,2015,5.3,ipu
NRU,2016,5.3,ipu
NRU,2017,10.5,ipu
NRU,2018,10.5,ipu
NRU,2019,10.5,ipu
NRU,2020,10.5,ipu
NRU,2021,10.5,ipu
NRU,2022,10.5,ipu
NRU,2023,10.5,ipu
NRU,2024,10.5,ipu
NRU,2025,10.5,ipu
NZL,1946,2.5,vdem
NZL,1947,2.5,vdem
NZL,1948,2.5,vdem
NZL,1949,3.8,vdem
NZL,1950,3.8,vdem
NZL,1951,3.8,vdem
NZL,1952,3.8,vdem
NZL,1953,3.8,vdem
NZL,1954,5.0,vdem
NZL,1955,5.0,vdem
NZL,1956,5.0,vdem
NZL,1957,5.0,vdem
NZL,1958,5.0,vdem
NZL,1959,5.0,vdem
NZL,1960,5.0,vdem
NZL,1961,5.0,vdem
NZL,1962,5.0,vdem
NZL,1963,6.3,vdem
NZL,1964,6.3,vdem
NZL,1965,6.3,vdem
NZL,1966,6.3,vdem
NZL,1967,6.3,vdem
NZL,1968,6.3,vdem
NZL,1969,4.8,vdem
NZL,1970,4.8,vdem
NZL,1971,4.8,vdem
NZL,1972,4.6,vdem
NZL,1973,4.6,vdem
NZL,1974,4.6,vdem
NZL,1975,4.6,vdem
NZL,1976,4.6,vdem
NZL,1977,4.6,vdem
NZL,1978,4.3,vdem
NZL,1979,4.3,vdem
NZL,1980,4.3,vdem
NZL,1981,8.7,vdem
NZL,1982,8.7,vdem
NZL,1983,8.7,vdem
NZL,1984,12.6,vdem
NZL,1985,12.6,vdem
NZL,1986,12.6,vdem
NZL,1987,14.4,vdem
NZL,1988,14.4,vdem
NZL,1989,14.4,vdem
NZL,1990,16.5,vdem
NZL,1991,16.5,vdem
NZL,1992,16.5,vdem
NZL,1993,21.2,vdem
NZL,1994,21.2,vdem
NZL,1995,21.2,vdem
NZL,1996,29.2,vdem
NZL,1997,29.2,ipu
NZL,1998,29.2,ipu
NZL,1999,29.2,ipu
NZL,2000,30.8,ipu
NZL,2001,30.8,ipu
NZL,2002,29.2,ipu
NZL,2003,28.3,ipu
NZL,2004,28.3,ipu
NZL,2005,32.2,ipu
NZL,2006,32.2,ipu
NZL,2007,33.1,ipu
NZL,2008,33.6,ipu
NZL,2009,33.6,ipu
NZL,2010,33.6,ipu
NZL,2011,32.2,ipu
NZL,2012,32.2,ipu
NZL,2013,32.2,ipu
NZL,2014,29.8,ipu
NZL,2015,31.4,ipu
NZL,2016,31.4,ipu
NZL,2017,38.3,ipu
NZL,2018,38.3,ipu
NZL,2019,40.8,ipu
NZL,2020,48.3,ipu
NZL,2021,49.2,ipu
NZL,2022,50.4,ipu
NZL,2023,44.3,ipu
NZL,2024,45.5,ipu
NZL,2025,45.5,ipu
OED,1997,16.0,ipu
OED,1998,16.3,ipu
OED,1999,17.3,ipu
OED,2000,18.0,ipu
OED,2001,17.7,ipu
OED,2002,19.2,ipu
OED,2003,19.5,ipu
OED,2004,20.1,ipu
OED,2005,20.7,ipu
OED,2006,21.1,ipu
OED,2007,22.2,ipu
OED,2008,22.4,ipu
OED,2009,23.1,ipu
OED,2010,23.2,ipu
OED,2011,24.0,ipu
OED,2012,25.0,ipu
OED,2013,26.2,ipu
OED,2014,26.8,ipu
OED,2015,27.8,ipu
OED,2016,28.0,ipu
OED,2017,28.9,ipu
OED,2018,29.9,ipu
OED,2019,30.8,ipu
OED,2020,31.5,ipu
OED,2021,32.4,ipu
OED,2022,32.5,ipu
OED,2023,32.8,ipu
OED,2024,33.3,ipu
OED,2025,33.4,ipu
OMN,2004,2.4,ipu
OMN,2005,2.4,ipu
OMN,2006,2.4,ipu
OMN,2007,0.0,ipu
OMN,2008,0.0,ipu
OMN,2009,0.0,ipu
OMN,2010,0.0,ipu
OMN,2011,1.2,ipu
OMN,2012,1.2,ipu
OMN,2013,1.2,ipu
OMN,2014,1.2,ipu
OMN,2015,1.2,ipu
OMN,2016,1.2,ipu
OMN,2017,1.2,ipu
OMN,2018,1.2,ipu
OMN,2019,2.3,ipu
OMN,2020,2.3,ipu
OMN,2021,2.3,ipu
OMN,2022,2.3,ipu
OMN,2023,0.0,ipu
OMN,2024,0.0,ipu
OMN,2025,0.0,ipu
OSS,1997,8.5,ipu
OSS,1998,7.9,ipu
OSS,1999,10.3,ipu
OSS,2000,11.3,ipu
OSS,2001,11.7,ipu
OSS,2002,13.4,ipu
OSS,2003,14.1,ipu
OSS,2004,14.0,ipu
OSS,2005,15.3,ipu
OSS,2006,13.7,ipu
OSS,2007,14.0,ipu
OSS,2008,16.1,ipu
OSS,2009,16.3,ipu
OSS,2010,17.1,ipu
OSS,2011,17.7,ipu
OSS,2012,18.5,ipu
OSS,2013,18.3,ipu
OSS,2014,18.3,ipu
OSS,2015,18.1,ipu
OSS,2016,18.8,ipu
OSS,2017,18.3,ipu
OSS,2018,19.4,ipu
OSS,2019,20.9,ipu
OSS,2020,22.0,ipu
OSS,2021,23.1,ipu
OSS,2022,24.2,ipu
OSS,2023,24.4,ipu
OSS,2024,24.0,ipu
OSS,2025,24.4,ipu
PAK,1946,0.0,vdem
PAK,1973,4.1,vdem
PAK,1974,4.1,vdem
PAK,1975,4.1,vdem
PAK,1976,4.1,vdem
PAK,1985,8.9,vdem
PAK,1986,8.9,vdem
PAK,1987,8.9,vdem
PAK,1988,10.1,vdem
PAK,1989,10.1,vdem
PAK,1990,0.9,vdem
PAK,1991,0.9,vdem
PAK,1992,0.9,vdem
PAK,1993,1.8,vdem
PAK,1994,1.8,vdem
PAK,1995,1.8,vdem
PAK,1996,1.8,vdem
PAK,1997,2.3,ipu
PAK,1998,2.3,ipu
PAK,2002,21.1,ipu
PAK,2003,21.6,ipu
PAK,2004,21.3,ipu
PAK,2005,21.3,ipu
PAK,2006,21.3,ipu
PAK,2007,21.1,ipu
PAK,2008,22.5,ipu
PAK,2009,22.2,ipu
PAK,2010,22.2,ipu
PAK,2011,22.5,ipu
PAK,2012,22.5,ipu
PAK,2013,20.7,ipu
PAK,2014,20.7,ipu
PAK,2015,20.6,ipu
PAK,2016,20.6,ipu
PAK,2017,20.6,ipu
PAK,2018,20.2,ipu
PAK,2019,20.2,ipu
PAK,2020,20.2,ipu
PAK,2021,20.2,ipu
PAK,2022,20.5,ipu
PAK,2023,20.5,ipu
PAK,2024,17.0,ipu
PAK,2025,17.0,ipu
PAN,1946,4.0,vdem
PAN,1947,4.0,vdem
PAN,1948,2.4,vdem
PAN,1949,2.4,vdem
PAN,1950,2.4,vdem
PAN,1951,2.4,vdem
PAN,1952,1.9,vdem
PAN,1953,1.9,vdem
PAN,1954,1.9,vdem
PAN,1955,1.9,vdem
PAN,1956,3.8,vdem
PAN,1957,3.8,vdem
PAN,1958,3.8,vdem
PAN,1959,3.8,vdem
PAN,1960,3.8,vdem
PAN,1961,3.8,vdem
PAN,1962,3.8,vdem
PAN,1963,3.8,vdem
PAN,1964,2.4,vdem
PAN,1965,2.4,vdem
PAN,1966,2.4,vdem
PAN,1967,2.4,vdem
PAN,1972,0.0,vdem
PAN,1973,0.0,vdem
PAN,1974,0.0,vdem
PAN,1975,0.0,vdem
PAN,1976,0.0,vdem
PAN,1977,0.0,vdem
PAN,1978,8.1,vdem
PAN,1979,8.1,vdem
PAN,1980,5.4,vdem
PAN,1981,5.4,vdem
PAN,1982,1.8,vdem
PAN,1983,1.8,vdem
PAN,1984,6.0,vdem
PAN,1985,6.0,vdem
PAN,1986,6.0,vdem
PAN,1987,6.0,vdem
PAN,1988,6.0,vdem
PAN,1989,6.0,vdem
PAN,1990,7.5,vdem
PAN,1991,7.5,vdem
PAN,1992,7.5,vdem
PAN,1993,7.5,vdem
PAN,1994,8.3,vdem
PAN,1995,8.3,vdem
PAN,1996,8.3,vdem
PAN,1997,9.7,ipu
PAN,1998,9.7,ipu
PAN,1999,9.7,vdem
PAN,2000,9.9,ipu
PAN,2001,9.9,ipu
PAN,2002,9.9,ipu
PAN,2003,9.9,ipu
PAN,2004,16.7,ipu
PAN,2005,16.7,ipu
PAN,2006,16.7,ipu
PAN,2007,16.7,ipu
PAN,2008,16.7,ipu
PAN,2009,8.5,ipu
PAN,2010,8.5,ipu
PAN,2011,8.5,ipu
PAN,2012,8.5,ipu
PAN,2013,8.5,ipu
PAN,2014,19.3,ipu
PAN,2015,18.3,ipu
PAN,2016,18.3,ipu
PAN,2017,18.3,ipu
PAN,2018,18.3,ipu
PAN,2019,21.1,ipu
PAN,2020,22.5,ipu
PAN,2021,22.5,ipu
PAN,2022,22.5,ipu
PAN,2023,22.5,ipu
PAN,2024,21.4,ipu
PAN,2025,21.7,ipu
PER,1946,0.0,vdem
PER,1947,0.0,vdem
PER,1950,0.0,vdem
PER,1951,0.0,vdem
PER,1952,0.0,vdem
PER,1953,0.0,vdem
PER,1954,0.0,vdem
PER,1955,0.0,vdem
PER,1956,4.4,vdem
PER,1957,4.4,vdem
PER,1958,4.4,vdem
PER,1959,4.4,vdem
PER,1960,4.4,vdem
PER,1961,4.4,vdem
PER,1963,1.4,vdem
PER,1964,1.4,vdem
PER,1965,1.4,vdem
PER,1966,1.4,vdem
PER,1967,1.4,vdem
PER,1980,7.2,vdem
PER,1981,7.2,vdem
PER,1982,7.2,vdem
PER,1983,7.2,vdem
PER,1984,7.2,vdem
PER,1985,5.6,vdem
PER,1986,5.6,vdem
PER,1987,5.6,vdem
PER,1988,5.6,vdem
PER,1989,5.6,vdem
PER,1990,6.7,vdem
PER,1991,6.7,vdem
PER,1992,6.7,vdem
PER,1993,8.8,vdem
PER,1994,8.8,vdem
PER,1995,10.0,vdem
PER,1996,10.0,vdem
PER,1997,10.8,ipu
PER,1998,10.8,ipu
PER,1999,10.8,ipu
PER,2000,10.0,vdem
PER,2001,18.3,ipu
PER,2002,18.3,ipu
PER,2003,18.3,ipu
PER,2004,18.3,ipu
PER,2005,18.3,ipu
PER,2006,29.2,ipu
PER,2007,29.2,ipu
PER,2008,29.2,ipu
PER,2009,27.5,ipu
PER,2010,27.5,ipu
PER,2011,21.5,ipu
PER,2012,21.5,ipu
PER,2013,21.5,ipu
PER,2014,22.3,ipu
PER,2015,22.3,ipu
PER,2016,27.7,ipu
PER,2017,27.7,ipu
PER,2018,27.7,ipu
PER,2019,30.0,ipu
PER,2020,26.2,ipu
PER,2021,40.0,ipu
PER,2022,40.0,ipu
PER,2023,38.8,ipu
PER,2024,38.5,ipu
PER,2025,41.5,ipu
PHL,1946,1.0,vdem
PHL,1947,1.0,vdem
PHL,1948,1.0,vdem
PHL,1949,1.0,vdem
PHL,1950,1.0,vdem
PHL,1951,1.0,vdem
PHL,1952,1.0,vdem
PHL,1953,1.9,vdem
PHL,1954,1.9,vdem
PHL,1955,1.9,vdem
PHL,1956,1.9,vdem
PHL,1957,1.0,vdem
PHL,1958,1.0,vdem
PHL,1959,1.0,vdem
PHL,1960,1.0,vdem
PHL,1961,1.9,vdem
PHL,1962,1.9,vdem
PHL,1963,1.9,vdem
PHL,1964,1.9,vdem
PHL,1965,5.5,vdem
PHL,1966,5.5,vdem
PHL,1967,5.5,vdem
PHL,1968,5.5,vdem
PHL,1969,2.8,vdem
PHL,1970,2.8,vdem
PHL,1971,2.8,vdem
PHL,1978,5.5,vdem
PHL,1979,5.5,vdem
PHL,1980,5.5,vdem
PHL,1981,5.5,vdem
PHL,1982,5.5,vdem
PHL,1983,5.5,vdem
PHL,1984,5.6,vdem
PHL,1985,5.6,vdem
PHL,1987,9.1,vdem
PHL,1988,9.1,vdem
PHL,1989,9.1,vdem
PHL,1990,9.1,vdem
PHL,1991,9.1,vdem
PHL,1992,10.7,vdem
PHL,1993,10.7,vdem
PHL,1994,10.7,vdem
PHL,1995,8.8,vdem
PHL,1996,8.8,vdem
PHL,1997,11.1,ipu
PHL,1998,12.4,ipu
PHL,1999,12.4,ipu
PHL,2000,11.3,ipu
PHL,2001,17.8,ipu
PHL,2002,17.8,ipu
PHL,2003,17.8,ipu
PHL,2004,15.3,ipu
PHL,2005,15.3,ipu
PHL,2006,15.3,ipu
PHL,2007,20.5,ipu
PHL,2008,20.5,ipu
PHL,2009,21.0,ipu
PHL,2010,22.1,ipu
PHL,2011,22.9,ipu
PHL,2012,22.9,ipu
PHL,2013,27.3,ipu
PHL,2014,27.3,ipu
PHL,2015,27.2,ipu
PHL,2016,29.8,ipu
PHL,2017,29.5,ipu
PHL,2018,29.5,ipu
PHL,2019,28.0,ipu
PHL,2020,28.0,ipu
PHL,2021,28.0,ipu
PHL,2022,27.3,ipu
PHL,2023,27.3,ipu
PHL,2024,27.3,ipu
PHL,2025,28.3,ipu
PLW,1997,0.0,ipu
PLW,1998,0.0,ipu
PLW,1999,0.0,ipu
PLW,2000,0.0,ipu
PLW,2001,0.0,ipu
PLW,2002,0.0,ipu
PLW,2003,0.0,ipu
PLW,2004,0.0,ipu
PLW,2005,0.0,ipu
PLW,2006,0.0,ipu
PLW,2007,0.0,ipu
PLW,2008,0.0,ipu
PLW,2009,0.0,ipu
PLW,2010,0.0,ipu
PLW,2011,0.0,ipu
PLW,2012,0.0,ipu
PLW,2013,0.0,ipu
PLW,2014,0.0,ipu
PLW,2015,0.0,ipu
PLW,2016,12.5,ipu
PLW,2017,12.5,ipu
PLW,2018,12.5,ipu
PLW,2019,12.5,ipu
PLW,2020,6.2,ipu
PLW,2021,6.2,ipu
PLW,2022,6.2,ipu
PLW,2023,6.2,ipu
PLW,2024,25.0,ipu
PLW,2025,25.0,ipu
PNG,1951,0.0,vdem
PNG,1952,0.0,vdem
PNG,1953,0.0,vdem
PNG,1954,0.0,vdem
PNG,1955,0.0,vdem
PNG,1956,0.0,vdem
PNG,1957,0.0,vdem
PNG,1958,0.0,vdem
PNG,1959,0.0,vdem
PNG,1960,0.0,vdem
PNG,1961,0.0,vdem
PNG,1962,0.0,vdem
PNG,1963,0.0,vdem
PNG,1964,0.0,vdem
PNG,1965,0.0,vdem
PNG,1966,0.0,vdem
PNG,1967,0.0,vdem
PNG,1968,0.0,vdem
PNG,1969,0.0,vdem
PNG,1970,0.0,vdem
PNG,1971,0.0,vdem
PNG,1972,0.0,vdem
PNG,1973,0.0,vdem
PNG,1974,0.0,vdem
PNG,1975,0.0,vdem
PNG,1976,0.0,vdem
PNG,1977,2.8,vdem
PNG,1978,2.8,vdem
PNG,1979,2.8,vdem
PNG,1980,2.8,vdem
PNG,1981,2.8,vdem
PNG,1982,0.9,vdem
PNG,1983,0.9,vdem
PNG,1984,0.9,vdem
PNG,1985,0.9,vdem
PNG,1986,0.9,vdem
PNG,1987,0.0,vdem
PNG,1988,0.0,vdem
PNG,1989,0.0,vdem
PNG,1990,0.0,vdem
PNG,1991,0.0,vdem
PNG,1992,0.0,vdem
PNG,1993,0.0,vdem
PNG,1994,0.0,vdem
PNG,1995,0.0,vdem
PNG,1996,0.0,vdem
PNG,1997,1.8,ipu
PNG,1998,1.8,ipu
PNG,1999,1.8,ipu
PNG,2000,1.8,ipu
PNG,2001,1.8,ipu
PNG,2002,0.9,vdem
PNG,2003,0.9,ipu
PNG,2004,0.9,ipu
PNG,2005,0.9,ipu
PNG,2006,0.9,ipu
PNG,2007,0.9,ipu
PNG,2008,0.9,ipu
PNG,2009,0.9,ipu
PNG,2010,0.9,ipu
PNG,2011,0.9,ipu
PNG,2012,2.7,ipu
PNG,2013,2.7,ipu
PNG,2014,2.7,ipu
PNG,2015,2.7,ipu
PNG,2016,2.7,ipu
PNG,2017,0.0,ipu
PNG,2018,0.0,ipu
PNG,2019,0.0,ipu
PNG,2020,0.0,ipu
PNG,2021,0.0,ipu
PNG,2022,1.7,ipu
PNG,2023,2.7,ipu
PNG,2024,2.7,ipu
PNG,2025,2.7,ipu
POL,1946,0.5,vdem
POL,1947,0.0,vdem
POL,1948,0.0,vdem
POL,1949,0.0,vdem
POL,1950,0.0,vdem
POL,1951,0.0,vdem
POL,1952,17.6,vdem
POL,1953,17.6,vdem
POL,1954,17.6,vdem
POL,1955,17.6,vdem
POL,1956,17.6,vdem
POL,1957,4.1,vdem
POL,1958,4.1,vdem
POL,1959,4.1,vdem
POL,1960,4.1,vdem
POL,1961,13.0,vdem
POL,1962,13.0,vdem
POL,1963,13.0,vdem
POL,1964,13.0,vdem
POL,1965,12.4,vdem
POL,1966,12.4,vdem
POL,1967,12.4,vdem
POL,1968,12.4,vdem
POL,1969,13.5,vdem
POL,1970,13.5,vdem
POL,1971,13.5,vdem
POL,1972,15.9,vdem
POL,1973,15.9,vdem
POL,1974,15.9,vdem
POL,1975,15.9,vdem
POL,1976,20.7,vdem
POL,1977,20.7,vdem
POL,1978,20.7,vdem
POL,1979,20.7,vdem
POL,1980,23.0,vdem
POL,1981,23.0,vdem
POL,1982,23.0,vdem
POL,1983,23.0,vdem
POL,1984,23.0,vdem
POL,1985,20.2,vdem
POL,1986,20.2,vdem
POL,1987,20.2,vdem
POL,1988,20.2,vdem
POL,1989,13.5,vdem
POL,1990,13.5,vdem
POL,1991,9.6,vdem
POL,1992,9.6,vdem
POL,1993,13.0,vdem
POL,1994,13.0,vdem
POL,1995,13.0,vdem
POL,1996,13.0,vdem
POL,1997,13.0,ipu
POL,1998,13.0,ipu
POL,1999,13.0,ipu
POL,2000,13.0,ipu
POL,2001,20.2,ipu
POL,2002,20.2,ipu
POL,2003,20.2,ipu
POL,2004,20.2,ipu
POL,2005,20.4,ipu
POL,2006,20.4,ipu
POL,2007,20.4,ipu
POL,2008,20.2,ipu
POL,2009,20.0,ipu
POL,2010,20.0,ipu
POL,2011,23.7,ipu
POL,2012,23.7,ipu
POL,2013,23.7,ipu
POL,2014,24.3,ipu
POL,2015,27.4,ipu
POL,2016,27.4,ipu
POL,2017,28.0,ipu
POL,2018,28.0,ipu
POL,2019,28.7,ipu
POL,2020,28.7,ipu
POL,2021,28.3,ipu
POL,2022,28.3,ipu
POL,2023,29.3,ipu
POL,2024,29.6,ipu
POL,2025,31.3,ipu
PRE,2000,10.0,ipu
PRE,2001,11.3,ipu
PRE,2002,12.8,ipu
PRE,2003,13.1,ipu
PRE,2004,13.7,ipu
PRE,2005,15.3,ipu
PRE,2006,16.1,ipu
PRE,2007,16.7,ipu
PRE,2008,17.2,ipu
PRE,2009,17.4,ipu
PRE,2010,17.2,ipu
PRE,2011,19.5,ipu
PRE,2012,20.2,ipu
PRE,2013,21.3,ipu
PRE,2014,20.9,ipu
PRE,2015,21.8,ipu
PRE,2016,22.1,ipu
PRE,2017,22.3,ipu
PRE,2018,22.0,ipu
PRE,2019,22.0,ipu
PRE,2020,22.9,ipu
PRE,2021,24.1,ipu
PRE,2022,24.6,ipu
PRE,2023,25.1,ipu
PRE,2024,25.2,ipu
PRE,2025,25.1,ipu
PRK,1948,12.1,vdem
PRK,1949,12.1,vdem
PRK,1950,12.1,vdem
PRK,1951,12.1,vdem
PRK,1952,12.1,vdem
PRK,1953,12.1,vdem
PRK,1954,12.1,vdem
PRK,1955,12.1,vdem
PRK,1956,12.1,vdem
PRK,1957,13.0,vdem
PRK,1958,13.0,vdem
PRK,1959,13.0,vdem
PRK,1960,13.0,vdem
PRK,1961,13.0,vdem
PRK,1962,8.9,vdem
PRK,1963,8.9,vdem
PRK,1964,8.9,vdem
PRK,1965,8.9,vdem
PRK,1966,8.9,vdem
PRK,1967,16.0,vdem
PRK,1968,16.0,vdem
PRK,1969,16.0,vdem
PRK,1970,16.0,vdem
PRK,1971,16.0,vdem
PRK,1972,20.9,vdem
PRK,1973,20.9,vdem
PRK,1974,20.9,vdem
PRK,1975,20.9,vdem
PRK,1976,20.9,vdem
PRK,1977,19.9,vdem
PRK,1978,19.9,vdem
PRK,1979,19.9,vdem
PRK,1980,19.9,vdem
PRK,1981,19.9,vdem
PRK,1982,19.5,vdem
PRK,1983,19.5,vdem
PRK,1984,19.5,vdem
PRK,1985,19.5,vdem
PRK,1986,21.1,vdem
PRK,1987,21.1,vdem
PRK,1988,21.1,vdem
PRK,1989,21.1,vdem
PRK,1990,20.1,vdem
PRK,1991,20.1,vdem
PRK,1992,20.1,vdem
PRK,1993,20.1,vdem
PRK,1994,20.1,vdem
PRK,1995,20.1,vdem
PRK,1996,20.1,vdem
PRK,1997,20.1,ipu
PRK,1998,20.1,ipu
PRK,1999,20.1,ipu
PRK,2000,20.1,ipu
PRK,2001,20.1,ipu
PRK,2002,20.1,ipu
PRK,2003,20.1,vdem
PRK,2004,20.1,ipu
PRK,2005,20.1,ipu
PRK,2006,20.1,ipu
PRK,2007,20.1,ipu
PRK,2008,20.1,ipu
PRK,2009,15.6,ipu
PRK,2010,15.6,ipu
PRK,2011,15.6,ipu
PRK,2012,15.6,ipu
PRK,2013,15.6,ipu
PRK,2014,16.3,ipu
PRK,2015,16.3,ipu
PRK,2016,16.3,ipu
PRK,2017,16.3,ipu
PRK,2018,16.3,ipu
PRK,2019,17.6,ipu
PRK,2020,17.6,ipu
PRK,2021,17.6,ipu
PRK,2022,17.6,ipu
PRK,2023,17.6,ipu
PRK,2024,17.6,ipu
PRK,2025,17.6,ipu
PRT,1946,1.7,vdem
PRT,1947,1.7,vdem
PRT,1948,1.7,vdem
PRT,1949,1.7,vdem
PRT,1950,1.7,vdem
PRT,1951,1.7,vdem
PRT,1952,1.7,vdem
PRT,1953,1.7,vdem
PRT,1954,1.7,vdem
PRT,1955,1.7,vdem
PRT,1956,1.7,vdem
PRT,1957,1.7,vdem
PRT,1958,1.7,vdem
PRT,1959,1.7,vdem
PRT,1960,1.7,vdem
PRT,1961,2.3,vdem
PRT,1962,2.3,vdem
PRT,1963,2.3,vdem
PRT,1964,2.3,vdem
PRT,1965,3.1,vdem
PRT,1966,3.1,vdem
PRT,1967,3.1,vdem
PRT,1968,3.1,vdem
PRT,1969,3.1,vdem
PRT,1970,3.1,vdem
PRT,1971,3.1,vdem
PRT,1972,3.1,vdem
PRT,1973,6.1,vdem
PRT,1976,4.9,vdem
PRT,1977,4.9,vdem
PRT,1978,4.9,vdem
PRT,1979,6.8,vdem
PRT,1980,6.8,vdem
PRT,1981,6.8,vdem
PRT,1982,6.8,vdem
PRT,1983,7.2,vdem
PRT,1984,7.2,vdem
PRT,1985,6.4,vdem
PRT,1986,6.4,vdem
PRT,1987,7.6,vdem
PRT,1988,7.6,vdem
PRT,1989,7.6,vdem
PRT,1990,7.6,vdem
PRT,1991,8.7,vdem
PRT,1992,8.7,vdem
PRT,1993,8.7,vdem
PRT,1994,8.7,vdem
PRT,1995,13.0,vdem
PRT,1996,13.0,vdem
PRT,1997,13.0,ipu
PRT,1998,13.0,ipu
PRT,1999,18.7,ipu
PRT,2000,17.4,ipu
PRT,2001,18.7,ipu
PRT,2002,19.1,ipu
PRT,2003,19.1,ipu
PRT,2004,19.1,ipu
PRT,2005,21.3,ipu
PRT,2006,21.3,ipu
PRT,2007,28.3,ipu
PRT,2008,28.3,ipu
PRT,2009,27.4,ipu
PRT,2010,27.4,ipu
PRT,2011,28.7,ipu
PRT,2012,28.7,ipu
PRT,2013,31.3,ipu
PRT,2014,31.3,ipu
PRT,2015,34.8,ipu
PRT,2016,34.8,ipu
PRT,2017,34.8,ipu
PRT,2018,34.8,ipu
PRT,2019,38.7,ipu
PRT,2020,40.0,ipu
PRT,2021,40.0,ipu
PRT,2022,37.0,ipu
PRT,2023,36.1,ipu
PRT,2024,32.6,ipu
PRT,2025,35.7,ipu
PRY,1948,0.0,vdem
PRY,1949,0.0,vdem
PRY,1950,0.0,vdem
PRY,1951,0.0,vdem
PRY,1952,0.0,vdem
PRY,1953,0.0,vdem
PRY,1954,0.0,vdem
PRY,1955,0.0,vdem
PRY,1956,0.0,vdem
PRY,1957,0.0,vdem
PRY,1958,0.0,vdem
PRY,1961,0.0,vdem
PRY,1962,0.0,vdem
PRY,1963,3.3,vdem
PRY,1964,3.3,vdem
PRY,1965,3.3,vdem
PRY,1966,3.3,vdem
PRY,1967,1.8,vdem
PRY,1968,3.3,vdem
PRY,1969,3.3,vdem
PRY,1970,3.3,vdem
PRY,1971,3.3,vdem
PRY,1972,3.3,vdem
PRY,1973,5.0,vdem
PRY,1974,5.0,vdem
PRY,1975,5.0,vdem
PRY,1976,5.0,vdem
PRY,1977,5.0,vdem
PRY,1978,3.3,vdem
PRY,1979,3.3,vdem
PRY,1980,3.3,vdem
PRY,1981,3.3,vdem
PRY,1982,3.3,vdem
PRY,1983,1.7,vdem
PRY,1984,1.7,vdem
PRY,1985,1.7,vdem
PRY,1986,1.7,vdem
PRY,1987,1.7,vdem
PRY,1988,2.8,vdem
PRY,1989,5.6,vdem
PRY,1990,5.6,vdem
PRY,1991,5.6,vdem
PRY,1992,5.6,vdem
PRY,1993,2.5,vdem
PRY,1994,2.5,vdem
PRY,1995,2.5,vdem
PRY,1996,2.5,vdem
PRY,1997,2.5,ipu
PRY,1998,2.5,vdem
PRY,1999,2.5,ipu
PRY,2000,2.5,ipu
PRY,2001,2.5,ipu
PRY,2002,2.5,ipu
PRY,2003,8.8,ipu
PRY,2004,10.0,ipu
PRY,2005,10.0,ipu
PRY,2006,10.0,ipu
PRY,2007,10.0,ipu
PRY,2008,12.5,ipu
PRY,2009,12.5,ipu
PRY,2010,12.5,ipu
PRY,2011,12.5,ipu
PRY,2012,12.5,ipu
PRY,2013,17.5,ipu
PRY,2014,15.0,ipu
PRY,2015,15.0,ipu
PRY,2016,15.0,ipu
PRY,2017,13.8,ipu
PRY,2018,15.0,ipu
PRY,2019,15.0,ipu
PRY,2020,16.2,ipu
PRY,2021,16.2,ipu
PRY,2022,17.5,ipu
PRY,2023,22.5,ipu
PRY,2024,23.8,ipu
PRY,2025,23.8,ipu
PSS,1997,2.6,ipu
PSS,1998,2.1,ipu
PSS,1999,4.7,ipu
PSS,2001,2.9,ipu
PSS,2002,3.2,ipu
PSS,2003,2.7,ipu
PSS,2004,3.6,ipu
PSS,2005,3.9,ipu
PSS,2014,4.9,ipu
PSS,2015,5.7,ipu
PSS,2016,6.5,ipu
PSS,2017,7.3,ipu
PSS,2018,7.8,ipu
PSS,2019,7.8,ipu
PSS,2020,8.1,ipu
PSS,2021,7.8,ipu
PSS,2022,8.8,ipu
PSS,2023,8.6,ipu
PSS,2024,9.2,ipu
PSS,2025,8.8,ipu
PST,1997,16.9,ipu
PST,1998,17.9,ipu
PST,1999,18.2,ipu
PST,2000,19.4,ipu
PST,2001,19.0,ipu
PST,2002,20.1,ipu
PST,2003,20.7,ipu
PST,2004,21.7,ipu
PST,2005,22.0,ipu
PST,2006,22.8,ipu
PST,2007,23.7,ipu
PST,2008,24.3,ipu
PST,2009,24.7,ipu
PST,2010,24.9,ipu
PST,2011,25.3,ipu
PST,2012,25.9,ipu
PST,2013,27.5,ipu
PST,2014,28.1,ipu
PST,2015,28.6,ipu
PST,2016,28.6,ipu
PST,2017,29.6,ipu
PST,2018,30.4,ipu
PST,2019,32.0,ipu
PST,2020,32.9,ipu
PST,2021,33.5,ipu
PST,2022,33.6,ipu
PST,2023,33.5,ipu
PST,2024,33.8,ipu
PST,2025,34.1,ipu
QAT,2006,0.0,ipu
QAT,2007,0.0,ipu
QAT,2008,0.0,ipu
QAT,2009,0.0,ipu
QAT,2010,0.0,ipu
QAT,2011,0.0,ipu
QAT,2012,0.0,ipu
QAT,2013,0.0,ipu
QAT,2014,0.0,ipu
QAT,2015,0.0,ipu
QAT,2016,0.0,ipu
QAT,2017,9.8,ipu
QAT,2018,9.8,ipu
QAT,2019,9.8,ipu
QAT,2020,9.8,ipu
QAT,2021,4.4,ipu
QAT,2022,4.4,ipu
QAT,2023,4.4,ipu
QAT,2024,4.4,ipu
QAT,2025,6.1,ipu
ROU,1946,5.3,vdem
ROU,1947,5.3,vdem
ROU,1948,7.2,vdem
ROU,1949,7.2,vdem
ROU,1950,7.2,vdem
ROU,1951,7.2,vdem
ROU,1952,15.4,vdem
ROU,1953,15.4,vdem
ROU,1954,15.4,vdem
ROU,1955,15.4,vdem
ROU,1956,15.4,vdem
ROU,1957,16.2,vdem
ROU,1958,16.2,vdem
ROU,1959,16.2,vdem
ROU,1960,16.2,vdem
ROU,1961,16.6,vdem
ROU,1962,16.6,vdem
ROU,1963,16.6,vdem
ROU,1964,16.6,vdem
ROU,1965,14.4,vdem
ROU,1966,14.4,vdem
ROU,1967,14.4,vdem
ROU,1968,14.4,vdem
ROU,1969,14.4,vdem
ROU,1970,14.4,vdem
ROU,1971,14.4,vdem
ROU,1972,14.4,vdem
ROU,1973,14.4,vdem
ROU,1974,14.4,vdem
ROU,1975,15.2,vdem
ROU,1976,15.2,vdem
ROU,1977,15.2,vdem
ROU,1978,15.2,vdem
ROU,1979,15.2,vdem
ROU,1980,33.1,vdem
ROU,1981,33.1,vdem
ROU,1982,33.1,vdem
ROU,1983,33.1,vdem
ROU,1984,33.1,vdem
ROU,1985,34.4,vdem
ROU,1986,34.4,vdem
ROU,1987,34.4,vdem
ROU,1988,34.4,vdem
ROU,1989,34.4,vdem
ROU,1990,3.6,vdem
ROU,1991,3.6,vdem
ROU,1992,4.1,vdem
ROU,1993,4.1,vdem
ROU,1994,4.1,vdem
ROU,1995,4.1,vdem
ROU,1996,7.3,vdem
ROU,1997,7.3,ipu
ROU,1998,7.3,ipu
ROU,1999,7.3,ipu
ROU,2000,10.7,vdem
ROU,2001,10.7,ipu
ROU,2002,10.7,ipu
ROU,2003,10.7,ipu
ROU,2004,11.4,ipu
ROU,2005,11.2,ipu
ROU,2006,11.2,ipu
ROU,2007,9.4,ipu
ROU,2008,11.4,ipu
ROU,2009,11.4,ipu
ROU,2010,11.4,ipu
ROU,2011,11.2,ipu
ROU,2012,13.3,ipu
ROU,2013,13.3,ipu
ROU,2014,13.5,ipu
ROU,2015,13.7,ipu
ROU,2016,13.7,ipu
ROU,2017,20.7,ipu
ROU,2018,20.7,ipu
ROU,2019,21.9,ipu
ROU,2020,21.9,ipu
ROU,2021,18.5,ipu
ROU,2022,19.1,ipu
ROU,2023,19.1,ipu
ROU,2024,19.2,ipu
ROU,2025,22.4,ipu
RUS,1946,17.0,vdem
RUS,1947,17.0,vdem
RUS,1948,17.0,vdem
RUS,1949,17.0,vdem
RUS,1950,19.6,vdem
RUS,1951,19.6,vdem
RUS,1952,19.6,vdem
RUS,1953,19.6,vdem
RUS,1954,24.0,vdem
RUS,1955,24.0,vdem
RUS,1956,24.0,vdem
RUS,1957,24.0,vdem
RUS,1958,25.7,vdem
RUS,1959,25.7,vdem
RUS,1960,25.7,vdem
RUS,1961,25.7,vdem
RUS,1962,27.2,vdem
RUS,1963,27.2,vdem
RUS,1964,27.2,vdem
RUS,1965,27.2,vdem
RUS,1966,28.9,vdem
RUS,1967,28.9,vdem
RUS,1968,28.9,vdem
RUS,1969,28.9,vdem
RUS,1970,30.2,vdem
RUS,1971,30.2,vdem
RUS,1972,30.2,vdem
RUS,1973,30.2,vdem
RUS,1974,30.5,vdem
RUS,1975,30.5,vdem
RUS,1976,30.5,vdem
RUS,1977,30.5,vdem
RUS,1978,30.5,vdem
RUS,1979,32.0,vdem
RUS,1980,32.0,vdem
RUS,1981,32.0,vdem
RUS,1982,32.0,vdem
RUS,1983,32.0,vdem
RUS,1984,31.1,vdem
RUS,1985,31.1,vdem
RUS,1986,31.1,vdem
RUS,1987,31.1,vdem
RUS,1988,31.1,vdem
RUS,1989,20.3,vdem
RUS,1990,15.6,vdem
RUS,1991,8.7,vdem
RUS,1992,8.7,vdem
RUS,1994,13.4,vdem
RUS,1995,10.2,vdem
RUS,1996,10.2,vdem
RUS,1997,10.2,ipu
RUS,1998,10.2,ipu
RUS,1999,7.6,vdem
RUS,2000,7.7,ipu
RUS,2001,7.6,ipu
RUS,2002,7.6,ipu
RUS,2003,7.6,ipu
RUS,2004,9.8,ipu
RUS,2005,9.8,ipu
RUS,2006,9.8,ipu
RUS,2007,14.0,ipu
RUS,2008,14.0,ipu
RUS,2009,14.0,ipu
RUS,2010,14.0,ipu
RUS,2011,13.6,ipu
RUS,2012,13.6,ipu
RUS,2013,13.6,ipu
RUS,2014,13.6,ipu
RUS,2015,13.6,ipu
RUS,2016,12.7,ipu
RUS,2017,15.8,ipu
RUS,2018,15.8,ipu
RUS,2019,15.8,ipu
RUS,2020,15.8,ipu
RUS,2021,16.2,ipu
RUS,2022,16.2,ipu
RUS,2023,16.4,ipu
RUS,2024,16.4,ipu
RUS,2025,16.4,ipu
RWA,1961,0.0,vdem
RWA,1962,0.0,vdem
RWA,1963,0.0,vdem
RWA,1964,0.0,vdem
RWA,1965,2.1,vdem
RWA,1966,2.1,vdem
RWA,1967,2.1,vdem
RWA,1968,2.1,vdem
RWA,1969,2.1,vdem
RWA,1970,2.1,vdem
RWA,1971,2.1,vdem
RWA,1972,2.1,vdem
RWA,1981,6.2,vdem
RWA,1982,6.3,vdem
RWA,1983,12.9,vdem
RWA,1984,12.9,vdem
RWA,1985,12.9,vdem
RWA,1986,12.9,vdem
RWA,1987,12.9,vdem
RWA,1988,17.1,vdem
RWA,1989,17.1,vdem
RWA,1990,17.1,vdem
RWA,1991,17.1,vdem
RWA,1992,17.1,vdem
RWA,1994,4.3,vdem
RWA,1995,4.3,vdem
RWA,1996,4.3,vdem
RWA,1997,17.1,ipu
RWA,1998,17.1,ipu
RWA,1999,17.1,ipu
RWA,2000,25.7,ipu
RWA,2001,25.7,ipu
RWA,2002,25.7,ipu
RWA,2003,48.8,ipu
RWA,2004,48.8,ipu
RWA,2005,48.8,ipu
RWA,2006,48.8,ipu
RWA,2007,48.8,ipu
RWA,2008,56.2,ipu
RWA,2009,56.2,ipu
RWA,2010,56.2,ipu
RWA,2011,56.2,ipu
RWA,2012,56.2,ipu
RWA,2013,63.8,ipu
RWA,2014,63.8,ipu
RWA,2015,63.8,ipu
RWA,2016,63.8,ipu
RWA,2017,61.2,ipu
RWA,2018,61.2,ipu
RWA,2019,61.2,ipu
RWA,2020,61.2,ipu
RWA,2021,61.2,ipu
RWA,2022,61.2,ipu
RWA,2023,61.2,ipu
RWA,2024,63.8,ipu
RWA,2025,63.8,ipu
SAS,1997,6.3,ipu
SAS,1998,6.6,ipu
SAS,1999,7.0,ipu
SAS,2000,8.4,ipu
SAS,2001,8.1,ipu
SAS,2002,6.3,ipu
SAS,2003,6.3,ipu
SAS,2004,6.2,ipu
SAS,2005,9.2,ipu
SAS,2006,8.6,ipu
SAS,2007,10.0,ipu
SAS,2008,16.4,ipu
SAS,2009,18.7,ipu
SAS,2010,18.6,ipu
SAS,2011,18.9,ipu
SAS,2012,18.9,ipu
SAS,2013,12.1,ipu
SAS,2014,17.8,ipu
SAS,2015,18.0,ipu
SAS,2016,18.0,ipu
SAS,2017,18.1,ipu
SAS,2018,16.4,ipu
SAS,2019,17.2,ipu
SAS,2020,17.3,ipu
SAS,2021,17.4,ipu
SAS,2022,17.6,ipu
SAS,2023,17.7,ipu
SAS,2024,16.3,ipu
SAS,2025,11.2,ipu
SAU,2003,0.0,ipu
SAU,2004,0.0,ipu
SAU,2005,0.0,ipu
SAU,2006,0.0,ipu
SAU,2007,0.0,ipu
SAU,2008,0.0,ipu
SAU,2009,0.0,ipu
SAU,2010,0.0,ipu
SAU,2011,0.0,ipu
SAU,2012,0.0,ipu
SAU,2013,19.9,ipu
SAU,2014,19.9,ipu
SAU,2015,19.9,ipu
SAU,2016,19.9,ipu
SAU,2017,19.9,ipu
SAU,2018,19.9,ipu
SAU,2019,19.9,ipu
SAU,2020,19.9,ipu
SAU,2021,19.9,ipu
SAU,2022,19.9,ipu
SAU,2023,19.9,ipu
SAU,2024,19.9,ipu
SAU,2025,19.9,ipu
SCG,1992,5.1,vdem
SCG,1993,2.9,vdem
SCG,1994,2.9,vdem
SCG,1995,2.9,vdem
SCG,1996,5.1,vdem
SCG,1997,5.1,vdem
SCG,1998,5.1,vdem
SCG,1999,5.1,vdem
SCG,2000,7.2,vdem
SCG,2001,7.2,vdem
SCG,2002,7.2,vdem
SCG,2003,7.9,vdem
SCG,2004,7.9,vdem
SCG,2005,7.9,vdem
SDN,1948,0.0,vdem
SDN,1949,0.0,vdem
SDN,1950,0.0,vdem
SDN,1951,0.0,vdem
SDN,1952,0.0,vdem
SDN,1953,0.0,vdem
SDN,1954,0.0,vdem
SDN,1955,0.0,vdem
SDN,1956,0.0,vdem
SDN,1957,0.0,vdem
SDN,1974,6.0,vdem
SDN,1975,6.0,vdem
SDN,1976,6.0,vdem
SDN,1977,6.0,vdem
SDN,1978,6.6,vdem
SDN,1979,6.6,vdem
SDN,1980,6.5,vdem
SDN,1981,6.5,vdem
SDN,1982,8.5,vdem
SDN,1983,8.5,vdem
SDN,1984,8.5,vdem
SDN,1986,0.8,vdem
SDN,1987,0.8,vdem
SDN,1988,0.8,vdem
SDN,1992,8.2,vdem
SDN,1993,8.2,vdem
SDN,1994,8.2,vdem
SDN,1995,8.2,vdem
SDN,1996,5.3,vdem
SDN,1997,5.2,ipu
SDN,1998,5.2,ipu
SDN,2000,9.7,vdem
SDN,2001,9.7,ipu
SDN,2002,9.7,ipu
SDN,2003,9.7,ipu
SDN,2004,9.7,ipu
SDN,2005,14.7,ipu
SDN,2006,17.8,ipu
SDN,2007,18.1,ipu
SDN,2008,18.1,ipu
SDN,2009,18.9,ipu
SDN,2010,25.6,ipu
SDN,2011,24.6,ipu
SDN,2012,24.6,ipu
SDN,2013,24.6,ipu
SDN,2014,24.3,ipu
SDN,2015,30.5,ipu
SDN,2016,30.5,ipu
SDN,2017,30.5,ipu
SDN,2018,30.5,ipu
SEN,1946,0.0,vdem
SEN,1947,0.0,vdem
SEN,1948,0.0,vdem
SEN,1949,0.0,vdem
SEN,1950,0.0,vdem
SEN,1951,0.0,vdem
SEN,1952,0.0,vdem
SEN,1953,0.0,vdem
SEN,1954,0.0,vdem
SEN,1955,0.0,vdem
SEN,1956,0.0,vdem
SEN,1957,0.0,vdem
SEN,1958,0.0,vdem
SEN,1959,0.0,vdem
SEN,1960,0.0,vdem
SEN,1961,0.0,vdem
SEN,1962,0.0,vdem
SEN,1963,1.2,vdem
SEN,1964,1.3,vdem
SEN,1965,1.3,vdem
SEN,1966,1.3,vdem
SEN,1967,1.3,vdem
SEN,1968,1.2,vdem
SEN,1969,1.3,vdem
SEN,1970,1.3,vdem
SEN,1971,1.3,vdem
SEN,1972,1.3,vdem
SEN,1973,4.0,vdem
SEN,1974,4.0,vdem
SEN,1975,4.0,vdem
SEN,1976,4.0,vdem
SEN,1977,4.0,vdem
SEN,1978,7.0,vdem
SEN,1979,7.0,vdem
SEN,1980,7.0,vdem
SEN,1981,7.0,vdem
SEN,1982,7.0,vdem
SEN,1983,10.8,vdem
SEN,1984,10.8,vdem
SEN,1985,10.8,vdem
SEN,1986,10.8,vdem
SEN,1987,10.8,vdem
SEN,1988,12.5,vdem
SEN,1989,12.5,vdem
SEN,1990,12.5,vdem
SEN,1991,12.5,vdem
SEN,1992,12.5,vdem
SEN,1993,11.7,vdem
SEN,1994,11.7,vdem
SEN,1995,11.7,vdem
SEN,1996,11.7,vdem
SEN,1997,11.7,ipu
SEN,1998,12.1,ipu
SEN,1999,12.1,ipu
SEN,2000,12.1,ipu
SEN,2001,16.7,ipu
SEN,2002,19.2,ipu
SEN,2003,19.2,ipu
SEN,2004,19.2,ipu
SEN,2005,19.2,ipu
SEN,2006,19.2,ipu
SEN,2007,22.0,ipu
SEN,2008,22.0,ipu
SEN,2009,22.7,ipu
SEN,2010,22.7,ipu
SEN,2011,22.7,ipu
SEN,2012,42.7,ipu
SEN,2013,42.7,ipu
SEN,2014,43.3,ipu
SEN,2015,42.7,ipu
SEN,2016,42.7,ipu
SEN,2017,41.8,ipu
SEN,2018,41.8,ipu
SEN,2019,41.8,ipu
SEN,2020,43.0,ipu
SEN,2021,43.0,ipu
SEN,2022,44.2,ipu
SEN,2023,46.1,ipu
SEN,2024,41.2,ipu
SEN,2025,41.2,ipu
SGP,1946,0.0,vdem
SGP,1947,0.0,vdem
SGP,1948,0.0,vdem
SGP,1949,0.0,vdem
SGP,1950,0.0,vdem
SGP,1951,0.0,vdem
SGP,1952,0.0,vdem
SGP,1953,0.0,vdem
SGP,1954,0.0,vdem
SGP,1955,0.0,vdem
SGP,1956,0.0,vdem
SGP,1957,0.0,vdem
SGP,1958,0.0,vdem
SGP,1959,0.0,vdem
SGP,1960,0.0,vdem
SGP,1961,0.0,vdem
SGP,1962,0.0,vdem
SGP,1965,5.9,vdem
SGP,1966,5.9,vdem
SGP,1967,5.9,vdem
SGP,1968,1.7,vdem
SGP,1969,1.7,vdem
SGP,1970,1.7,vdem
SGP,1971,1.7,vdem
SGP,1972,0.0,vdem
SGP,1973,0.0,vdem
SGP,1974,0.0,vdem
SGP,1975,0.0,vdem
SGP,1976,0.0,vdem
SGP,1977,0.0,vdem
SGP,1978,0.0,vdem
SGP,1979,0.0,vdem
SGP,1980,0.0,vdem
SGP,1981,0.0,vdem
SGP,1982,0.0,vdem
SGP,1983,0.0,vdem
SGP,1984,3.8,vdem
SGP,1985,3.8,vdem
SGP,1986,3.8,vdem
SGP,1987,3.8,vdem
SGP,1988,4.9,vdem
SGP,1989,4.9,vdem
SGP,1990,4.9,vdem
SGP,1991,3.7,vdem
SGP,1992,3.7,vdem
SGP,1993,3.7,vdem
SGP,1994,3.7,vdem
SGP,1995,3.7,vdem
SGP,1996,3.7,vdem
SGP,1997,4.8,ipu
SGP,1998,4.8,ipu
SGP,1999,4.3,ipu
SGP,2000,4.3,ipu
SGP,2001,11.8,ipu
SGP,2002,11.8,ipu
SGP,2003,16.0,ipu
SGP,2004,16.0,ipu
SGP,2005,16.0,ipu
SGP,2006,21.2,ipu
SGP,2007,24.5,ipu
SGP,2008,24.5,ipu
SGP,2009,23.4,ipu
SGP,2010,23.4,ipu
SGP,2011,22.2,ipu
SGP,2012,24.2,ipu
SGP,2013,24.2,ipu
SGP,2014,25.3,ipu
SGP,2015,23.9,ipu
SGP,2016,23.8,ipu
SGP,2017,23.0,ipu
SGP,2018,23.0,ipu
SGP,2019,23.0,ipu
SGP,2020,29.5,ipu
SGP,2021,29.8,ipu
SGP,2022,29.1,ipu
SGP,2023,29.1,ipu
SGP,2024,29.3,ipu
SGP,2025,32.3,ipu
SLB,1960,0.0,vdem
SLB,1961,0.0,vdem
SLB,1962,0.0,vdem
SLB,1963,0.0,vdem
SLB,1964,0.0,vdem
SLB,1965,0.0,vdem
SLB,1966,0.0,vdem
SLB,1967,0.0,vdem
SLB,1968,0.0,vdem
SLB,1969,0.0,vdem
SLB,1970,0.0,vdem
SLB,1971,0.0,vdem
SLB,1972,0.0,vdem
SLB,1973,0.0,vdem
SLB,1974,0.0,vdem
SLB,1975,0.0,vdem
SLB,1976,0.0,vdem
SLB,1977,0.0,vdem
SLB,1978,0.0,vdem
SLB,1979,0.0,vdem
SLB,1980,0.0,vdem
SLB,1981,0.0,vdem
SLB,1982,0.0,vdem
SLB,1983,0.0,vdem
SLB,1984,0.0,vdem
SLB,1985,0.0,vdem
SLB,1986,0.0,vdem
SLB,1987,0.0,vdem
SLB,1988,0.0,vdem
SLB,1989,0.0,vdem
SLB,1990,0.0,vdem
SLB,1991,0.0,vdem
SLB,1992,0.0,vdem
SLB,1993,2.1,vdem
SLB,1994,2.1,vdem
SLB,1995,2.1,vdem
SLB,1996,2.1,vdem
SLB,1997,2.0,vdem
SLB,1998,2.0,ipu
SLB,1999,2.0,ipu
SLB,2000,2.0,ipu
SLB,2001,0.0,vdem
SLB,2002,0.0,ipu
SLB,2003,0.0,ipu
SLB,2004,0.0,ipu
SLB,2005,0.0,ipu
SLB,2006,0.0,ipu
SLB,2007,0.0,ipu
SLB,2008,0.0,ipu
SLB,2009,0.0,ipu
SLB,2010,0.0,ipu
SLB,2011,0.0,ipu
SLB,2012,2.0,ipu
SLB,2013,2.0,ipu
SLB,2014,2.0,ipu
SLB,2015,2.0,ipu
SLB,2016,2.0,ipu
SLB,2017,2.0,ipu
SLB,2018,2.0,ipu
SLB,2019,4.1,ipu
SLB,2020,6.4,ipu
SLB,2021,8.0,ipu
SLB,2022,8.0,ipu
SLB,2023,8.0,ipu
SLB,2024,6.0,ipu
SLB,2025,6.0,ipu
SLE,1973,1.0,vdem
SLE,1974,1.0,vdem
SLE,1975,1.0,vdem
SLE,1976,1.0,vdem
SLE,1977,0.0,vdem
SLE,1978,0.0,vdem
SLE,1979,0.0,vdem
SLE,1980,0.0,vdem
SLE,1981,0.0,vdem
SLE,1982,1.0,vdem
SLE,1983,1.0,vdem
SLE,1984,1.0,vdem
SLE,1985,1.0,vdem
SLE,1986,1.0,vdem
SLE,1987,1.0,vdem
SLE,1988,1.0,vdem
SLE,1989,1.0,vdem
SLE,1990,1.0,vdem
SLE,1991,1.0,vdem
SLE,1996,6.2,vdem
SLE,1999,8.8,ipu
SLE,2000,8.8,ipu
SLE,2001,8.8,ipu
SLE,2002,14.5,vdem
SLE,2003,14.5,ipu
SLE,2004,14.5,ipu
SLE,2005,14.5,ipu
SLE,2006,14.5,ipu
SLE,2007,13.2,ipu
SLE,2008,13.2,ipu
SLE,2009,13.2,ipu
SLE,2010,13.2,ipu
SLE,2011,12.9,ipu
SLE,2012,12.4,ipu
SLE,2013,12.4,ipu
SLE,2014,12.1,ipu
SLE,2015,12.4,ipu
SLE,2016,12.4,ipu
SLE,2017,12.4,ipu
SLE,2018,12.3,ipu
SLE,2019,12.3,ipu
SLE,2020,12.3,ipu
SLE,2021,12.3,ipu
SLE,2022,12.3,ipu
SLE,2023,28.2,ipu
SLE,2024,29.5,ipu
SLE,2025,29.5,ipu
SLV,1946,0.0,vdem
SLV,1947,0.0,vdem
SLV,1948,0.0,vdem
SLV,1949,0.0,vdem
SLV,1950,0.0,vdem
SLV,1951,0.0,vdem
SLV,1952,0.0,vdem
SLV,1953,0.0,vdem
SLV,1954,0.0,vdem
SLV,1955,0.0,vdem
SLV,1956,0.0,vdem
SLV,1957,0.0,vdem
SLV,1958,0.0,vdem
SLV,1959,0.0,vdem
SLV,1962,3.7,vdem
SLV,1963,3.7,vdem
SLV,1964,1.9,vdem
SLV,1965,1.9,vdem
SLV,1966,11.5,vdem
SLV,1967,11.5,vdem
SLV,1968,3.8,vdem
SLV,1969,3.8,vdem
SLV,1970,3.8,vdem
SLV,1971,3.8,vdem
SLV,1972,3.8,vdem
SLV,1973,3.8,vdem
SLV,1974,5.8,vdem
SLV,1975,5.8,vdem
SLV,1976,5.6,vdem
SLV,1977,5.6,vdem
SLV,1978,7.4,vdem
SLV,1985,6.7,vdem
SLV,1986,6.7,vdem
SLV,1987,6.7,vdem
SLV,1988,11.7,vdem
SLV,1989,11.7,vdem
SLV,1990,11.7,vdem
SLV,1991,8.3,vdem
SLV,1992,8.3,vdem
SLV,1993,8.3,vdem
SLV,1994,10.7,vdem
SLV,1995,10.7,vdem
SLV,1996,10.7,vdem
SLV,1997,15.5,ipu
SLV,1998,16.7,ipu
SLV,1999,16.7,ipu
SLV,2000,9.5,ipu
SLV,2001,9.5,ipu
SLV,2002,9.5,ipu
SLV,2003,10.7,ipu
SLV,2004,10.7,ipu
SLV,2005,10.7,ipu
SLV,2006,16.7,ipu
SLV,2007,16.7,ipu
SLV,2008,16.7,ipu
SLV,2009,19.0,ipu
SLV,2010,19.0,ipu
SLV,2011,19.0,ipu
SLV,2012,26.2,ipu
SLV,2013,26.2,ipu
SLV,2014,27.4,ipu
SLV,2015,32.1,ipu
SLV,2016,32.1,ipu
SLV,2017,32.1,ipu
SLV,2018,31.0,ipu
SLV,2019,31.0,ipu
SLV,2020,33.3,ipu
SLV,2021,27.4,ipu
SLV,2022,27.4,ipu
SLV,2023,27.4,ipu
SLV,2024,31.7,ipu
SLV,2025,31.7,ipu
SMR,1997,11.7,ipu
SMR,1998,13.3,ipu
SMR,1999,13.3,ipu
SMR,2000,13.3,ipu
SMR,2001,16.7,ipu
SMR,2002,16.7,ipu
SMR,2003,16.7,ipu
SMR,2004,16.7,ipu
SMR,2005,16.7,ipu
SMR,2006,11.7,ipu
SMR,2007,11.7,ipu
SMR,2008,15.0,ipu
SMR,2009,16.7,ipu
SMR,2010,16.7,ipu
SMR,2011,18.3,ipu
SMR,2012,16.7,ipu
SMR,2013,18.3,ipu
SMR,2014,18.3,ipu
SMR,2015,16.7,ipu
SMR,2016,23.3,ipu
SMR,2017,26.7,ipu
SMR,2018,26.7,ipu
SMR,2019,25.0,ipu
SMR,2020,33.3,ipu
SMR,2021,33.3,ipu
SMR,2022,33.3,ipu
SMR,2023,33.3,ipu
SMR,2024,35.0,ipu
SMR,2025,35.0,ipu
SOM,1956,0.0,vdem
SOM,1957,0.0,vdem
SOM,1958,0.0,vdem
SOM,1959,0.0,vdem
SOM,1960,0.0,vdem
SOM,1961,0.0,vdem
SOM,1962,0.0,vdem
SOM,1963,0.0,vdem
SOM,1964,0.0,vdem
SOM,1965,0.0,vdem
SOM,1966,0.0,vdem
SOM,1967,0.0,vdem
SOM,1968,0.0,vdem
SOM,1979,10.2,vdem
SOM,1980,10.2,vdem
SOM,1981,10.2,vdem
SOM,1982,10.2,vdem
SOM,1983,10.2,vdem
SOM,1984,4.0,vdem
SOM,1985,4.0,vdem
SOM,1986,4.0,vdem
SOM,1987,4.0,vdem
SOM,1988,4.0,vdem
SOM,1989,4.0,vdem
SOM,1990,4.0,vdem
SOM,1991,4.0,vdem
SOM,2004,6.8,vdem
SOM,2005,8.0,ipu
SOM,2006,7.8,ipu
SOM,2007,8.2,ipu
SOM,2008,8.2,ipu
SOM,2009,6.9,ipu
SOM,2010,6.8,ipu
SOM,2011,6.8,ipu
SOM,2012,13.8,ipu
SOM,2013,13.8,ipu
SOM,2014,13.8,ipu
SOM,2015,13.8,ipu
SOM,2016,24.2,vdem
SOM,2017,24.4,ipu
SOM,2018,24.4,ipu
SOM,2019,24.4,ipu
SOM,2020,24.4,ipu
SOM,2021,24.4,ipu
SOM,2022,19.7,ipu
SOM,2023,19.7,ipu
SOM,2024,19.6,ipu
SOM,2025,19.0,ipu
SRB,1946,2.6,vdem
SRB,1947,2.8,vdem
SRB,1948,2.8,vdem
SRB,1949,2.8,vdem
SRB,1950,3.2,vdem
SRB,1951,3.2,vdem
SRB,1952,3.2,vdem
SRB,1953,5.4,vdem
SRB,1954,5.4,vdem
SRB,1955,5.4,vdem
SRB,1956,5.4,vdem
SRB,1957,5.4,vdem
SRB,1958,6.5,vdem
SRB,1959,6.5,vdem
SRB,1960,6.5,vdem
SRB,1961,6.5,vdem
SRB,1962,6.5,vdem
SRB,1963,17.4,vdem
SRB,1964,17.4,vdem
SRB,1965,13.7,vdem
SRB,1966,13.7,vdem
SRB,1967,9.5,vdem
SRB,1968,9.5,vdem
SRB,1969,13.6,vdem
SRB,1970,13.6,vdem
SRB,1971,13.6,vdem
SRB,1972,13.6,vdem
SRB,1973,13.6,vdem
SRB,1974,19.1,vdem
SRB,1975,19.1,vdem
SRB,1976,19.1,vdem
SRB,1977,19.1,vdem
SRB,1978,20.0,vdem
SRB,1979,20.0,vdem
SRB,1980,20.0,vdem
SRB,1981,20.0,vdem
SRB,1982,20.5,vdem
SRB,1983,20.5,vdem
SRB,1984,20.5,vdem
SRB,1985,20.5,vdem
SRB,1986,18.2,vdem
SRB,1987,18.2,vdem
SRB,1988,18.2,vdem
SRB,1989,18.2,vdem
SRB,1990,18.2,vdem
SRB,1992,5.1,vdem
SRB,1993,2.9,vdem
SRB,1994,2.9,vdem
SRB,1995,2.9,vdem
SRB,1996,5.1,vdem
SRB,1997,5.1,vdem
SRB,1998,5.1,vdem
SRB,1999,5.1,vdem
SRB,2000,7.2,vdem
SRB,2001,7.2,vdem
SRB,2002,7.2,vdem
SRB,2003,7.9,vdem
SRB,2004,7.9,vdem
SRB,2005,7.9,vdem
SRB,2006,12.0,ipu
SRB,2007,20.4,ipu
SRB,2008,21.6,ipu
SRB,2009,21.6,ipu
SRB,2010,21.6,ipu
SRB,2011,22.0,ipu
SRB,2012,33.2,ipu
SRB,2013,33.2,ipu
SRB,2014,34.0,ipu
SRB,2015,34.0,ipu
SRB,2016,34.0,ipu
SRB,2017,34.4,ipu
SRB,2018,34.4,ipu
SRB,2019,37.7,ipu
SRB,2020,38.8,ipu
SRB,2021,39.2,ipu
SRB,2022,36.6,ipu
SRB,2023,34.8,ipu
SRB,2024,38.0,ipu
SRB,2025,37.2,ipu
SSA,1997,10.1,ipu
SSA,1998,10.8,ipu
SSA,2000,11.5,ipu
SSA,2001,12.2,ipu
SSA,2002,13.4,ipu
SSA,2003,13.6,ipu
SSA,2004,14.7,ipu
SSA,2005,16.2,ipu
SSA,2006,16.6,ipu
SSA,2007,17.3,ipu
SSA,2008,17.8,ipu
SSA,2009,18.4,ipu
SSA,2010,18.7,ipu
SSA,2011,20.4,ipu
SSA,2012,21.3,ipu
SSA,2013,22.4,ipu
SSA,2014,22.1,ipu
SSA,2015,23.6,ipu
SSA,2016,23.8,ipu
SSA,2017,24.0,ipu
SSA,2018,24.1,ipu
SSA,2019,24.1,ipu
SSA,2020,24.9,ipu
SSA,2021,25.9,ipu
SSA,2022,26.4,ipu
SSA,2023,27.1,ipu
SSA,2024,26.9,ipu
SSA,2025,27.0,ipu
SSD,1948,0.0,vdem
SSD,1949,0.0,vdem
SSD,1950,0.0,vdem
SSD,1951,0.0,vdem
SSD,1952,0.0,vdem
SSD,1953,0.0,vdem
SSD,1954,0.0,vdem
SSD,1955,0.0,vdem
SSD,1956,0.0,vdem
SSD,1957,0.0,vdem
SSD,1974,6.0,vdem
SSD,1975,6.0,vdem
SSD,1976,6.0,vdem
SSD,1977,6.0,vdem
SSD,1978,6.6,vdem
SSD,1979,6.6,vdem
SSD,1980,6.5,vdem
SSD,1981,6.5,vdem
SSD,1982,8.5,vdem
SSD,1983,8.5,vdem
SSD,1984,8.5,vdem
SSD,1986,0.8,vdem
SSD,1987,0.8,vdem
SSD,1988,0.8,vdem
SSD,1992,8.2,vdem
SSD,1993,8.2,vdem
SSD,1994,8.2,vdem
SSD,1995,8.2,vdem
SSD,1996,5.3,vdem
SSD,1997,5.3,vdem
SSD,1998,5.3,vdem
SSD,2000,9.7,vdem
SSD,2001,9.7,vdem
SSD,2002,9.7,vdem
SSD,2003,9.7,vdem
SSD,2004,9.7,vdem
SSD,2005,14.7,vdem
SSD,2006,17.8,vdem
SSD,2007,18.1,vdem
SSD,2008,18.1,vdem
SSD,2009,18.9,vdem
SSD,2010,25.6,vdem
SSD,2011,26.5,ipu
SSD,2012,26.5,ipu
SSD,2013,26.5,ipu
SSD,2014,26.5,ipu
SSD,2015,26.5,ipu
SSD,2016,28.5,ipu
SSD,2017,28.5,ipu
SSD,2018,28.5,ipu
SSD,2019,28.5,ipu
SSD,2020,28.5,ipu
SSD,2021,32.4,ipu
SSD,2022,32.4,ipu
SSD,2023,32.4,ipu
SSD,2024,32.4,ipu
SSD,2025,32.4,ipu
SSF,1997,10.2,ipu
SSF,1998,10.9,ipu
SSF,2000,11.6,ipu
SSF,2001,12.3,ipu
SSF,2002,13.5,ipu
SSF,2003,13.7,ipu
SSF,2004,14.7,ipu
SSF,2005,16.2,ipu
SSF,2006,16.6,ipu
SSF,2007,17.3,ipu
SSF,2008,17.8,ipu
SSF,2009,18.5,ipu
SSF,2010,18.7,ipu
SSF,2011,20.5,ipu
SSF,2012,21.4,ipu
SSF,2013,22.5,ipu
SSF,2014,22.2,ipu
SSF,2015,23.6,ipu
SSF,2016,23.8,ipu
SSF,2017,24.0,ipu
SSF,2018,24.1,ipu
SSF,2019,24.1,ipu
SSF,2020,24.9,ipu
SSF,2021,25.9,ipu
SSF,2022,26.3,ipu
SSF,2023,27.0,ipu
SSF,2024,26.9,ipu
SSF,2025,27.0,ipu
SST,1997,8.2,ipu
SST,1998,7.5,ipu
SST,1999,9.7,ipu
SST,2000,9.8,ipu
SST,2001,10.5,ipu
SST,2002,11.8,ipu
SST,2003,12.4,ipu
SST,2004,12.7,ipu
SST,2005,13.5,ipu
SST,2006,12.8,ipu
SST,2007,13.1,ipu
SST,2008,14.1,ipu
SST,2009,14.2,ipu
SST,2010,14.1,ipu
SST,2011,14.7,ipu
SST,2012,15.2,ipu
SST,2013,15.4,ipu
SST,2014,15.4,ipu
SST,2015,16.1,ipu
SST,2016,16.7,ipu
SST,2017,16.8,ipu
SST,2018,17.7,ipu
SST,2019,18.7,ipu
SST,2020,19.8,ipu
SST,2021,20.5,ipu
SST,2022,21.3,ipu
SST,2023,21.5,ipu
SST,2024,21.7,ipu
SST,2025,21.5,ipu
STP,1973,0.0,vdem
STP,1974,0.0,vdem
STP,1975,18.8,vdem
STP,1976,18.2,vdem
STP,1977,18.2,vdem
STP,1978,18.2,vdem
STP,1979,18.2,vdem
STP,1980,5.0,vdem
STP,1981,5.0,vdem
STP,1982,5.0,vdem
STP,1983,5.0,vdem
STP,1984,5.0,vdem
STP,1985,15.0,vdem
STP,1986,11.8,vdem
STP,1987,11.8,vdem
STP,1988,11.8,vdem
STP,1989,11.8,vdem
STP,1990,11.8,vdem
STP,1991,10.9,vdem
STP,1992,10.9,vdem
STP,1993,10.9,vdem
STP,1994,7.3,vdem
STP,1995,7.3,vdem
STP,1996,7.3,vdem
STP,1997,7.3,ipu
STP,1998,7.3,ipu
STP,1999,9.1,ipu
STP,2000,9.1,ipu
STP,2001,9.1,ipu
STP,2002,9.1,vdem
STP,2003,9.1,ipu
STP,2004,9.1,ipu
STP,2005,9.1,ipu
STP,2006,7.3,ipu
STP,2007,1.8,ipu
STP,2008,7.3,ipu
STP,2009,7.3,ipu
STP,2010,18.2,ipu
STP,2011,18.2,ipu
STP,2012,18.2,ipu
STP,2013,18.2,ipu
STP,2014,18.2,ipu
STP,2015,18.2,ipu
STP,2016,18.2,ipu
STP,2017,18.2,ipu
STP,2018,14.5,ipu
STP,2019,14.5,ipu
STP,2020,23.6,ipu
STP,2021,23.6,ipu
STP,2022,14.5,ipu
STP,2023,14.5,ipu
STP,2024,14.5,ipu
STP,2025,14.5,ipu
SUN,1946,17.0,vdem
SUN,1947,17.0,vdem
SUN,1948,17.0,vdem
SUN,1949,17.0,vdem
SUN,1950,19.6,vdem
SUN,1951,19.6,vdem
SUN,1952,19.6,vdem
SUN,1953,19.6,vdem
SUN,1954,24.0,vdem
SUN,1955,24.0,vdem
SUN,1956,24.0,vdem
SUN,1957,24.0,vdem
SUN,1958,25.7,vdem
SUN,1959,25.7,vdem
SUN,1960,25.7,vdem
SUN,1961,25.7,vdem
SUN,1962,27.2,vdem
SUN,1963,27.2,vdem
SUN,1964,27.2,vdem
SUN,1965,27.2,vdem
SUN,1966,28.9,vdem
SUN,1967,28.9,vdem
SUN,1968,28.9,vdem
SUN,1969,28.9,vdem
SUN,1970,30.2,vdem
SUN,1971,30.2,vdem
SUN,1972,30.2,vdem
SUN,1973,30.2,vdem
SUN,1974,30.5,vdem
SUN,1975,30.5,vdem
SUN,1976,30.5,vdem
SUN,1977,30.5,vdem
SUN,1978,30.5,vdem
SUN,1979,32.0,vdem
SUN,1980,32.0,vdem
SUN,1981,32.0,vdem
SUN,1982,32.0,vdem
SUN,1983,32.0,vdem
SUN,1984,31.1,vdem
SUN,1985,31.1,vdem
SUN,1986,31.1,vdem
SUN,1987,31.1,vdem
SUN,1988,31.1,vdem
SUN,1989,20.3,vdem
SUN,1990,15.6,vdem
SUN,1991,8.7,vdem
SUR,1949,0.0,vdem
SUR,1950,0.0,vdem
SUR,1951,0.0,vdem
SUR,1952,0.0,vdem
SUR,1953,0.0,vdem
SUR,1954,0.0,vdem
SUR,1955,0.0,vdem
SUR,1956,0.0,vdem
SUR,1957,0.0,vdem
SUR,1958,0.0,vdem
SUR,1959,0.0,vdem
SUR,1960,0.0,vdem
SUR,1961,0.0,vdem
SUR,1962,0.0,vdem
SUR,1963,0.0,vdem
SUR,1964,0.0,vdem
SUR,1965,0.0,vdem
SUR,1966,0.0,vdem
SUR,1967,0.0,vdem
SUR,1968,0.0,vdem
SUR,1969,0.0,vdem
SUR,1970,0.0,vdem
SUR,1971,0.0,vdem
SUR,1972,0.0,vdem
SUR,1973,0.0,vdem
SUR,1974,0.0,vdem
SUR,1975,5.1,vdem
SUR,1976,5.1,vdem
SUR,1977,5.1,vdem
SUR,1978,5.1,vdem
SUR,1979,5.1,vdem
SUR,1985,12.9,vdem
SUR,1986,12.9,vdem
SUR,1987,7.8,vdem
SUR,1988,7.8,vdem
SUR,1989,7.8,vdem
SUR,1991,5.9,vdem
SUR,1992,5.9,vdem
SUR,1993,5.9,vdem
SUR,1994,5.9,vdem
SUR,1995,5.9,vdem
SUR,1996,15.7,vdem
SUR,1997,15.7,ipu
SUR,1998,15.7,ipu
SUR,1999,15.7,ipu
SUR,2000,17.6,vdem
SUR,2001,17.6,ipu
SUR,2002,17.6,ipu
SUR,2003,17.6,ipu
SUR,2004,19.6,ipu
SUR,2005,25.5,ipu
SUR,2006,25.5,ipu
SUR,2007,25.5,ipu
SUR,2008,25.5,ipu
SUR,2009,25.5,ipu
SUR,2010,9.8,ipu
SUR,2011,11.8,ipu
SUR,2012,11.8,ipu
SUR,2013,11.8,ipu
SUR,2014,11.8,ipu
SUR,2015,25.5,ipu
SUR,2016,25.5,ipu
SUR,2017,25.5,ipu
SUR,2018,25.5,ipu
SUR,2019,31.4,ipu
SUR,2020,29.4,ipu
SUR,2021,29.4,ipu
SUR,2022,29.4,ipu
SUR,2023,29.4,ipu
SUR,2024,31.4,ipu
SUR,2025,31.4,ipu
SVK,1946,9.3,vdem
SVK,1947,9.3,vdem
SVK,1948,16.0,vdem
SVK,1949,16.0,vdem
SVK,1950,16.0,vdem
SVK,1951,16.0,vdem
SVK,1952,16.0,vdem
SVK,1953,16.0,vdem
SVK,1954,15.5,vdem
SVK,1955,15.5,vdem
SVK,1956,15.5,vdem
SVK,1957,15.5,vdem
SVK,1958,15.5,vdem
SVK,1959,15.5,vdem
SVK,1960,20.7,vdem
SVK,1961,20.7,vdem
SVK,1962,20.7,vdem
SVK,1963,20.7,vdem
SVK,1964,20.0,vdem
SVK,1965,20.0,vdem
SVK,1966,20.0,vdem
SVK,1967,20.0,vdem
SVK,1968,20.0,vdem
SVK,1969,20.0,vdem
SVK,1970,20.0,vdem
SVK,1971,26.0,vdem
SVK,1972,26.0,vdem
SVK,1973,26.0,vdem
SVK,1974,26.0,vdem
SVK,1975,26.0,vdem
SVK,1976,29.5,vdem
SVK,1977,29.5,vdem
SVK,1978,29.5,vdem
SVK,1979,29.5,vdem
SVK,1980,29.5,vdem
SVK,1981,28.0,vdem
SVK,1982,28.0,vdem
SVK,1983,28.0,vdem
SVK,1984,28.0,vdem
SVK,1985,28.0,vdem
SVK,1986,29.5,vdem
SVK,1987,29.5,vdem
SVK,1988,29.5,vdem
SVK,1989,29.5,vdem
SVK,1990,8.7,vdem
SVK,1991,8.7,vdem
SVK,1992,8.7,vdem
SVK,1993,18.1,vdem
SVK,1994,14.7,vdem
SVK,1995,14.7,vdem
SVK,1996,14.7,vdem
SVK,1997,14.7,ipu
SVK,1998,14.7,ipu
SVK,1999,12.7,ipu
SVK,2000,14.0,ipu
SVK,2001,14.0,ipu
SVK,2002,17.3,ipu
SVK,2003,19.3,ipu
SVK,2004,16.7,ipu
SVK,2005,16.7,ipu
SVK,2006,20.0,ipu
SVK,2007,19.3,ipu
SVK,2008,19.3,ipu
SVK,2009,18.0,ipu
SVK,2010,15.3,ipu
SVK,2011,16.0,ipu
SVK,2012,18.7,ipu
SVK,2013,18.7,ipu
SVK,2014,18.7,ipu
SVK,2015,18.7,ipu
SVK,2016,20.0,ipu
SVK,2017,20.0,ipu
SVK,2018,20.0,ipu
SVK,2019,20.0,ipu
SVK,2020,22.7,ipu
SVK,2021,22.7,ipu
SVK,2022,21.3,ipu
SVK,2023,22.0,ipu
SVK,2024,22.7,ipu
SVK,2025,23.3,ipu
SVN,1946,2.6,vdem
SVN,1947,2.8,vdem
SVN,1948,2.8,vdem
SVN,1949,2.8,vdem
SVN,1950,3.2,vdem
SVN,1951,3.2,vdem
SVN,1952,3.2,vdem
SVN,1953,5.4,vdem
SVN,1954,5.4,vdem
SVN,1955,5.4,vdem
SVN,1956,5.4,vdem
SVN,1957,5.4,vdem
SVN,1958,6.5,vdem
SVN,1959,6.5,vdem
SVN,1960,6.5,vdem
SVN,1961,6.5,vdem
SVN,1962,6.5,vdem
SVN,1963,17.4,vdem
SVN,1964,17.4,vdem
SVN,1965,13.7,vdem
SVN,1966,13.7,vdem
SVN,1967,9.5,vdem
SVN,1968,9.5,vdem
SVN,1969,13.6,vdem
SVN,1970,13.6,vdem
SVN,1971,13.6,vdem
SVN,1972,13.6,vdem
SVN,1973,13.6,vdem
SVN,1974,19.1,vdem
SVN,1975,19.1,vdem
SVN,1976,19.1,vdem
SVN,1977,19.1,vdem
SVN,1978,20.0,vdem
SVN,1979,20.0,vdem
SVN,1980,20.0,vdem
SVN,1981,20.0,vdem
SVN,1982,20.5,vdem
SVN,1983,20.5,vdem
SVN,1984,20.5,vdem
SVN,1985,20.5,vdem
SVN,1986,18.2,vdem
SVN,1987,18.2,vdem
SVN,1988,18.2,vdem
SVN,1989,0.0,vdem
SVN,1990,0.0,vdem
SVN,1991,0.0,vdem
SVN,1992,14.4,vdem
SVN,1993,14.4,vdem
SVN,1994,14.4,vdem
SVN,1995,14.4,vdem
SVN,1996,7.8,vdem
SVN,1997,7.8,ipu
SVN,1998,7.8,ipu
SVN,1999,7.8,ipu
SVN,2000,12.2,vdem
SVN,2001,12.2,ipu
SVN,2002,12.2,ipu
SVN,2003,12.2,ipu
SVN,2004,12.2,ipu
SVN,2005,12.2,ipu
SVN,2006,12.2,ipu
SVN,2007,12.2,ipu
SVN,2008,13.3,ipu
SVN,2009,14.4,ipu
SVN,2010,14.4,ipu
SVN,2011,32.2,ipu
SVN,2012,32.2,ipu
SVN,2013,32.2,ipu
SVN,2014,35.6,ipu
SVN,2015,36.7,ipu
SVN,2016,36.7,ipu
SVN,2017,36.7,ipu
SVN,2018,24.4,ipu
SVN,2019,27.8,ipu
SVN,2020,27.8,ipu
SVN,2021,26.7,ipu
SVN,2022,40.0,ipu
SVN,2023,37.8,ipu
SVN,2024,37.8,ipu
SVN,2025,35.6,ipu
SWE,1946,7.8,vdem
SWE,1947,7.8,vdem
SWE,1948,9.6,vdem
SWE,1949,9.6,vdem
SWE,1950,9.6,vdem
SWE,1951,9.6,vdem
SWE,1952,12.2,vdem
SWE,1953,12.2,vdem
SWE,1954,12.2,vdem
SWE,1955,12.2,vdem
SWE,1956,12.6,vdem
SWE,1957,12.6,vdem
SWE,1958,12.6,vdem
SWE,1959,12.6,vdem
SWE,1960,13.8,vdem
SWE,1961,13.8,vdem
SWE,1962,13.8,vdem
SWE,1963,13.8,vdem
SWE,1964,13.3,vdem
SWE,1965,13.3,vdem
SWE,1966,13.3,vdem
SWE,1967,13.3,vdem
SWE,1968,15.5,vdem
SWE,1969,15.5,vdem
SWE,1970,14.0,vdem
SWE,1971,14.0,vdem
SWE,1972,14.0,vdem
SWE,1973,21.4,vdem
SWE,1974,21.4,vdem
SWE,1975,21.4,vdem
SWE,1976,22.9,vdem
SWE,1977,22.9,vdem
SWE,1978,22.9,vdem
SWE,1979,27.8,vdem
SWE,1980,27.8,vdem
SWE,1981,27.8,vdem
SWE,1982,27.5,vdem
SWE,1983,27.5,vdem
SWE,1984,27.5,vdem
SWE,1985,31.5,vdem
SWE,1986,31.5,vdem
SWE,1987,31.5,vdem
SWE,1988,38.4,vdem
SWE,1989,38.4,vdem
SWE,1990,38.4,vdem
SWE,1991,33.5,vdem
SWE,1992,33.5,vdem
SWE,1993,33.5,vdem
SWE,1994,40.4,vdem
SWE,1995,40.4,vdem
SWE,1996,40.4,vdem
SWE,1997,40.4,ipu
SWE,1998,40.4,ipu
SWE,1999,42.7,ipu
SWE,2000,42.7,ipu
SWE,2001,42.7,ipu
SWE,2002,45.0,ipu
SWE,2003,45.3,ipu
SWE,2004,45.3,ipu
SWE,2005,45.3,ipu
SWE,2006,47.3,ipu
SWE,2007,47.0,ipu
SWE,2008,47.0,ipu
SWE,2009,46.4,ipu
SWE,2010,45.0,ipu
SWE,2011,44.7,ipu
SWE,2012,44.7,ipu
SWE,2013,45.0,ipu
SWE,2014,44.7,ipu
SWE,2015,43.6,ipu
SWE,2016,43.6,ipu
SWE,2017,43.6,ipu
SWE,2018,46.1,ipu
SWE,2019,47.3,ipu
SWE,2020,47.0,ipu
SWE,2021,47.0,ipu
SWE,2022,46.4,ipu
SWE,2023,46.4,ipu
SWE,2024,46.7,ipu
SWE,2025,45.0,ipu
SWZ,1964,0.0,vdem
SWZ,1965,0.0,vdem
SWZ,1966,0.0,vdem
SWZ,1967,0.0,vdem
SWZ,1968,0.0,vdem
SWZ,1969,0.0,vdem
SWZ,1970,0.0,vdem
SWZ,1971,0.0,vdem
SWZ,1972,4.2,vdem
SWZ,1978,6.0,vdem
SWZ,1979,5.5,vdem
SWZ,1980,5.5,vdem
SWZ,1981,5.5,vdem
SWZ,1982,5.5,vdem
SWZ,1983,2.0,vdem
SWZ,1984,1.8,vdem
SWZ,1985,1.8,vdem
SWZ,1986,1.8,vdem
SWZ,1987,4.0,vdem
SWZ,1988,3.6,vdem
SWZ,1989,3.6,vdem
SWZ,1990,3.6,vdem
SWZ,1991,3.6,vdem
SWZ,1992,3.6,vdem
SWZ,1993,3.1,vdem
SWZ,1994,3.1,vdem
SWZ,1995,3.1,vdem
SWZ,1996,3.1,vdem
SWZ,1997,3.1,ipu
SWZ,1998,3.1,ipu
SWZ,1999,3.1,ipu
SWZ,2000,3.1,ipu
SWZ,2001,3.1,ipu
SWZ,2002,3.1,ipu
SWZ,2003,10.8,ipu
SWZ,2004,10.8,ipu
SWZ,2005,10.8,ipu
SWZ,2006,10.8,ipu
SWZ,2007,10.8,ipu
SWZ,2008,13.8,ipu
SWZ,2009,13.6,ipu
SWZ,2010,13.6,ipu
SWZ,2011,13.6,ipu
SWZ,2012,13.6,ipu
SWZ,2013,6.2,ipu
SWZ,2014,6.2,ipu
SWZ,2015,6.2,ipu
SWZ,2016,6.2,ipu
SWZ,2017,6.2,ipu
SWZ,2018,7.2,ipu
SWZ,2019,7.2,ipu
SWZ,2020,9.6,ipu
SWZ,2021,9.6,ipu
SWZ,2022,13.5,ipu
SWZ,2023,17.1,ipu
SWZ,2024,21.6,ipu
SWZ,2025,21.6,ipu
SYC,1949,0.0,vdem
SYC,1950,0.0,vdem
SYC,1951,0.0,vdem
SYC,1952,0.0,vdem
SYC,1953,0.0,vdem
SYC,1954,0.0,vdem
SYC,1955,0.0,vdem
SYC,1956,0.0,vdem
SYC,1957,0.0,vdem
SYC,1958,0.0,vdem
SYC,1959,0.0,vdem
SYC,1960,0.0,vdem
SYC,1961,0.0,vdem
SYC,1962,0.0,vdem
SYC,1963,0.0,vdem
SYC,1964,0.0,vdem
SYC,1965,0.0,vdem
SYC,1966,0.0,vdem
SYC,1974,6.7,vdem
SYC,1975,6.7,vdem
SYC,1976,4.0,vdem
SYC,1979,32.0,vdem
SYC,1980,32.0,vdem
SYC,1981,32.0,vdem
SYC,1982,32.0,vdem
SYC,1983,24.0,vdem
SYC,1984,24.0,vdem
SYC,1985,24.0,vdem
SYC,1986,24.0,vdem
SYC,1987,16.0,vdem
SYC,1988,16.0,vdem
SYC,1989,16.0,vdem
SYC,1990,16.0,vdem
SYC,1991,16.0,vdem
SYC,1992,16.0,vdem
SYC,1993,27.3,vdem
SYC,1994,27.3,vdem
SYC,1995,27.3,vdem
SYC,1996,27.3,vdem
SYC,1997,27.3,ipu
SYC,1998,23.5,ipu
SYC,1999,23.5,ipu
SYC,2000,23.5,ipu
SYC,2001,23.5,ipu
SYC,2002,29.4,ipu
SYC,2003,29.4,ipu
SYC,2004,29.4,ipu
SYC,2005,29.4,ipu
SYC,2006,29.4,ipu
SYC,2007,23.5,ipu
SYC,2008,23.5,ipu
SYC,2009,23.5,ipu
SYC,2010,23.5,ipu
SYC,2011,43.8,ipu
SYC,2012,43.8,ipu
SYC,2013,43.8,ipu
SYC,2014,43.8,ipu
SYC,2015,43.8,ipu
SYC,2016,21.2,ipu
SYC,2017,21.2,ipu
SYC,2018,21.2,ipu
SYC,2019,21.2,ipu
SYC,2020,24.2,ipu
SYC,2021,22.9,ipu
SYC,2022,22.9,ipu
SYC,2023,22.9,ipu
SYC,2024,20.6,ipu
SYC,2025,26.5,ipu
SYR,1947,0.0,vdem
SYR,1948,0.0,vdem
SYR,1949,0.0,vdem
SYR,1950,0.0,vdem
SYR,1951,0.0,vdem
SYR,1952,0.0,vdem
SYR,1953,0.0,vdem
SYR,1954,0.0,vdem
SYR,1955,0.0,vdem
SYR,1956,0.0,vdem
SYR,1957,0.0,vdem
SYR,1961,0.0,vdem
SYR,1962,0.0,vdem
SYR,1963,0.0,vdem
SYR,1964,0.0,vdem
SYR,1965,0.0,vdem
SYR,1971,0.0,vdem
SYR,1972,0.0,vdem
SYR,1973,2.7,vdem
SYR,1974,2.7,vdem
SYR,1975,2.7,vdem
SYR,1976,2.7,vdem
SYR,1977,3.6,vdem
SYR,1978,3.6,vdem
SYR,1979,3.6,vdem
SYR,1980,3.6,vdem
SYR,1981,6.7,vdem
SYR,1982,6.7,vdem
SYR,1983,6.7,vdem
SYR,1984,6.7,vdem
SYR,1985,6.7,vdem
SYR,1986,9.2,vdem
SYR,1987,9.2,vdem
SYR,1988,9.2,vdem
SYR,1989,9.2,vdem
SYR,1990,8.4,vdem
SYR,1991,8.4,vdem
SYR,1992,8.4,vdem
SYR,1993,8.4,vdem
SYR,1994,9.6,vdem
SYR,1995,9.6,vdem
SYR,1996,9.6,vdem
SYR,1997,9.6,ipu
SYR,1998,9.6,ipu
SYR,1999,10.4,ipu
SYR,2000,10.4,ipu
SYR,2001,10.4,ipu
SYR,2002,10.4,ipu
SYR,2003,12.0,ipu
SYR,2004,12.0,ipu
SYR,2005,12.0,ipu
SYR,2006,12.0,ipu
SYR,2007,12.0,ipu
SYR,2008,12.4,ipu
SYR,2009,12.4,ipu
SYR,2010,12.4,ipu
SYR,2011,12.4,ipu
SYR,2012,12.0,ipu
SYR,2013,12.0,ipu
SYR,2014,12.0,ipu
SYR,2015,12.4,ipu
SYR,2016,13.2,ipu
SYR,2017,13.2,ipu
SYR,2018,13.2,ipu
SYR,2019,13.2,ipu
SYR,2020,11.2,ipu
SYR,2021,11.2,ipu
SYR,2022,11.2,ipu
SYR,2023,10.8,ipu
SYR,2024,9.6,ipu
SYR,2025,4.9,ipu
TCD,1947,0.0,vdem
TCD,1948,0.0,vdem
TCD,1949,0.0,vdem
TCD,1950,0.0,vdem
TCD,1951,0.0,vdem
TCD,1952,0.0,vdem
TCD,1953,0.0,vdem
TCD,1954,0.0,vdem
TCD,1955,0.0,vdem
TCD,1956,0.0,vdem
TCD,1957,0.0,vdem
TCD,1958,0.0,vdem
TCD,1959,0.0,vdem
TCD,1960,0.0,vdem
TCD,1961,0.0,vdem
TCD,1962,1.2,vdem
TCD,1963,1.2,vdem
TCD,1964,1.2,vdem
TCD,1965,1.2,vdem
TCD,1966,1.2,vdem
TCD,1967,1.2,vdem
TCD,1968,1.2,vdem
TCD,1969,1.0,vdem
TCD,1970,1.0,vdem
TCD,1971,1.0,vdem
TCD,1972,1.0,vdem
TCD,1973,1.0,vdem
TCD,1974,1.0,vdem
TCD,1982,1.0,vdem
TCD,1983,1.0,vdem
TCD,1984,1.0,vdem
TCD,1985,1.0,vdem
TCD,1986,1.0,vdem
TCD,1987,1.0,vdem
TCD,1988,1.0,vdem
TCD,1989,1.0,vdem
TCD,1993,16.4,vdem
TCD,1994,16.4,vdem
TCD,1995,16.4,vdem
TCD,1996,16.4,vdem
TCD,1997,2.4,ipu
TCD,1998,2.4,ipu
TCD,1999,2.4,ipu
TCD,2000,2.4,ipu
TCD,2001,2.4,ipu
TCD,2002,5.8,vdem
TCD,2003,5.8,ipu
TCD,2004,6.5,ipu
TCD,2005,6.5,ipu
TCD,2006,6.5,ipu
TCD,2007,5.2,ipu
TCD,2008,5.2,ipu
TCD,2009,5.2,ipu
TCD,2010,5.2,ipu
TCD,2011,12.8,ipu
TCD,2012,14.9,ipu
TCD,2013,14.9,ipu
TCD,2014,14.9,ipu
TCD,2015,14.9,ipu
TCD,2016,14.9,ipu
TCD,2017,12.8,ipu
TCD,2018,15.3,ipu
TCD,2019,14.9,ipu
TCD,2020,15.4,ipu
TCD,2021,32.3,ipu
TCD,2022,25.9,ipu
TCD,2023,25.9,ipu
TCD,2024,26.1,ipu
TCD,2025,33.5,ipu
TEA,1998,17.2,ipu
TEA,1999,18.3,ipu
TEA,2000,16.9,ipu
TEA,2001,17.2,ipu
TEA,2002,17.9,ipu
TEA,2003,16.8,ipu
TEA,2004,16.7,ipu
TEA,2005,16.9,ipu
TEA,2006,17.2,ipu
TEA,2007,17.7,ipu
TEA,2008,18.0,ipu
TEA,2009,18.8,ipu
TEA,2010,18.1,ipu
TEA,2011,18.1,ipu
TEA,2012,18.4,ipu
TEA,2013,19.6,ipu
TEA,2014,19.3,ipu
TEA,2015,20.1,ipu
TEA,2016,20.2,ipu
TEA,2017,20.5,ipu
TEA,2018,21.1,ipu
TEA,2019,21.2,ipu
TEA,2020,21.9,ipu
TEA,2021,21.9,ipu
TEA,2022,22.5,ipu
TEA,2023,23.3,ipu
TEA,2024,23.5,ipu
TEA,2025,23.6,ipu
TEC,1997,7.2,ipu
TEC,1998,7.7,ipu
TEC,2000,8.6,ipu
TEC,2001,10.8,ipu
TEC,2002,12.8,ipu
TEC,2003,10.6,ipu
TEC,2004,12.4,ipu
TEC,2005,12.3,ipu
TEC,2006,12.8,ipu
TEC,2007,14.8,ipu
TEC,2008,15.1,ipu
TEC,2009,15.8,ipu
TEC,2010,15.9,ipu
TEC,2011,16.9,ipu
TEC,2012,18.2,ipu
TEC,2013,18.4,ipu
TEC,2014,18.9,ipu
TEC,2015,18.9,ipu
TEC,2016,19.2,ipu
TEC,2017,21.1,ipu
TEC,2018,21.5,ipu
TEC,2019,23.2,ipu
TEC,2020,24.4,ipu
TEC,2021,25.0,ipu
TEC,2022,25.0,ipu
TEC,2023,25.1,ipu
TEC,2024,25.5,ipu
TEC,2025,26.3,ipu
TGO,1946,0.0,vdem
TGO,1947,0.0,vdem
TGO,1948,0.0,vdem
TGO,1949,0.0,vdem
TGO,1950,0.0,vdem
TGO,1951,0.0,vdem
TGO,1952,0.0,vdem
TGO,1953,0.0,vdem
TGO,1954,0.0,vdem
TGO,1955,0.0,vdem
TGO,1956,0.0,vdem
TGO,1957,0.0,vdem
TGO,1958,0.0,vdem
TGO,1959,0.0,vdem
TGO,1960,0.0,vdem
TGO,1961,1.9,vdem
TGO,1963,0.0,vdem
TGO,1964,0.0,vdem
TGO,1965,0.0,vdem
TGO,1966,0.0,vdem
TGO,1980,10.4,vdem
TGO,1981,10.4,vdem
TGO,1982,10.4,vdem
TGO,1983,10.4,vdem
TGO,1984,10.4,vdem
TGO,1985,5.2,vdem
TGO,1986,5.2,vdem
TGO,1987,5.2,vdem
TGO,1988,5.2,vdem
TGO,1989,5.2,vdem
TGO,1990,3.9,vdem
TGO,1991,6.3,vdem
TGO,1992,6.3,vdem
TGO,1993,6.3,vdem
TGO,1994,1.2,vdem
TGO,1995,1.2,vdem
TGO,1996,1.2,vdem
TGO,1997,1.2,ipu
TGO,1998,1.2,ipu
TGO,1999,4.9,vdem
TGO,2000,4.9,ipu
TGO,2001,4.9,ipu
TGO,2002,4.9,ipu
TGO,2003,7.4,ipu
TGO,2004,6.2,ipu
TGO,2005,7.4,ipu
TGO,2006,8.6,ipu
TGO,2007,11.1,ipu
TGO,2008,11.1,ipu
TGO,2009,11.1,ipu
TGO,2010,11.1,ipu
TGO,2011,11.1,ipu
TGO,2012,11.1,ipu
TGO,2013,15.4,ipu
TGO,2014,17.6,ipu
TGO,2015,17.6,ipu
TGO,2016,17.6,ipu
TGO,2017,17.6,ipu
TGO,2018,17.6,ipu
TGO,2019,16.5,ipu
TGO,2020,18.7,ipu
TGO,2021,18.7,ipu
TGO,2022,18.7,ipu
TGO,2023,19.8,ipu
TGO,2024,18.6,ipu
TGO,2025,15.0,ipu
THA,1946,0.0,vdem
THA,1948,0.0,vdem
THA,1949,0.7,vdem
THA,1950,0.7,vdem
THA,1952,3.3,vdem
THA,1953,3.3,vdem
THA,1954,3.3,vdem
THA,1955,3.3,vdem
THA,1956,3.3,vdem
THA,1957,0.6,vdem
THA,1969,2.8,vdem
THA,1970,2.8,vdem
THA,1972,0.0,vdem
THA,1973,6.0,vdem
THA,1974,6.0,vdem
THA,1975,1.1,vdem
THA,1978,2.8,vdem
THA,1979,3.0,vdem
THA,1980,3.0,vdem
THA,1981,3.0,vdem
THA,1982,3.0,vdem
THA,1983,4.0,vdem
THA,1984,4.0,vdem
THA,1985,4.0,vdem
THA,1986,3.4,vdem
THA,1987,3.4,vdem
THA,1988,2.8,vdem
THA,1989,2.8,vdem
THA,1990,2.8,vdem
THA,1991,3.8,vdem
THA,1992,4.2,vdem
THA,1993,4.4,vdem
THA,1994,4.4,vdem
THA,1995,6.1,vdem
THA,1996,5.6,vdem
THA,1997,5.6,ipu
THA,1998,5.6,ipu
THA,1999,5.6,ipu
THA,2000,4.8,ipu
THA,2001,9.2,ipu
THA,2002,9.2,ipu
THA,2003,9.2,ipu
THA,2004,8.8,ipu
THA,2005,10.6,ipu
THA,2006,8.7,ipu
THA,2007,11.7,ipu
THA,2008,11.7,ipu
THA,2009,13.3,ipu
THA,2010,13.3,ipu
THA,2011,15.8,ipu
THA,2012,15.8,ipu
THA,2013,15.8,ipu
THA,2014,6.1,ipu
THA,2015,6.1,ipu
THA,2016,6.1,ipu
THA,2017,4.8,ipu
THA,2018,5.3,ipu
THA,2019,16.2,ipu
THA,2020,15.7,ipu
THA,2021,15.7,ipu
THA,2022,15.7,ipu
THA,2023,18.8,ipu
THA,2024,19.4,ipu
THA,2025,19.6,ipu
TJK,1946,17.0,vdem
TJK,1947,17.0,vdem
TJK,1948,17.0,vdem
TJK,1949,17.0,vdem
TJK,1950,19.6,vdem
TJK,1951,19.6,vdem
TJK,1952,19.6,vdem
TJK,1953,19.6,vdem
TJK,1954,24.0,vdem
TJK,1955,24.0,vdem
TJK,1956,24.0,vdem
TJK,1957,24.0,vdem
TJK,1958,25.7,vdem
TJK,1959,25.7,vdem
TJK,1960,25.7,vdem
TJK,1961,25.7,vdem
TJK,1962,27.2,vdem
TJK,1963,27.2,vdem
TJK,1964,27.2,vdem
TJK,1965,27.2,vdem
TJK,1966,28.9,vdem
TJK,1967,28.9,vdem
TJK,1968,28.9,vdem
TJK,1969,28.9,vdem
TJK,1970,30.2,vdem
TJK,1971,30.2,vdem
TJK,1972,30.2,vdem
TJK,1973,30.2,vdem
TJK,1974,30.5,vdem
TJK,1975,30.5,vdem
TJK,1976,30.5,vdem
TJK,1977,30.5,vdem
TJK,1978,30.5,vdem
TJK,1979,32.0,vdem
TJK,1980,32.0,vdem
TJK,1981,32.0,vdem
TJK,1982,32.0,vdem
TJK,1983,32.0,vdem
TJK,1984,31.1,vdem
TJK,1985,31.1,vdem
TJK,1986,31.1,vdem
TJK,1987,31.1,vdem
TJK,1988,31.1,vdem
TJK,1989,20.3,vdem
TJK,1990,0.0,vdem
TJK,1991,3.0,vdem
TJK,1992,3.0,vdem
TJK,1993,3.0,vdem
TJK,1994,3.0,vdem
TJK,1995,2.8,vdem
TJK,1996,2.8,vdem
TJK,1997,2.8,ipu
TJK,1998,2.8,ipu
TJK,1999,2.8,ipu
TJK,2000,15.0,ipu
TJK,2001,12.7,ipu
TJK,2002,12.7,ipu
TJK,2003,12.7,ipu
TJK,2004,12.7,ipu
TJK,2005,17.5,ipu
TJK,2006,17.5,ipu
TJK,2007,17.5,ipu
TJK,2008,17.5,ipu
TJK,2009,17.5,ipu
TJK,2010,19.0,ipu
TJK,2011,19.0,ipu
TJK,2012,19.0,ipu
TJK,2013,19.0,ipu
TJK,2014,16.9,ipu
TJK,2015,19.0,ipu
TJK,2016,19.0,ipu
TJK,2017,19.0,ipu
TJK,2018,19.0,ipu
TJK,2019,19.0,ipu
TJK,2020,23.8,ipu
TJK,2021,23.8,ipu
TJK,2022,27.0,ipu
TJK,2023,27.0,ipu
TJK,2024,27.0,ipu
TJK,2025,28.6,ipu
TKM,1946,17.0,vdem
TKM,1947,17.0,vdem
TKM,1948,17.0,vdem
TKM,1949,17.0,vdem
TKM,1950,19.6,vdem
TKM,1951,19.6,vdem
TKM,1952,19.6,vdem
TKM,1953,19.6,vdem
TKM,1954,24.0,vdem
TKM,1955,24.0,vdem
TKM,1956,24.0,vdem
TKM,1957,24.0,vdem
TKM,1958,25.7,vdem
TKM,1959,25.7,vdem
TKM,1960,25.7,vdem
TKM,1961,25.7,vdem
TKM,1962,27.2,vdem
TKM,1963,27.2,vdem
TKM,1964,27.2,vdem
TKM,1965,27.2,vdem
TKM,1966,28.9,vdem
TKM,1967,28.9,vdem
TKM,1968,28.9,vdem
TKM,1969,28.9,vdem
TKM,1970,30.2,vdem
TKM,1971,30.2,vdem
TKM,1972,30.2,vdem
TKM,1973,30.2,vdem
TKM,1974,30.5,vdem
TKM,1975,30.5,vdem
TKM,1976,30.5,vdem
TKM,1977,30.5,vdem
TKM,1978,30.5,vdem
TKM,1979,32.0,vdem
TKM,1980,32.0,vdem
TKM,1981,32.0,vdem
TKM,1982,32.0,vdem
TKM,1983,32.0,vdem
TKM,1984,31.1,vdem
TKM,1985,31.1,vdem
TKM,1986,31.1,vdem
TKM,1987,31.1,vdem
TKM,1988,31.1,vdem
TKM,1989,20.3,vdem
TKM,1990,26.0,vdem
TKM,1991,4.6,vdem
TKM,1992,4.6,vdem
TKM,1993,4.6,vdem
TKM,1994,18.0,vdem
TKM,1995,18.0,vdem
TKM,1996,18.0,vdem
TKM,1997,18.0,ipu
TKM,1998,18.0,ipu
TKM,1999,26.0,vdem
TKM,2000,26.0,ipu
TKM,2001,26.0,ipu
TKM,2002,26.0,ipu
TKM,2003,26.0,ipu
TKM,2004,15.4,vdem
TKM,2005,16.0,ipu
TKM,2006,16.0,ipu
TKM,2007,16.0,ipu
TKM,2008,16.8,vdem
TKM,2009,16.8,ipu
TKM,2010,16.8,ipu
TKM,2011,16.8,ipu
TKM,2012,16.8,ipu
TKM,2013,16.8,ipu
TKM,2014,26.4,ipu
TKM,2015,25.8,ipu
TKM,2016,25.8,ipu
TKM,2017,25.8,ipu
TKM,2018,24.8,ipu
TKM,2019,25.0,ipu
TKM,2020,25.0,ipu
TKM,2021,25.0,ipu
TKM,2022,25.9,ipu
TKM,2023,25.6,ipu
TKM,2024,25.6,ipu
TKM,2025,25.6,ipu
TLA,1997,11.2,ipu
TLA,1998,12.9,ipu
TLA,1999,11.8,ipu
TLA,2000,12.6,ipu
TLA,2001,11.8,ipu
TLA,2002,14.0,ipu
TLA,2003,15.4,ipu
TLA,2004,16.0,ipu
TLA,2005,17.4,ipu
TLA,2006,17.6,ipu
TLA,2007,18.6,ipu
TLA,2008,18.6,ipu
TLA,2009,19.3,ipu
TLA,2010,19.6,ipu
TLA,2011,19.5,ipu
TLA,2012,21.2,ipu
TLA,2013,21.8,ipu
TLA,2014,23.9,ipu
TLA,2015,24.2,ipu
TLA,2016,25.5,ipu
TLA,2017,26.5,ipu
TLA,2018,27.7,ipu
TLA,2019,28.3,ipu
TLA,2020,29.5,ipu
TLA,2021,31.4,ipu
TLA,2022,32.9,ipu
TLA,2023,33.1,ipu
TLA,2024,34.0,ipu
TLA,2025,34.3,ipu
TLS,2002,26.1,ipu
TLS,2003,26.1,ipu
TLS,2004,25.3,ipu
TLS,2005,25.3,ipu
TLS,2006,25.3,ipu
TLS,2007,29.2,ipu
TLS,2008,29.2,ipu
TLS,2009,29.2,ipu
TLS,2010,29.2,ipu
TLS,2011,32.3,ipu
TLS,2012,38.5,ipu
TLS,2013,38.5,ipu
TLS,2014,38.5,ipu
TLS,2015,38.5,ipu
TLS,2016,38.5,ipu
TLS,2017,32.3,ipu
TLS,2018,33.8,ipu
TLS,2019,38.5,ipu
TLS,2020,38.5,ipu
TLS,2021,38.5,ipu
TLS,2022,40.0,ipu
TLS,2023,36.9,ipu
TLS,2024,35.4,ipu
TLS,2025,35.4,ipu
TMN,1997,3.8,ipu
TMN,1998,3.4,ipu
TMN,2002,7.4,ipu
TMN,2003,7.9,ipu
TMN,2004,8.7,ipu
TMN,2005,9.1,ipu
TMN,2006,11.0,ipu
TMN,2007,11.1,ipu
TMN,2008,11.2,ipu
TMN,2009,11.4,ipu
TMN,2010,13.0,ipu
TMN,2011,12.9,ipu
TMN,2012,15.8,ipu
TMN,2013,17.7,ipu
TMN,2014,18.0,ipu
TMN,2015,18.1,ipu
TMN,2016,18.5,ipu
TMN,2017,17.6,ipu
TMN,2018,17.2,ipu
TMN,2019,17.3,ipu
TMN,2020,19.1,ipu
TMN,2021,18.0,ipu
TMN,2022,17.6,ipu
TMN,2023,17.0,ipu
TMN,2024,16.8,ipu
TMN,2025,16.4,ipu
TON,1997,0.0,ipu
TON,1998,0.0,ipu
TON,2000,0.0,ipu
TON,2001,0.0,ipu
TON,2003,0.0,ipu
TON,2004,0.0,ipu
TON,2005,3.4,ipu
TON,2006,3.3,ipu
TON,2007,3.3,ipu
TON,2008,3.1,ipu
TON,2009,3.1,ipu
TON,2010,0.0,ipu
TON,2011,3.6,ipu
TON,2012,3.6,ipu
TON,2013,3.6,ipu
TON,2014,0.0,ipu
TON,2015,0.0,ipu
TON,2016,0.0,ipu
TON,2017,7.7,ipu
TON,2018,7.4,ipu
TON,2019,7.4,ipu
TON,2020,7.4,ipu
TON,2021,0.0,ipu
TON,2022,3.7,ipu
TON,2023,7.1,ipu
TON,2024,7.1,ipu
TON,2025,3.8,ipu
TSA,1997,6.3,ipu
TSA,1998,6.6,ipu
TSA,1999,7.0,ipu
TSA,2000,8.4,ipu
TSA,2001,8.1,ipu
TSA,2002,6.3,ipu
TSA,2003,6.3,ipu
TSA,2004,6.2,ipu
TSA,2005,9.2,ipu
TSA,2006,8.6,ipu
TSA,2007,10.0,ipu
TSA,2008,16.4,ipu
TSA,2009,18.7,ipu
TSA,2010,18.6,ipu
TSA,2011,18.9,ipu
TSA,2012,18.9,ipu
TSA,2013,12.1,ipu
TSA,2014,17.8,ipu
TSA,2015,18.0,ipu
TSA,2016,18.0,ipu
TSA,2017,18.1,ipu
TSA,2018,16.4,ipu
TSA,2019,17.2,ipu
TSA,2020,17.3,ipu
TSA,2021,17.4,ipu
TSA,2022,17.6,ipu
TSA,2023,17.7,ipu
TSA,2024,16.3,ipu
TSA,2025,11.2,ipu
TSS,1997,10.2,ipu
TSS,1998,10.9,ipu
TSS,2000,11.6,ipu
TSS,2001,12.3,ipu
TSS,2002,13.5,ipu
TSS,2003,13.7,ipu
TSS,2004,14.7,ipu
TSS,2005,16.2,ipu
TSS,2006,16.6,ipu
TSS,2007,17.3,ipu
TSS,2008,17.8,ipu
TSS,2009,18.5,ipu
TSS,2010,18.7,ipu
TSS,2011,20.5,ipu
TSS,2012,21.4,ipu
TSS,2013,22.5,ipu
TSS,2014,22.2,ipu
TSS,2015,23.6,ipu
TSS,2016,23.8,ipu
TSS,2017,24.0,ipu
TSS,2018,24.1,ipu
TSS,2019,24.1,ipu
TSS,2020,24.9,ipu
TSS,2021,25.9,ipu
TSS,2022,26.3,ipu
TSS,2023,27.0,ipu
TSS,2024,26.9,ipu
TSS,2025,27.0,ipu
TTO,1962,3.3,vdem
TTO,1963,3.3,vdem
TTO,1964,3.3,vdem
TTO,1965,3.3,vdem
TTO,1966,8.3,vdem
TTO,1967,8.3,vdem
TTO,1968,8.8,vdem
TTO,1969,8.3,vdem
TTO,1970,8.3,vdem
TTO,1971,2.8,vdem
TTO,1972,2.8,vdem
TTO,1973,2.8,vdem
TTO,1974,2.8,vdem
TTO,1975,2.8,vdem
TTO,1976,8.3,vdem
TTO,1977,8.3,vdem
TTO,1978,8.3,vdem
TTO,1979,8.3,vdem
TTO,1980,8.3,vdem
TTO,1981,16.7,vdem
TTO,1982,16.7,vdem
TTO,1983,16.7,vdem
TTO,1984,16.7,vdem
TTO,1985,16.7,vdem
TTO,1986,16.7,vdem
TTO,1987,16.7,vdem
TTO,1988,16.7,vdem
TTO,1989,16.7,vdem
TTO,1990,16.7,vdem
TTO,1991,18.9,vdem
TTO,1992,18.9,vdem
TTO,1993,18.9,vdem
TTO,1994,18.9,vdem
TTO,1995,11.1,vdem
TTO,1996,11.1,vdem
TTO,1997,11.1,ipu
TTO,1998,11.1,ipu
TTO,1999,11.1,ipu
TTO,2000,11.1,vdem
TTO,2001,11.1,ipu
TTO,2002,19.4,ipu
TTO,2003,19.4,ipu
TTO,2004,19.4,ipu
TTO,2005,19.4,ipu
TTO,2006,19.4,ipu
TTO,2007,26.8,ipu
TTO,2008,26.8,ipu
TTO,2009,26.8,ipu
TTO,2010,28.6,ipu
TTO,2011,28.6,ipu
TTO,2012,28.6,ipu
TTO,2013,28.6,ipu
TTO,2014,28.6,ipu
TTO,2015,31.0,ipu
TTO,2016,31.0,ipu
TTO,2017,31.0,ipu
TTO,2018,31.0,ipu
TTO,2019,31.0,ipu
TTO,2020,26.2,ipu
TTO,2021,26.2,ipu
TTO,2022,26.2,ipu
TTO,2023,28.6,ipu
TTO,2024,28.6,ipu
TTO,2025,23.8,ipu
TUN,1959,1.1,vdem
TUN,1960,1.1,vdem
TUN,1961,1.1,vdem
TUN,1962,1.1,vdem
TUN,1963,1.1,vdem
TUN,1964,1.1,vdem
TUN,1965,1.1,vdem
TUN,1966,1.1,vdem
TUN,1967,1.1,vdem
TUN,1968,1.1,vdem
TUN,1969,3.7,vdem
TUN,1970,3.7,vdem
TUN,1971,3.7,vdem
TUN,1972,3.7,vdem
TUN,1973,3.7,vdem
TUN,1974,2.5,vdem
TUN,1975,2.5,vdem
TUN,1976,2.5,vdem
TUN,1977,2.5,vdem
TUN,1978,2.5,vdem
TUN,1979,3.2,vdem
TUN,1980,3.2,vdem
TUN,1981,5.1,vdem
TUN,1982,5.1,vdem
TUN,1983,5.1,vdem
TUN,1984,5.1,vdem
TUN,1985,5.1,vdem
TUN,1986,5.6,vdem
TUN,1987,5.6,vdem
TUN,1988,5.6,vdem
TUN,1989,4.3,vdem
TUN,1990,4.3,vdem
TUN,1991,4.3,vdem
TUN,1992,4.3,vdem
TUN,1993,4.3,vdem
TUN,1994,6.7,vdem
TUN,1995,6.7,vdem
TUN,1996,6.7,vdem
TUN,1997,6.7,ipu
TUN,1998,7.4,ipu
TUN,1999,11.5,ipu
TUN,2000,11.5,ipu
TUN,2001,11.5,ipu
TUN,2002,11.5,ipu
TUN,2003,11.5,ipu
TUN,2004,22.8,ipu
TUN,2005,22.8,ipu
TUN,2006,22.8,ipu
TUN,2007,22.8,ipu
TUN,2008,22.8,ipu
TUN,2009,27.6,ipu
TUN,2010,27.6,ipu
TUN,2011,26.7,ipu
TUN,2012,26.7,ipu
TUN,2013,26.7,ipu
TUN,2014,31.3,ipu
TUN,2015,31.3,ipu
TUN,2016,31.3,ipu
TUN,2017,31.3,ipu
TUN,2018,31.3,ipu
TUN,2019,22.6,ipu
TUN,2020,24.9,ipu
TUN,2021,26.3,ipu
TUN,2022,26.3,ipu
TUN,2023,16.2,ipu
TUN,2024,15.7,ipu
TUN,2025,15.8,ipu
TUR,1946,1.8,vdem
TUR,1947,1.8,vdem
TUR,1948,1.8,vdem
TUR,1949,1.8,vdem
TUR,1950,0.6,vdem
TUR,1951,0.6,vdem
TUR,1952,0.6,vdem
TUR,1953,0.6,vdem
TUR,1954,0.7,vdem
TUR,1955,0.7,vdem
TUR,1956,0.7,vdem
TUR,1957,1.3,vdem
TUR,1958,1.3,vdem
TUR,1959,1.3,vdem
TUR,1961,0.7,vdem
TUR,1962,0.7,vdem
TUR,1963,0.7,vdem
TUR,1964,0.7,vdem
TUR,1965,0.7,vdem
TUR,1966,0.7,vdem
TUR,1967,0.7,vdem
TUR,1968,0.7,vdem
TUR,1969,1.1,vdem
TUR,1970,1.1,vdem
TUR,1971,1.1,vdem
TUR,1972,1.1,vdem
TUR,1973,1.3,vdem
TUR,1974,1.3,vdem
TUR,1975,1.3,vdem
TUR,1976,1.3,vdem
TUR,1977,0.9,vdem
TUR,1978,0.9,vdem
TUR,1979,0.9,vdem
TUR,1982,0.9,vdem
TUR,1983,3.0,vdem
TUR,1984,3.0,vdem
TUR,1985,3.0,vdem
TUR,1986,3.0,vdem
TUR,1987,1.3,vdem
TUR,1988,1.3,vdem
TUR,1989,1.3,vdem
TUR,1990,1.3,vdem
TUR,1991,1.8,vdem
TUR,1992,1.8,vdem
TUR,1993,1.8,vdem
TUR,1994,1.8,vdem
TUR,1995,2.4,vdem
TUR,1996,2.4,vdem
TUR,1997,2.4,ipu
TUR,1998,2.4,ipu
TUR,1999,4.2,ipu
TUR,2000,4.2,ipu
TUR,2001,4.2,ipu
TUR,2002,4.4,vdem
TUR,2003,4.4,ipu
TUR,2004,4.4,ipu
TUR,2005,4.4,ipu
TUR,2006,4.4,ipu
TUR,2007,9.1,ipu
TUR,2008,9.1,ipu
TUR,2009,9.1,ipu
TUR,2010,9.1,ipu
TUR,2011,14.2,ipu
TUR,2012,14.2,ipu
TUR,2013,14.4,ipu
TUR,2014,14.4,ipu
TUR,2015,14.9,ipu
TUR,2016,14.9,ipu
TUR,2017,14.6,ipu
TUR,2018,17.4,ipu
TUR,2019,17.4,ipu
TUR,2020,17.3,ipu
TUR,2021,17.3,ipu
TUR,2022,17.4,ipu
TUR,2023,19.8,ipu
TUR,2024,19.9,ipu
TUR,2025,19.9,ipu
TUV,1997,8.3,ipu
TUV,1999,0.0,ipu
TUV,2000,0.0,ipu
TUV,2001,0.0,ipu
TUV,2003,0.0,ipu
TUV,2004,0.0,ipu
TUV,2005,0.0,ipu
TUV,2006,0.0,ipu
TUV,2007,0.0,ipu
TUV,2008,0.0,ipu
TUV,2009,0.0,ipu
TUV,2010,0.0,ipu
TUV,2011,6.7,ipu
TUV,2012,6.7,ipu
TUV,2013,6.7,ipu
TUV,2014,6.7,ipu
TUV,2015,6.7,ipu
TUV,2016,6.7,ipu
TUV,2017,6.7,ipu
TUV,2018,6.7,ipu
TUV,2019,6.2,ipu
TUV,2020,6.2,ipu
TUV,2021,6.2,ipu
TUV,2022,6.2,ipu
TUV,2023,6.2,ipu
TUV,2024,0.0,ipu
TUV,2025,0.0,ipu
TWN,1950,11.3,vdem
TWN,1951,11.1,vdem
TWN,1952,11.9,vdem
TWN,1953,12.1,vdem
TWN,1954,12.2,vdem
TWN,1955,12.3,vdem
TWN,1956,12.5,vdem
TWN,1957,12.3,vdem
TWN,1958,12.3,vdem
TWN,1959,12.4,vdem
TWN,1960,12.3,vdem
TWN,1961,12.4,vdem
TWN,1962,12.3,vdem
TWN,1963,12.3,vdem
TWN,1964,12.2,vdem
TWN,1965,12.3,vdem
TWN,1966,12.6,vdem
TWN,1967,12.4,vdem
TWN,1968,13.4,vdem
TWN,1969,13.8,vdem
TWN,1970,13.4,vdem
TWN,1971,14.1,vdem
TWN,1972,14.4,vdem
TWN,1973,13.9,vdem
TWN,1974,14.2,vdem
TWN,1975,14.1,vdem
TWN,1976,13.8,vdem
TWN,1977,13.8,vdem
TWN,1978,14.1,vdem
TWN,1979,14.3,vdem
TWN,1980,14.5,vdem
TWN,1981,14.1,vdem
TWN,1982,14.1,vdem
TWN,1983,13.9,vdem
TWN,1984,13.9,vdem
TWN,1985,13.8,vdem
TWN,1986,13.7,vdem
TWN,1987,13.6,vdem
TWN,1988,13.9,vdem
TWN,1989,14.0,vdem
TWN,1990,14.6,vdem
TWN,1991,15.8,vdem
TWN,1992,12.7,vdem
TWN,1993,10.8,vdem
TWN,1994,10.6,vdem
TWN,1995,10.6,vdem
TWN,1996,10.6,vdem
TWN,1997,14.0,vdem
TWN,1998,14.0,vdem
TWN,1999,19.1,vdem
TWN,2000,19.1,vdem
TWN,2001,19.1,vdem
TWN,2002,22.2,vdem
TWN,2003,22.2,vdem
TWN,2004,22.2,vdem
TWN,2005,20.9,vdem
TWN,2006,20.9,vdem
TWN,2007,20.9,vdem
TWN,2008,30.1,vdem
TWN,2009,30.1,vdem
TWN,2010,30.1,vdem
TWN,2011,30.1,vdem
TWN,2012,33.6,vdem
TWN,2013,33.6,vdem
TWN,2014,33.6,vdem
TWN,2015,33.6,vdem
TWN,2016,38.0,vdem
TWN,2017,38.0,vdem
TWN,2018,38.0,vdem
TWN,2019,38.0,vdem
TWN,2020,41.6,vdem
TWN,2021,41.6,vdem
TWN,2022,42.5,vdem
TWN,2023,42.0,vdem
TWN,2024,42.0,vdem
TWN,2025,42.0,vdem
TZA,1965,3.2,vdem
TZA,1966,3.2,vdem
TZA,1967,3.2,vdem
TZA,1968,3.2,vdem
TZA,1969,3.2,vdem
TZA,1970,4.6,vdem
TZA,1971,3.9,vdem
TZA,1972,3.9,vdem
TZA,1973,3.9,vdem
TZA,1974,3.9,vdem
TZA,1975,7.2,vdem
TZA,1976,8.3,vdem
TZA,1977,8.3,vdem
TZA,1978,8.3,vdem
TZA,1979,8.3,vdem
TZA,1980,8.7,vdem
TZA,1981,9.6,vdem
TZA,1982,9.6,vdem
TZA,1983,9.6,vdem
TZA,1984,9.6,vdem
TZA,1985,5.5,vdem
TZA,1986,5.5,vdem
TZA,1987,5.5,vdem
TZA,1988,5.5,vdem
TZA,1989,5.5,vdem
TZA,1990,9.9,vdem
TZA,1991,11.0,vdem
TZA,1992,11.0,vdem
TZA,1993,11.0,vdem
TZA,1994,11.0,vdem
TZA,1995,16.4,vdem
TZA,1996,17.5,vdem
TZA,1997,17.5,ipu
TZA,1998,17.5,ipu
TZA,1999,16.4,ipu
TZA,2000,22.2,vdem
TZA,2001,22.3,ipu
TZA,2002,22.3,ipu
TZA,2003,21.4,ipu
TZA,2004,21.4,ipu
TZA,2005,30.4,ipu
TZA,2006,30.4,ipu
TZA,2007,30.4,ipu
TZA,2008,30.4,ipu
TZA,2009,30.7,ipu
TZA,2010,36.0,vdem
TZA,2011,36.0,ipu
TZA,2012,36.0,ipu
TZA,2013,36.0,ipu
TZA,2014,36.0,ipu
TZA,2015,36.0,ipu
TZA,2016,36.6,ipu
TZA,2017,37.2,ipu
TZA,2018,37.2,ipu
TZA,2019,36.9,ipu
TZA,2020,36.7,ipu
TZA,2021,36.9,ipu
TZA,2022,36.9,ipu
TZA,2023,37.4,ipu
TZA,2024,37.4,ipu
TZA,2025,39.5,ipu
UGA,1946,0.0,vdem
UGA,1947,0.0,vdem
UGA,1948,0.0,vdem
UGA,1949,0.0,vdem
UGA,1950,0.0,vdem
UGA,1951,0.0,vdem
UGA,1952,0.0,vdem
UGA,1953,0.0,vdem
UGA,1954,0.0,vdem
UGA,1955,0.0,vdem
UGA,1956,0.0,vdem
UGA,1957,0.0,vdem
UGA,1958,0.0,vdem
UGA,1959,0.0,vdem
UGA,1960,0.0,vdem
UGA,1961,0.0,vdem
UGA,1962,2.2,vdem
UGA,1963,2.2,vdem
UGA,1964,2.2,vdem
UGA,1965,2.2,vdem
UGA,1966,2.2,vdem
UGA,1967,2.2,vdem
UGA,1968,2.2,vdem
UGA,1969,2.2,vdem
UGA,1970,2.2,vdem
UGA,1980,0.6,vdem
UGA,1981,0.8,vdem
UGA,1982,0.8,vdem
UGA,1983,0.8,vdem
UGA,1984,0.8,vdem
UGA,1986,0.8,vdem
UGA,1987,0.8,vdem
UGA,1988,0.8,vdem
UGA,1989,15.1,vdem
UGA,1990,12.2,vdem
UGA,1991,12.2,vdem
UGA,1992,12.2,vdem
UGA,1993,12.2,vdem
UGA,1994,17.4,vdem
UGA,1995,17.4,vdem
UGA,1996,18.1,vdem
UGA,1997,18.1,ipu
UGA,1998,18.1,ipu
UGA,1999,17.9,ipu
UGA,2000,17.8,ipu
UGA,2001,24.7,ipu
UGA,2002,24.7,ipu
UGA,2003,24.7,ipu
UGA,2004,23.9,ipu
UGA,2005,23.9,ipu
UGA,2006,29.8,ipu
UGA,2007,30.7,ipu
UGA,2008,30.7,ipu
UGA,2009,31.5,ipu
UGA,2010,31.3,ipu
UGA,2011,35.0,ipu
UGA,2012,35.0,ipu
UGA,2013,35.0,ipu
UGA,2014,35.0,ipu
UGA,2015,35.0,ipu
UGA,2016,33.5,ipu
UGA,2017,34.3,ipu
UGA,2018,34.3,ipu
UGA,2019,34.9,ipu
UGA,2020,34.9,ipu
UGA,2021,33.8,ipu
UGA,2022,33.8,ipu
UGA,2023,33.8,ipu
UGA,2024,33.9,ipu
UGA,2025,34.1,ipu
UKR,1946,17.0,vdem
UKR,1947,17.0,vdem
UKR,1948,17.0,vdem
UKR,1949,17.0,vdem
UKR,1950,19.6,vdem
UKR,1951,19.6,vdem
UKR,1952,19.6,vdem
UKR,1953,19.6,vdem
UKR,1954,24.0,vdem
UKR,1955,24.0,vdem
UKR,1956,24.0,vdem
UKR,1957,24.0,vdem
UKR,1958,25.7,vdem
UKR,1959,25.7,vdem
UKR,1960,25.7,vdem
UKR,1961,25.7,vdem
UKR,1962,27.2,vdem
UKR,1963,27.2,vdem
UKR,1964,27.2,vdem
UKR,1965,27.2,vdem
UKR,1966,28.9,vdem
UKR,1967,28.9,vdem
UKR,1968,28.9,vdem
UKR,1969,28.9,vdem
UKR,1970,30.2,vdem
UKR,1971,30.2,vdem
UKR,1972,30.2,vdem
UKR,1973,30.2,vdem
UKR,1974,30.5,vdem
UKR,1975,30.5,vdem
UKR,1976,30.5,vdem
UKR,1977,30.5,vdem
UKR,1978,30.5,vdem
UKR,1979,32.0,vdem
UKR,1980,32.0,vdem
UKR,1981,32.0,vdem
UKR,1982,32.0,vdem
UKR,1983,32.0,vdem
UKR,1984,31.1,vdem
UKR,1985,31.1,vdem
UKR,1986,31.1,vdem
UKR,1987,31.1,vdem
UKR,1988,31.1,vdem
UKR,1989,20.3,vdem
UKR,1990,0.0,vdem
UKR,1991,2.4,vdem
UKR,1992,2.4,vdem
UKR,1993,2.4,vdem
UKR,1994,3.8,vdem
UKR,1995,3.8,vdem
UKR,1996,3.8,vdem
UKR,1997,3.8,ipu
UKR,1998,7.8,vdem
UKR,1999,7.8,ipu
UKR,2000,7.8,ipu
UKR,2001,7.8,ipu
UKR,2002,5.3,vdem
UKR,2003,5.3,ipu
UKR,2004,5.3,ipu
UKR,2005,5.3,ipu
UKR,2006,8.7,ipu
UKR,2007,8.2,ipu
UKR,2008,8.2,ipu
UKR,2009,8.0,ipu
UKR,2010,8.0,ipu
UKR,2011,8.0,ipu
UKR,2012,9.4,ipu
UKR,2013,9.4,ipu
UKR,2014,11.7,ipu
UKR,2015,12.1,ipu
UKR,2016,12.0,ipu
UKR,2017,12.3,ipu
UKR,2018,12.3,ipu
UKR,2019,20.5,ipu
UKR,2020,20.8,ipu
UKR,2021,20.8,ipu
UKR,2022,20.3,ipu
UKR,2023,20.4,ipu
UKR,2024,21.1,ipu
UKR,2025,21.2,ipu
URY,1946,0.0,vdem
URY,1947,0.0,vdem
URY,1948,0.0,vdem
URY,1949,0.0,vdem
URY,1950,0.0,vdem
URY,1951,0.0,vdem
URY,1952,0.0,vdem
URY,1953,0.0,vdem
URY,1954,0.0,vdem
URY,1955,0.0,vdem
URY,1956,0.0,vdem
URY,1957,0.0,vdem
URY,1958,0.0,vdem
URY,1959,0.0,vdem
URY,1960,0.0,vdem
URY,1961,0.0,vdem
URY,1962,0.0,vdem
URY,1963,0.0,vdem
URY,1964,0.0,vdem
URY,1965,0.0,vdem
URY,1966,0.0,vdem
URY,1967,0.0,vdem
URY,1968,0.0,vdem
URY,1969,0.0,vdem
URY,1970,0.0,vdem
URY,1971,1.0,vdem
URY,1972,1.0,vdem
URY,1984,4.0,vdem
URY,1985,4.0,vdem
URY,1986,4.0,vdem
URY,1987,4.0,vdem
URY,1988,4.0,vdem
URY,1989,6.1,vdem
URY,1990,6.1,vdem
URY,1991,6.1,vdem
URY,1992,6.1,vdem
URY,1993,6.1,vdem
URY,1994,7.1,vdem
URY,1995,7.1,vdem
URY,1996,7.1,vdem
URY,1997,7.1,ipu
URY,1998,7.1,ipu
URY,1999,12.1,ipu
URY,2000,12.1,ipu
URY,2001,12.1,ipu
URY,2002,12.1,ipu
URY,2003,12.1,ipu
URY,2004,12.1,ipu
URY,2005,11.1,ipu
URY,2006,11.1,ipu
URY,2007,12.1,ipu
URY,2008,12.1,ipu
URY,2009,14.1,ipu
URY,2010,15.2,ipu
URY,2011,12.1,ipu
URY,2012,12.1,ipu
URY,2013,12.1,ipu
URY,2014,13.1,ipu
URY,2015,16.2,ipu
URY,2016,16.2,ipu
URY,2017,20.2,ipu
URY,2018,20.2,ipu
URY,2019,19.2,ipu
URY,2020,21.2,ipu
URY,2021,24.2,ipu
URY,2022,25.3,ipu
URY,2023,26.3,ipu
URY,2024,28.3,ipu
URY,2025,31.3,ipu
USA,1946,2.5,vdem
USA,1947,2.5,vdem
USA,1948,1.6,vdem
USA,1949,1.6,vdem
USA,1950,2.1,vdem
USA,1951,2.1,vdem
USA,1952,2.3,vdem
USA,1953,2.3,vdem
USA,1954,2.7,vdem
USA,1955,2.7,vdem
USA,1956,3.9,vdem
USA,1957,3.9,vdem
USA,1958,3.4,vdem
USA,1959,3.4,vdem
USA,1960,3.9,vdem
USA,1961,3.9,vdem
USA,1962,4.1,vdem
USA,1963,4.1,vdem
USA,1964,2.8,vdem
USA,1965,2.8,vdem
USA,1966,2.5,vdem
USA,1967,2.5,vdem
USA,1968,2.5,vdem
USA,1969,2.5,vdem
USA,1970,2.3,vdem
USA,1971,2.3,vdem
USA,1972,3.0,vdem
USA,1973,3.0,vdem
USA,1974,3.7,vdem
USA,1975,3.7,vdem
USA,1976,4.4,vdem
USA,1977,4.4,vdem
USA,1978,4.1,vdem
USA,1979,4.1,vdem
USA,1980,3.7,vdem
USA,1981,3.7,vdem
USA,1982,4.8,vdem
USA,1983,4.8,vdem
USA,1984,5.0,vdem
USA,1985,5.0,vdem
USA,1986,5.3,vdem
USA,1987,5.3,vdem
USA,1988,6.7,vdem
USA,1989,6.7,vdem
USA,1990,6.4,vdem
USA,1991,6.4,vdem
USA,1992,11.0,vdem
USA,1993,11.0,vdem
USA,1994,11.0,vdem
USA,1995,11.0,vdem
USA,1996,11.7,vdem
USA,1997,11.7,ipu
USA,1998,11.7,ipu
USA,1999,13.3,ipu
USA,2000,14.0,vdem
USA,2001,14.0,ipu
USA,2002,13.8,ipu
USA,2003,14.3,ipu
USA,2004,14.9,ipu
USA,2005,15.2,ipu
USA,2006,16.3,ipu
USA,2007,16.8,ipu
USA,2008,17.0,ipu
USA,2009,16.8,ipu
USA,2010,16.8,ipu
USA,2011,16.8,ipu
USA,2012,18.0,ipu
USA,2013,17.8,ipu
USA,2014,19.3,ipu
USA,2015,19.4,ipu
USA,2016,19.2,ipu
USA,2017,19.4,ipu
USA,2018,23.5,ipu
USA,2019,23.4,ipu
USA,2020,27.5,ipu
USA,2021,27.6,ipu
USA,2022,28.7,ipu
USA,2023,29.0,ipu
USA,2024,28.7,ipu
USA,2025,28.9,ipu
UZB,1946,17.0,vdem
UZB,1947,17.0,vdem
UZB,1948,17.0,vdem
UZB,1949,17.0,vdem
UZB,1950,19.6,vdem
UZB,1951,19.6,vdem
UZB,1952,19.6,vdem
UZB,1953,19.6,vdem
UZB,1954,24.0,vdem
UZB,1955,24.0,vdem
UZB,1956,24.0,vdem
UZB,1957,24.0,vdem
UZB,1958,25.7,vdem
UZB,1959,25.7,vdem
UZB,1960,25.7,vdem
UZB,1961,25.7,vdem
UZB,1962,27.2,vdem
UZB,1963,27.2,vdem
UZB,1964,27.2,vdem
UZB,1965,27.2,vdem
UZB,1966,28.9,vdem
UZB,1967,28.9,vdem
UZB,1968,28.9,vdem
UZB,1969,28.9,vdem
UZB,1970,30.2,vdem
UZB,1971,30.2,vdem
UZB,1972,30.2,vdem
UZB,1973,30.2,vdem
UZB,1974,30.5,vdem
UZB,1975,30.5,vdem
UZB,1976,30.5,vdem
UZB,1977,30.5,vdem
UZB,1978,30.5,vdem
UZB,1979,32.0,vdem
UZB,1980,32.0,vdem
UZB,1981,32.0,vdem
UZB,1982,32.0,vdem
UZB,1983,32.0,vdem
UZB,1984,31.1,vdem
UZB,1985,31.1,vdem
UZB,1986,31.1,vdem
UZB,1987,31.1,vdem
UZB,1988,31.1,vdem
UZB,1989,20.3,vdem
UZB,1990,0.0,vdem
UZB,1991,9.6,vdem
UZB,1992,9.6,vdem
UZB,1993,9.6,vdem
UZB,1994,6.0,vdem
UZB,1995,6.0,vdem
UZB,1996,6.0,vdem
UZB,1997,6.0,ipu
UZB,1998,6.0,ipu
UZB,1999,7.2,vdem
UZB,2000,7.2,ipu
UZB,2001,7.2,ipu
UZB,2002,7.2,ipu
UZB,2003,7.2,ipu
UZB,2004,17.5,ipu
UZB,2005,17.5,ipu
UZB,2006,17.5,ipu
UZB,2007,17.5,ipu
UZB,2008,17.5,ipu
UZB,2009,22.0,ipu
UZB,2010,22.0,ipu
UZB,2011,22.0,ipu
UZB,2012,22.0,ipu
UZB,2013,22.0,ipu
UZB,2014,22.0,ipu
UZB,2015,16.0,ipu
UZB,2016,16.0,ipu
UZB,2017,16.0,ipu
UZB,2018,16.0,ipu
UZB,2019,16.0,ipu
UZB,2020,32.0,ipu
UZB,2021,32.7,ipu
UZB,2022,33.3,ipu
UZB,2023,33.6,ipu
UZB,2024,38.0,ipu
UZB,2025,38.0,ipu
VCT,1997,9.5,ipu
VCT,1999,4.8,ipu
VCT,2000,4.8,ipu
VCT,2002,22.7,ipu
VCT,2003,22.7,ipu
VCT,2004,22.7,ipu
VCT,2005,18.2,ipu
VCT,2006,18.2,ipu
VCT,2007,18.2,ipu
VCT,2008,18.2,ipu
VCT,2009,21.7,ipu
VCT,2010,14.3,ipu
VCT,2011,17.4,ipu
VCT,2012,17.4,ipu
VCT,2013,13.0,ipu
VCT,2014,13.0,ipu
VCT,2015,13.0,ipu
VCT,2016,13.0,ipu
VCT,2017,13.0,ipu
VCT,2018,13.0,ipu
VCT,2019,13.0,ipu
VCT,2020,18.2,ipu
VCT,2021,18.2,ipu
VCT,2022,18.2,ipu
VCT,2023,18.2,ipu
VCT,2024,21.7,ipu
VCT,2025,13.3,ipu
VEN,1946,5.6,vdem
VEN,1947,5.6,vdem
VEN,1958,2.3,vdem
VEN,1959,2.3,vdem
VEN,1960,2.3,vdem
VEN,1961,2.3,vdem
VEN,1962,2.3,vdem
VEN,1963,3.4,vdem
VEN,1964,3.4,vdem
VEN,1965,3.4,vdem
VEN,1966,3.4,vdem
VEN,1967,3.4,vdem
VEN,1968,0.0,vdem
VEN,1969,0.0,vdem
VEN,1970,0.0,vdem
VEN,1971,0.0,vdem
VEN,1972,0.0,vdem
VEN,1973,2.5,vdem
VEN,1974,2.5,vdem
VEN,1975,2.5,vdem
VEN,1976,2.5,vdem
VEN,1977,2.5,vdem
VEN,1978,3.0,vdem
VEN,1979,3.0,vdem
VEN,1980,3.0,vdem
VEN,1981,3.0,vdem
VEN,1982,3.0,vdem
VEN,1983,3.5,vdem
VEN,1984,3.5,vdem
VEN,1985,3.5,vdem
VEN,1986,3.5,vdem
VEN,1987,3.5,vdem
VEN,1988,10.0,vdem
VEN,1989,10.0,vdem
VEN,1990,10.0,vdem
VEN,1991,10.0,vdem
VEN,1992,10.0,vdem
VEN,1993,5.9,vdem
VEN,1994,5.9,vdem
VEN,1995,5.9,vdem
VEN,1996,5.9,vdem
VEN,1997,5.9,ipu
VEN,1998,5.9,ipu
VEN,1999,12.1,ipu
VEN,2000,9.7,vdem
VEN,2001,9.7,ipu
VEN,2002,9.7,ipu
VEN,2003,9.7,ipu
VEN,2004,9.7,ipu
VEN,2005,17.4,ipu
VEN,2006,18.0,ipu
VEN,2007,18.6,ipu
VEN,2008,18.6,ipu
VEN,2009,17.5,ipu
VEN,2010,17.0,ipu
VEN,2011,17.0,ipu
VEN,2012,17.0,ipu
VEN,2013,17.0,ipu
VEN,2014,17.0,ipu
VEN,2015,17.0,ipu
VEN,2016,14.4,ipu
VEN,2017,22.2,ipu
VEN,2018,22.2,ipu
VEN,2019,22.2,ipu
VEN,2020,22.2,ipu
VEN,2021,22.2,ipu
VEN,2022,22.0,vdem
VEN,2023,34.2,vdem
VEN,2024,33.0,vdem
VEN,2025,32.1,ipu
VNM,1976,26.8,vdem
VNM,1977,26.8,vdem
VNM,1978,26.8,vdem
VNM,1979,26.8,vdem
VNM,1980,26.8,vdem
VNM,1981,21.8,vdem
VNM,1982,21.8,vdem
VNM,1983,21.8,vdem
VNM,1984,21.8,vdem
VNM,1985,21.8,vdem
VNM,1986,21.8,vdem
VNM,1987,17.7,vdem
VNM,1988,17.7,vdem
VNM,1989,17.7,vdem
VNM,1990,17.7,vdem
VNM,1991,17.7,vdem
VNM,1992,18.5,vdem
VNM,1993,18.5,vdem
VNM,1994,18.5,vdem
VNM,1995,18.5,vdem
VNM,1996,18.5,vdem
VNM,1997,26.2,ipu
VNM,1998,26.2,ipu
VNM,1999,26.0,ipu
VNM,2000,26.0,ipu
VNM,2001,26.0,ipu
VNM,2002,27.3,ipu
VNM,2003,27.3,ipu
VNM,2004,27.3,ipu
VNM,2005,27.3,ipu
VNM,2006,27.3,ipu
VNM,2007,25.8,ipu
VNM,2008,25.8,ipu
VNM,2009,25.8,ipu
VNM,2010,25.8,ipu
VNM,2011,24.4,ipu
VNM,2012,24.4,ipu
VNM,2013,24.4,ipu
VNM,2014,24.3,ipu
VNM,2015,24.3,ipu
VNM,2016,26.7,ipu
VNM,2017,26.7,ipu
VNM,2018,26.7,ipu
VNM,2019,26.7,ipu
VNM,2020,26.7,ipu
VNM,2021,30.3,ipu
VNM,2022,30.3,ipu
VNM,2023,30.3,ipu
VNM,2024,30.6,ipu
VNM,2025,31.4,ipu
VUT,1975,0.0,vdem
VUT,1976,0.0,vdem
VUT,1977,0.0,vdem
VUT,1978,0.0,vdem
VUT,1979,0.0,vdem
VUT,1980,0.0,vdem
VUT,1981,0.0,vdem
VUT,1982,0.0,vdem
VUT,1983,0.0,vdem
VUT,1984,0.0,vdem
VUT,1985,0.0,vdem
VUT,1986,0.0,vdem
VUT,1987,4.3,vdem
VUT,1988,4.3,vdem
VUT,1989,4.3,vdem
VUT,1990,4.3,vdem
VUT,1991,2.2,vdem
VUT,1992,2.2,vdem
VUT,1993,2.2,vdem
VUT,1994,2.2,vdem
VUT,1995,2.2,vdem
VUT,1996,2.2,vdem
VUT,1997,2.2,vdem
VUT,1998,0.0,vdem
VUT,1999,0.0,ipu
VUT,2000,0.0,ipu
VUT,2001,0.0,ipu
VUT,2002,1.9,ipu
VUT,2003,1.9,ipu
VUT,2004,3.8,ipu
VUT,2005,3.8,ipu
VUT,2006,3.8,ipu
VUT,2007,3.8,ipu
VUT,2008,3.8,ipu
VUT,2009,3.8,ipu
VUT,2010,3.8,ipu
VUT,2011,1.9,ipu
VUT,2012,0.0,ipu
VUT,2013,0.0,ipu
VUT,2014,0.0,ipu
VUT,2015,0.0,ipu
VUT,2016,0.0,ipu
VUT,2017,0.0,ipu
VUT,2018,0.0,ipu
VUT,2019,0.0,ipu
VUT,2020,0.0,ipu
VUT,2021,0.0,ipu
VUT,2022,1.9,ipu
VUT,2023,1.9,ipu
VUT,2024,2.0,ipu
VUT,2025,1.9,ipu
WLD,1997,11.7,ipu
WLD,1998,13.1,ipu
WLD,1999,13.5,ipu
WLD,2000,13.9,ipu
WLD,2001,14.1,ipu
WLD,2002,15.2,ipu
WLD,2003,15.2,ipu
WLD,2004,15.9,ipu
WLD,2005,16.5,ipu
WLD,2006,17.0,ipu
WLD,2007,17.9,ipu
WLD,2008,18.4,ipu
WLD,2009,19.0,ipu
WLD,2010,19.2,ipu
WLD,2011,19.8,ipu
WLD,2012,20.8,ipu
WLD,2013,21.8,ipu
WLD,2014,22.2,ipu
WLD,2015,22.8,ipu
WLD,2016,23.1,ipu
WLD,2017,23.6,ipu
WLD,2018,24.1,ipu
WLD,2019,24.6,ipu
WLD,2020,25.6,ipu
WLD,2021,26.1,ipu
WLD,2022,26.5,ipu
WLD,2023,26.7,ipu
WLD,2024,27.0,ipu
WLD,2025,27.2,ipu
WSM,1997,4.1,ipu
WSM,1998,4.1,ipu
WSM,1999,8.2,ipu
WSM,2000,8.2,ipu
WSM,2001,6.1,ipu
WSM,2002,6.1,ipu
WSM,2003,6.1,ipu
WSM,2004,6.1,ipu
WSM,2005,6.1,ipu
WSM,2006,6.1,ipu
WSM,2007,8.2,ipu
WSM,2008,8.2,ipu
WSM,2009,8.2,ipu
WSM,2010,8.2,ipu
WSM,2011,4.1,ipu
WSM,2012,4.1,ipu
WSM,2013,4.1,ipu
WSM,2014,6.1,ipu
WSM,2015,6.1,ipu
WSM,2016,10.0,ipu
WSM,2017,10.0,ipu
WSM,2018,10.0,ipu
WSM,2019,10.0,ipu
WSM,2020,10.0,ipu
WSM,2021,7.8,ipu
WSM,2022,13.0,ipu
WSM,2023,13.0,ipu
WSM,2024,13.0,ipu
WSM,2025,9.8,ipu
YEM,1971,0.0,vdem
YEM,1972,0.0,vdem
YEM,1973,0.0,vdem
YEM,1974,0.0,vdem
YEM,1978,0.0,vdem
YEM,1979,0.0,vdem
YEM,1980,0.0,vdem
YEM,1981,0.0,vdem
YEM,1982,0.0,vdem
YEM,1983,0.0,vdem
YEM,1984,0.0,vdem
YEM,1985,0.0,vdem
YEM,1986,0.0,vdem
YEM,1987,0.0,vdem
YEM,1988,0.0,vdem
YEM,1989,4.1,vdem
YEM,1990,3.3,vdem
YEM,1991,3.3,vdem
YEM,1992,3.3,vdem
YEM,1993,0.7,vdem
YEM,1994,0.7,vdem
YEM,1995,0.7,vdem
YEM,1996,0.7,vdem
YEM,1997,0.7,vdem
YEM,1998,0.7,ipu
YEM,1999,0.7,ipu
YEM,2000,0.7,ipu
YEM,2001,0.7,ipu
YEM,2002,0.7,ipu
YEM,2003,0.3,ipu
YEM,2004,0.3,ipu
YEM,2005,0.3,ipu
YEM,2006,0.3,ipu
YEM,2007,0.3,ipu
YEM,2008,0.3,ipu
YEM,2009,0.3,ipu
YEM,2010,0.3,ipu
YEM,2011,0.3,ipu
YEM,2012,0.3,ipu
YEM,2013,0.3,ipu
YEM,2014,0.3,ipu
YEM,2015,0.0,ipu
YEM,2016,0.0,ipu
YEM,2017,0.0,ipu
YEM,2018,0.0,ipu
YEM,2019,0.3,ipu
YEM,2020,0.3,ipu
YEM,2021,0.0,ipu
YEM,2022,0.0,ipu
YEM,2023,0.0,ipu
YEM,2024,0.0,ipu
YEM,2025,0.0,ipu
YMD,1947,0.0,vdem
YMD,1948,0.0,vdem
YMD,1949,0.0,vdem
YMD,1950,0.0,vdem
YMD,1951,0.0,vdem
YMD,1952,0.0,vdem
YMD,1953,0.0,vdem
YMD,1954,0.0,vdem
YMD,1955,0.0,vdem
YMD,1956,0.0,vdem
YMD,1957,0.0,vdem
YMD,1958,0.0,vdem
YMD,1959,0.0,vdem
YMD,1960,0.0,vdem
YMD,1961,0.0,vdem
YMD,1962,0.0,vdem
YMD,1963,0.0,vdem
YMD,1964,0.0,vdem
YMD,1965,0.0,vdem
YMD,1966,0.0,vdem
YMD,1970,0.0,vdem
YMD,1971,8.9,vdem
YMD,1972,8.9,vdem
YMD,1973,8.9,vdem
YMD,1974,8.9,vdem
YMD,1975,8.9,vdem
YMD,1976,8.9,vdem
YMD,1977,8.9,vdem
YMD,1978,6.3,vdem
YMD,1979,6.3,vdem
YMD,1980,6.3,vdem
YMD,1981,6.3,vdem
YMD,1982,6.3,vdem
YMD,1983,6.3,vdem
YMD,1984,6.3,vdem
YMD,1985,6.3,vdem
YMD,1986,9.9,vdem
YMD,1987,9.9,vdem
YMD,1988,9.9,vdem
YMD,1989,4.1,vdem
YMD,1990,4.1,vdem
YUG,1946,2.6,vdem
YUG,1947,2.8,vdem
YUG,1948,2.8,vdem
YUG,1949,2.8,vdem
YUG,1950,3.2,vdem
YUG,1951,3.2,vdem
YUG,1952,3.2,vdem
YUG,1953,5.4,vdem
YUG,1954,5.4,vdem
YUG,1955,5.4,vdem
YUG,1956,5.4,vdem
YUG,1957,5.4,vdem
YUG,1958,6.5,vdem
YUG,1959,6.5,vdem
YUG,1960,6.5,vdem
YUG,1961,6.5,vdem
YUG,1962,6.5,vdem
YUG,1963,17.4,vdem
YUG,1964,17.4,vdem
YUG,1965,13.7,vdem
YUG,1966,13.7,vdem
YUG,1967,9.5,vdem
YUG,1968,9.5,vdem
YUG,1969,13.6,vdem
YUG,1970,13.6,vdem
YUG,1971,13.6,vdem
YUG,1972,13.6,vdem
YUG,1973,13.6,vdem
YUG,1974,19.1,vdem
YUG,1975,19.1,vdem
YUG,1976,19.1,vdem
YUG,1977,19.1,vdem
YUG,1978,20.0,vdem
YUG,1979,20.0,vdem
YUG,1980,20.0,vdem
YUG,1981,20.0,vdem
YUG,1982,20.5,vdem
YUG,1983,20.5,vdem
YUG,1984,20.5,vdem
YUG,1985,20.5,vdem
YUG,1986,18.2,vdem
YUG,1987,18.2,vdem
YUG,1988,18.2,vdem
YUG,1989,18.2,vdem
YUG,1990,18.2,vdem
ZAF,1946,0.7,vdem
ZAF,1947,0.7,vdem
ZAF,1948,1.3,vdem
ZAF,1949,1.3,vdem
ZAF,1950,1.3,vdem
ZAF,1951,1.3,vdem
ZAF,1952,1.3,vdem
ZAF,1953,1.9,vdem
ZAF,1954,1.9,vdem
ZAF,1955,1.9,vdem
ZAF,1956,1.9,vdem
ZAF,1957,1.9,vdem
ZAF,1958,1.3,vdem
ZAF,1959,1.2,vdem
ZAF,1960,1.2,vdem
ZAF,1961,1.9,vdem
ZAF,1962,1.9,vdem
ZAF,1963,1.9,vdem
ZAF,1964,1.9,vdem
ZAF,1965,1.9,vdem
ZAF,1966,1.2,vdem
ZAF,1967,1.2,vdem
ZAF,1968,1.2,vdem
ZAF,1969,1.2,vdem
ZAF,1970,1.2,vdem
ZAF,1971,1.2,vdem
ZAF,1972,1.2,vdem
ZAF,1973,1.2,vdem
ZAF,1974,0.6,vdem
ZAF,1975,0.6,vdem
ZAF,1976,0.6,vdem
ZAF,1977,0.6,vdem
ZAF,1978,0.6,vdem
ZAF,1979,0.6,vdem
ZAF,1980,0.6,vdem
ZAF,1981,1.1,vdem
ZAF,1982,1.1,vdem
ZAF,1983,1.1,vdem
ZAF,1984,2.3,vdem
ZAF,1985,2.3,vdem
ZAF,1986,2.3,vdem
ZAF,1987,2.2,vdem
ZAF,1988,3.6,vdem
ZAF,1989,2.8,vdem
ZAF,1990,1.2,vdem
ZAF,1991,1.2,vdem
ZAF,1992,1.2,vdem
ZAF,1993,1.2,vdem
ZAF,1994,25.0,vdem
ZAF,1995,25.0,vdem
ZAF,1996,25.0,vdem
ZAF,1997,25.0,ipu
ZAF,1998,28.8,ipu
ZAF,1999,30.0,ipu
ZAF,2000,29.8,ipu
ZAF,2001,29.8,ipu
ZAF,2002,29.8,ipu
ZAF,2003,29.8,ipu
ZAF,2004,32.8,ipu
ZAF,2005,32.8,ipu
ZAF,2006,32.8,ipu
ZAF,2007,33.0,ipu
ZAF,2008,33.0,ipu
ZAF,2009,44.5,ipu
ZAF,2010,44.5,ipu
ZAF,2011,42.2,ipu
ZAF,2012,42.2,ipu
ZAF,2013,42.2,ipu
ZAF,2014,41.5,ipu
ZAF,2015,42.0,ipu
ZAF,2016,42.0,ipu
ZAF,2017,41.8,ipu
ZAF,2018,42.7,ipu
ZAF,2019,46.3,ipu
ZAF,2020,46.8,ipu
ZAF,2021,46.6,ipu
ZAF,2022,46.5,ipu
ZAF,2023,45.9,ipu
ZAF,2024,44.7,ipu
ZAF,2025,44.9,ipu
ZMB,1946,0.0,vdem
ZMB,1947,0.0,vdem
ZMB,1948,0.0,vdem
ZMB,1949,0.0,vdem
ZMB,1950,0.0,vdem
ZMB,1951,0.0,vdem
ZMB,1952,0.0,vdem
ZMB,1953,0.0,vdem
ZMB,1954,0.0,vdem
ZMB,1955,0.0,vdem
ZMB,1956,0.0,vdem
ZMB,1957,0.0,vdem
ZMB,1958,0.0,vdem
ZMB,1959,0.0,vdem
ZMB,1960,0.0,vdem
ZMB,1961,0.0,vdem
ZMB,1962,0.0,vdem
ZMB,1963,0.0,vdem
ZMB,1964,5.3,vdem
ZMB,1965,5.3,vdem
ZMB,1966,5.3,vdem
ZMB,1967,5.3,vdem
ZMB,1968,1.8,vdem
ZMB,1969,1.8,vdem
ZMB,1970,1.8,vdem
ZMB,1971,1.8,vdem
ZMB,1972,1.8,vdem
ZMB,1973,5.1,vdem
ZMB,1974,5.9,vdem
ZMB,1975,5.9,vdem
ZMB,1976,5.9,vdem
ZMB,1977,5.9,vdem
ZMB,1978,4.4,vdem
ZMB,1979,4.4,vdem
ZMB,1980,4.4,vdem
ZMB,1981,4.4,vdem
ZMB,1982,4.4,vdem
ZMB,1983,2.9,vdem
ZMB,1984,2.9,vdem
ZMB,1985,2.9,vdem
ZMB,1986,2.9,vdem
ZMB,1987,2.9,vdem
ZMB,1988,5.1,vdem
ZMB,1989,6.6,vdem
ZMB,1990,6.6,vdem
ZMB,1991,4.4,vdem
ZMB,1992,6.7,vdem
ZMB,1993,6.7,vdem
ZMB,1994,6.7,vdem
ZMB,1995,6.7,vdem
ZMB,1996,9.5,vdem
ZMB,1997,9.7,ipu
ZMB,1998,10.3,ipu
ZMB,1999,10.1,ipu
ZMB,2000,10.1,ipu
ZMB,2001,10.1,ipu
ZMB,2002,12.0,ipu
ZMB,2003,12.0,ipu
ZMB,2004,12.0,ipu
ZMB,2005,12.7,ipu
ZMB,2006,14.6,ipu
ZMB,2007,15.2,ipu
ZMB,2008,15.2,ipu
ZMB,2009,14.0,ipu
ZMB,2010,14.0,ipu
ZMB,2011,11.5,ipu
ZMB,2012,11.5,ipu
ZMB,2013,11.5,ipu
ZMB,2014,10.8,ipu
ZMB,2015,12.7,ipu
ZMB,2016,18.0,ipu
ZMB,2017,18.0,ipu
ZMB,2018,18.0,ipu
ZMB,2019,18.0,ipu
ZMB,2020,16.8,ipu
ZMB,2021,15.1,ipu
ZMB,2022,15.1,ipu
ZMB,2023,15.0,ipu
ZMB,2024,15.0,ipu
ZMB,2025,15.0,ipu
ZWE,1946,0.0,vdem
ZWE,1947,0.0,vdem
ZWE,1948,0.0,vdem
ZWE,1949,0.0,vdem
ZWE,1950,0.0,vdem
ZWE,1951,0.0,vdem
ZWE,1952,0.0,vdem
ZWE,1953,0.0,vdem
ZWE,1954,0.0,vdem
ZWE,1955,0.0,vdem
ZWE,1956,0.0,vdem
ZWE,1957,0.0,vdem
ZWE,1958,0.0,vdem
ZWE,1959,0.0,vdem
ZWE,1960,0.0,vdem
ZWE,1961,0.0,vdem
ZWE,1962,0.0,vdem
ZWE,1963,0.0,vdem
ZWE,1964,0.0,vdem
ZWE,1965,0.0,vdem
ZWE,1966,0.0,vdem
ZWE,1967,0.0,vdem
ZWE,1968,0.0,vdem
ZWE,1969,0.0,vdem
ZWE,1970,0.0,vdem
ZWE,1971,0.0,vdem
ZWE,1972,0.0,vdem
ZWE,1973,0.0,vdem
ZWE,1974,0.0,vdem
ZWE,1975,0.0,vdem
ZWE,1976,0.0,vdem
ZWE,1977,0.0,vdem
ZWE,1978,0.0,vdem
ZWE,1979,0.0,vdem
ZWE,1980,9.0,vdem
ZWE,1981,8.0,vdem
ZWE,1982,8.0,vdem
ZWE,1983,8.0,vdem
ZWE,1984,8.0,vdem
ZWE,1985,9.0,vdem
ZWE,1986,11.0,vdem
ZWE,1987,11.0,vdem
ZWE,1988,11.0,vdem
ZWE,1989,11.0,vdem
ZWE,1990,14.0,vdem
ZWE,1991,12.0,vdem
ZWE,1992,12.0,vdem
ZWE,1993,12.0,vdem
ZWE,1994,12.0,vdem
ZWE,1995,14.7,vdem
ZWE,1996,14.7,vdem
ZWE,1997,14.7,ipu
ZWE,1998,14.7,ipu
ZWE,1999,14.0,ipu
ZWE,2000,9.3,ipu
ZWE,2001,10.0,ipu
ZWE,2002,10.0,ipu
ZWE,2003,10.0,ipu
ZWE,2004,10.0,ipu
ZWE,2005,16.0,ipu
ZWE,2006,16.7,ipu
ZWE,2007,16.0,ipu
ZWE,2008,15.2,ipu
ZWE,2009,15.0,ipu
ZWE,2010,15.0,ipu
ZWE,2011,15.0,ipu
ZWE,2012,15.0,ipu
ZWE,2013,31.5,ipu
ZWE,2014,31.5,ipu
ZWE,2015,31.5,ipu
ZWE,2016,31.5,ipu
ZWE,2017,32.6,ipu
ZWE,2018,31.5,ipu
ZWE,2019,31.9,ipu
ZWE,2020,31.9,ipu
ZWE,2021,31.9,ipu
ZWE,2022,30.6,ipu
ZWE,2023,30.7,ipu
ZWE,2024,28.1,ipu
ZWE,2025,30.1,ipu
